problem,dim,method,seed,budget,success,first_feasible,best_f,final_ncv,declared_cost,elapsed_sec
CantileverBeam,5,CMA-ES,0,400,1,8,4.428374079361706,0.0,400.0,0.0327433840011508
CantileverBeam,5,CMA-ES,1,400,1,1,6.407611023074797,0.0,400.0,0.0378524059997289
CantileverBeam,5,CMA-ES,2,400,1,1,4.217437342860523,0.0,400.0,0.0480333669984247
CantileverBeam,5,CMA-ES,3,400,1,4,4.233066389928758,0.0,400.0,0.0343488010003056
CantileverBeam,5,CMA-ES,4,400,1,2,6.817921966904744,0.0,400.0,0.0495924059996468
CantileverBeam,5,CMA-ES,5,400,1,1,5.462222971611721,0.0,400.0,0.0396524409989069
CantileverBeam,5,CMA-ES,6,400,1,1,5.232571530586288,0.0,400.0,0.1340388739990885
CantileverBeam,5,CMA-ES,7,400,1,1,5.464063571082911,0.0,400.0,0.0408184369989612
CantileverBeam,5,CMA-ES,8,400,1,1,3.548728773831716,0.0,400.0,0.0403526009995403
CantileverBeam,5,CMA-ES,9,400,1,1,6.282443731906317,0.0,400.0,0.0392472590010584
CantileverBeam,5,CMA-ES,10,400,1,1,4.632628374049269,0.0,400.0,0.0353207170010136
CantileverBeam,5,CMA-ES,11,400,1,6,5.869369419133927,0.0,400.0,0.0342307040009473
CantileverBeam,5,CMA-ES,12,400,1,3,4.426240741676994,0.0,400.0,0.0380320080003002
CantileverBeam,5,CMA-ES,13,400,1,1,4.268022568435887,0.0,400.0,0.0284224639999592
CantileverBeam,5,CMA-ES,14,400,1,1,5.564675291964287,0.0,400.0,0.0316324369996436
CantileverBeam,5,CMA-ES,15,400,1,3,3.771923841229896,0.0,400.0,0.037420218999614
CantileverBeam,5,CMA-ES,16,400,1,2,4.696465051246929,0.0,400.0,0.0376743460001307
CantileverBeam,5,CMA-ES,17,400,1,2,5.060107855898212,0.0,400.0,0.033751189999748
CantileverBeam,5,CMA-ES,18,400,1,1,5.428753316717256,0.0,400.0,0.0432760340008826
CantileverBeam,5,CMA-ES,19,400,1,1,5.020112161646034,0.0,400.0,0.0520628989997931
CantileverBeam,5,CMA-ES,20,400,1,3,4.014661694081449,0.0,400.0,0.0301666690011188
CantileverBeam,5,CMA-ES,21,400,1,1,4.349905806411338,0.0,400.0,0.0369314729996403
CantileverBeam,5,CMA-ES,22,400,1,2,3.2577728438248705,0.0,400.0,0.032162542000151
CantileverBeam,5,CMA-ES,23,400,1,1,4.393998486293391,0.0,400.0,0.037417239998831
CantileverBeam,5,CMA-ES,24,400,1,1,3.484892212119268,0.0,400.0,0.0363540159996773
CantileverBeam,5,CMA-ES,25,400,1,1,5.132726622696455,0.0,400.0,0.0254350640007032
CantileverBeam,5,CMA-ES,26,400,1,2,5.312455425328985,0.0,400.0,0.0322358379999059
CantileverBeam,5,CMA-ES,27,400,1,1,4.541656363691101,0.0,400.0,0.0346439529985218
CantileverBeam,5,CMA-ES,28,400,1,3,5.977056995203017,0.0,400.0,0.0385240260002319
CantileverBeam,5,CMA-ES,29,400,1,4,3.055987056176924,0.0,400.0,0.0341907330002868
CantileverBeam,5,DCAS-CMA,0,400,1,2,6.329743385880191,0.0,398.3645895628536,0.4056595460006065
CantileverBeam,5,DCAS-CMA,1,400,1,1,5.132675869108599,0.0,400.4159705146141,0.2430618710004637
CantileverBeam,5,DCAS-CMA,2,400,1,1,5.333888506001347,0.0,397.63557161885865,0.1963620799997443
CantileverBeam,5,DCAS-CMA,3,400,1,1,5.491522901245789,0.0,399.29483538387046,0.1789464649991714
CantileverBeam,5,DCAS-CMA,4,400,1,1,7.654670762580183,0.0,400.268747486693,0.2051301579995197
CantileverBeam,5,DCAS-CMA,5,400,1,1,5.282775084673746,0.0,402.1968350846067,0.2226297149991296
CantileverBeam,5,DCAS-CMA,6,400,1,1,7.87840381983106,0.0,398.0535843113402,0.4245565640012501
CantileverBeam,5,DCAS-CMA,7,400,1,1,4.506665407482921,0.0,398.1698345561229,0.4278991389983275
CantileverBeam,5,DCAS-CMA,8,400,1,1,5.048565727171299,0.0,399.1312633909457,0.3881119039997429
CantileverBeam,5,DCAS-CMA,9,400,1,1,6.355366073550235,0.0,400.5018356253077,0.3863271830014128
CantileverBeam,5,DCAS-CMA,10,400,1,1,5.067243867450534,0.0,402.2898629557975,0.3913451629996416
CantileverBeam,5,DCAS-CMA,11,400,1,1,5.055384906515744,0.0,401.9173245276813,0.4196107879997726
CantileverBeam,5,DCAS-CMA,12,400,1,1,4.926189416133205,0.0,403.78221884972913,0.4390486300017073
CantileverBeam,5,DCAS-CMA,13,400,1,1,6.301403844032333,0.0,399.8425024480848,0.4352602460003254
CantileverBeam,5,DCAS-CMA,14,400,1,1,4.17786209730692,0.0,401.3219155609488,0.3923502529996767
CantileverBeam,5,DCAS-CMA,15,400,1,1,4.37148727145739,0.0,398.45816028452896,0.4152802740009065
CantileverBeam,5,DCAS-CMA,16,400,1,1,4.148466647816441,0.0,399.7690753909209,0.3372470199992676
CantileverBeam,5,DCAS-CMA,17,400,1,1,5.982567292456145,0.0,402.1566393579959,0.3689693579999584
CantileverBeam,5,DCAS-CMA,18,400,1,1,3.032944137013319,0.0,398.8986401553151,0.3455639499989047
CantileverBeam,5,DCAS-CMA,19,400,1,1,3.740647447963807,0.0,398.2565649903149,0.3243268820006051
CantileverBeam,5,DCAS-CMA,20,400,1,1,3.0305339820091555,0.0,398.8268777603429,0.3490419190002285
CantileverBeam,5,DCAS-CMA,21,400,1,1,5.506078738913896,0.0,399.9845346972014,0.1738127309999981
CantileverBeam,5,DCAS-CMA,22,400,1,1,4.326041161350359,0.0,400.60221111270647,0.1695502279999345
CantileverBeam,5,DCAS-CMA,23,400,1,1,5.30714310188741,0.0,399.3429138525456,0.1728834200002893
CantileverBeam,5,DCAS-CMA,24,400,1,1,6.043681536388691,0.0,402.0237015828827,0.1761914260005141
CantileverBeam,5,DCAS-CMA,25,400,1,2,5.564031486363615,0.0,398.2571444344722,0.1953536999990319
CantileverBeam,5,DCAS-CMA,26,400,1,1,5.769533459635209,0.0,398.731350491824,0.3109656750002614
CantileverBeam,5,DCAS-CMA,27,400,1,1,5.049503428978703,0.0,399.1927161339988,0.3851977769991208
CantileverBeam,5,DCAS-CMA,28,400,1,1,4.672474254035344,0.0,397.2458654112485,0.4004944529988279
CantileverBeam,5,DCAS-CMA,29,400,1,1,4.994048787132517,0.0,399.45523869710127,0.383510824998666
CantileverBeam,5,DCAS-DE,0,400,1,2,2.0843023106650898,0.0,394.862528410627,0.3972918060007941
CantileverBeam,5,DCAS-DE,1,400,1,1,2.938077041579546,0.0,397.33461401778425,0.3444067139989784
CantileverBeam,5,DCAS-DE,2,400,1,1,2.7068829709052378,0.0,398.1060464346084,0.1809028540010331
CantileverBeam,5,DCAS-DE,3,400,1,1,2.828413579220754,0.0,393.5274238131065,0.1783854440000141
CantileverBeam,5,DCAS-DE,4,400,1,1,4.4024334180429054,0.0,397.5826496573413,0.1908162680010718
CantileverBeam,5,DCAS-DE,5,400,1,1,2.597175612232184,0.0,398.1720623331077,0.1903527890008263
CantileverBeam,5,DCAS-DE,6,400,1,1,2.461295546930176,0.0,395.9857375172553,0.3180646500004513
CantileverBeam,5,DCAS-DE,7,400,1,1,2.688754391331631,0.0,397.6957233868372,0.4179696470000635
CantileverBeam,5,DCAS-DE,8,400,1,1,1.972341983977865,0.0,395.7548218880375,0.3684868860000279
CantileverBeam,5,DCAS-DE,9,400,1,1,4.166359236144803,0.0,402.0134589503173,0.3702821799997764
CantileverBeam,5,DCAS-DE,10,400,1,1,2.48828604563594,0.0,397.95899715500735,0.3595977050008514
CantileverBeam,5,DCAS-DE,11,400,1,1,3.0972020309318062,0.0,395.3175749606916,0.194400858001245
CantileverBeam,5,DCAS-DE,12,400,1,1,3.472545811505516,0.0,402.5420328785111,0.1786222629998519
CantileverBeam,5,DCAS-DE,13,400,1,1,3.4439226869418302,0.0,399.3324202540532,0.173749546000181
CantileverBeam,5,DCAS-DE,14,400,1,1,2.634866532441282,0.0,399.8015703863757,0.1947000059990387
CantileverBeam,5,DCAS-DE,15,400,1,1,3.728639334712847,0.0,396.070229487092,0.1791045459995075
CantileverBeam,5,DCAS-DE,16,400,1,1,2.861249291464847,0.0,396.0343637888704,0.1852707369998825
CantileverBeam,5,DCAS-DE,17,400,1,1,2.619996919164859,0.0,396.0239299129159,0.1817455380005412
CantileverBeam,5,DCAS-DE,18,400,1,1,2.048267299535854,0.0,403.7468510455269,0.2375638079993223
CantileverBeam,5,DCAS-DE,19,400,1,1,2.317415123879188,0.0,402.9816930515179,0.8616593419992569
CantileverBeam,5,DCAS-DE,20,400,1,1,1.9553464251114097,0.0,397.2625486756807,0.5362385699991137
CantileverBeam,5,DCAS-DE,21,400,1,1,2.4333371087802225,0.0,396.4174236157536,0.6236936830009654
CantileverBeam,5,DCAS-DE,22,400,1,1,2.1056799413351217,0.0,398.4474043924754,0.391688060000888
CantileverBeam,5,DCAS-DE,23,400,1,1,2.286772824165048,0.0,396.3689421171374,0.3461712890002673
CantileverBeam,5,DCAS-DE,24,400,1,1,2.186375499395833,0.0,397.6712233397203,0.1944788260007044
CantileverBeam,5,DCAS-DE,25,400,1,2,2.681689115220038,0.0,395.175677755828,0.1902235959987592
CantileverBeam,5,DCAS-DE,26,400,1,1,4.199858104335696,0.0,395.1992798371034,0.1929726750004192
CantileverBeam,5,DCAS-DE,27,400,1,1,2.637896753063996,0.0,399.4112009337134,0.1830437000007805
CantileverBeam,5,DCAS-DE,28,400,1,1,3.762996642390588,0.0,401.17008728587865,0.177382268000656
CantileverBeam,5,DCAS-DE,29,400,1,1,4.01101276818278,0.0,397.0981577477248,0.1905747529999644
CantileverBeam,5,DCAS-PSO,0,400,1,2,2.8348511473475546,0.0,391.3645578976322,0.2102887769997323
CantileverBeam,5,DCAS-PSO,1,400,1,1,2.328153548320317,0.0,391.4473088387258,0.2595095119995676
CantileverBeam,5,DCAS-PSO,2,400,1,1,3.529652944155357,0.0,393.8202876486723,0.1932579650001571
CantileverBeam,5,DCAS-PSO,3,400,1,1,2.122169352988112,0.0,388.7842762547463,0.3840131429988105
CantileverBeam,5,DCAS-PSO,4,400,1,1,2.8633353103112777,0.0,392.08868634385766,0.4288660879992676
CantileverBeam,5,DCAS-PSO,5,400,1,1,2.308545190978122,0.0,391.4913138835231,0.4078402039995126
CantileverBeam,5,DCAS-PSO,6,400,1,1,3.40870817655802,0.0,390.91050450753465,0.4187060700005531
CantileverBeam,5,DCAS-PSO,7,400,1,1,2.316360778935312,0.0,393.3873166220922,0.316931105000549
CantileverBeam,5,DCAS-PSO,8,400,1,1,3.897196653273636,0.0,392.1485371485733,0.2063043189991731
CantileverBeam,5,DCAS-PSO,9,400,1,1,4.03566932870491,0.0,390.7631958410243,0.2063800639989494
CantileverBeam,5,DCAS-PSO,10,400,1,1,2.2811969544937343,0.0,392.3701048956888,0.1995879400001285
CantileverBeam,5,DCAS-PSO,11,400,1,1,2.04442186733892,0.0,392.0875230577716,0.2245512230001622
CantileverBeam,5,DCAS-PSO,12,400,1,1,2.1461523545793098,0.0,391.3893197094512,0.417917621000015
CantileverBeam,5,DCAS-PSO,13,400,1,1,2.6185993710417965,0.0,393.3632009459577,0.7296243609998783
CantileverBeam,5,DCAS-PSO,14,400,1,1,2.120445322635257,0.0,392.1638719778828,1.410862343998815
CantileverBeam,5,DCAS-PSO,15,400,1,1,2.2223256975593166,0.0,393.993381537674,0.6850769660013611
CantileverBeam,5,DCAS-PSO,16,400,1,1,3.5682098081247835,0.0,392.90707284874543,0.5051937410007667
CantileverBeam,5,DCAS-PSO,17,400,1,1,2.3441140132495573,0.0,393.08611768865615,0.5247908500004996
CantileverBeam,5,DCAS-PSO,18,400,1,1,2.7882272037328115,0.0,389.50934659655735,0.4002821710000717
CantileverBeam,5,DCAS-PSO,19,400,1,1,2.141876085051179,0.0,391.96657086407765,0.9480262329998368
CantileverBeam,5,DCAS-PSO,20,400,1,1,1.7678272359119422,0.0,392.15456724090507,0.5234955040014029
CantileverBeam,5,DCAS-PSO,21,400,1,1,2.1590041370442816,0.0,390.77132499002937,0.4329439069988439
CantileverBeam,5,DCAS-PSO,22,400,1,1,2.3556183220560265,0.0,389.7090747205479,0.3612328349991003
CantileverBeam,5,DCAS-PSO,23,400,1,1,2.7604491795553368,0.0,392.0818928254272,0.2019248330016125
CantileverBeam,5,DCAS-PSO,24,400,1,1,2.248221378231794,0.0,391.45564806531627,0.2034073949998855
CantileverBeam,5,DCAS-PSO,25,400,1,2,2.225344425137016,0.0,389.92980631713897,0.1950084879990754
CantileverBeam,5,DCAS-PSO,26,400,1,1,2.1985964519618584,0.0,391.9559506249022,0.1968995239985815
CantileverBeam,5,DCAS-PSO,27,400,1,1,4.458058084732842,0.0,390.5473500702701,0.4126192350013298
CantileverBeam,5,DCAS-PSO,28,400,1,1,2.537029746014234,0.0,392.0732031149038,0.4446726419992046
CantileverBeam,5,DCAS-PSO,29,400,1,1,1.8587854447909156,0.0,391.4404852345695,0.4316907140000694
CantileverBeam,5,JADE-NCV,0,400,1,2,4.317274735868483,0.0,400.0,0.0286122769994108
CantileverBeam,5,JADE-NCV,1,400,1,1,4.824460716353739,0.0,400.0,0.0278581960010342
CantileverBeam,5,JADE-NCV,2,400,1,1,4.810695909509698,0.0,400.0,0.0275048659987078
CantileverBeam,5,JADE-NCV,3,400,1,1,5.548500860397243,0.0,400.0,0.034102908000932
CantileverBeam,5,JADE-NCV,4,400,1,1,5.5569026672705775,0.0,400.0,0.0310680849997879
CantileverBeam,5,JADE-NCV,5,400,1,1,3.5295358090131823,0.0,400.0,0.0309368110010836
CantileverBeam,5,JADE-NCV,6,400,1,1,3.9381794614640313,0.0,400.0,0.0380279509990941
CantileverBeam,5,JADE-NCV,7,400,1,1,3.2373293104664462,0.0,400.0,0.0290157010003895
CantileverBeam,5,JADE-NCV,8,400,1,1,2.613505675179677,0.0,400.0,0.0314046649982628
CantileverBeam,5,JADE-NCV,9,400,1,1,3.752654610449002,0.0,400.0,0.0333612869999342
CantileverBeam,5,JADE-NCV,10,400,1,1,3.1409736118254195,0.0,400.0,0.0275099490008869
CantileverBeam,5,JADE-NCV,11,400,1,1,4.893501393254606,0.0,400.0,0.0304253559988865
CantileverBeam,5,JADE-NCV,12,400,1,1,3.4723097438916084,0.0,400.0,0.0336028660003648
CantileverBeam,5,JADE-NCV,13,400,1,1,3.8414863647655673,0.0,400.0,0.0293090180002764
CantileverBeam,5,JADE-NCV,14,400,1,1,4.197022026203985,0.0,400.0,0.0286971160003304
CantileverBeam,5,JADE-NCV,15,400,1,1,3.4391276265151896,0.0,400.0,0.0302508759996271
CantileverBeam,5,JADE-NCV,16,400,1,1,4.748442350171213,0.0,400.0,0.0304089239998575
CantileverBeam,5,JADE-NCV,17,400,1,1,4.478169833447013,0.0,400.0,0.0277299640001729
CantileverBeam,5,JADE-NCV,18,400,1,1,2.679738314262572,0.0,400.0,0.0308273660011764
CantileverBeam,5,JADE-NCV,19,400,1,1,3.9175771102923407,0.0,400.0,0.0312609659995359
CantileverBeam,5,JADE-NCV,20,400,1,1,3.790668267380196,0.0,400.0,0.0289568990010593
CantileverBeam,5,JADE-NCV,21,400,1,1,3.7911333711990656,0.0,400.0,0.0285656139985803
CantileverBeam,5,JADE-NCV,22,400,1,1,4.061732945881272,0.0,400.0,0.0311382260006212
CantileverBeam,5,JADE-NCV,23,400,1,1,3.7266932485393207,0.0,400.0,0.0295768630003294
CantileverBeam,5,JADE-NCV,24,400,1,1,2.8655679798371416,0.0,400.0,0.0289281059995119
CantileverBeam,5,JADE-NCV,25,400,1,2,4.031439986280277,0.0,400.0,0.0291213619984773
CantileverBeam,5,JADE-NCV,26,400,1,1,4.03247344921248,0.0,400.0,0.0304450130006443
CantileverBeam,5,JADE-NCV,27,400,1,1,4.210277018450113,0.0,400.0,0.049628639999355
CantileverBeam,5,JADE-NCV,28,400,1,1,5.832403608341279,0.0,400.0,0.0572262820005562
CantileverBeam,5,JADE-NCV,29,400,1,1,4.948994885649601,0.0,400.0,0.0730977639996126
CantileverBeam,5,PSO,0,400,1,2,2.5014899452205266,0.0,400.0,0.0229506639989267
CantileverBeam,5,PSO,1,400,1,1,2.603634091704349,0.0,400.0,0.0269752050007809
CantileverBeam,5,PSO,2,400,1,1,2.2178135681708016,0.0,400.0,0.0238746200011519
CantileverBeam,5,PSO,3,400,1,1,1.5980671703405205,0.0,400.0,0.0403785599992261
CantileverBeam,5,PSO,4,400,1,1,3.16165830786939,0.0,400.0,0.0278393169992341
CantileverBeam,5,PSO,5,400,1,1,2.1065607662074197,0.0,400.0,0.0243759549994138
CantileverBeam,5,PSO,6,400,1,1,4.169026916486105,0.0,400.0,0.0394611929987149
CantileverBeam,5,PSO,7,400,1,1,2.2678623314743658,0.0,400.0,0.0289406249994499
CantileverBeam,5,PSO,8,400,1,1,3.820645421371255,0.0,400.0,0.0149078529993857
CantileverBeam,5,PSO,9,400,1,1,2.417088594139323,0.0,400.0,0.0372422010004811
CantileverBeam,5,PSO,10,400,1,1,2.210231197304132,0.0,400.0,0.0258309469991218
CantileverBeam,5,PSO,11,400,1,1,2.834228445296013,0.0,400.0,0.0295485050010029
CantileverBeam,5,PSO,12,400,1,1,2.6463161477214068,0.0,400.0,0.0221345459995063
CantileverBeam,5,PSO,13,400,1,1,3.1594644860610157,0.0,400.0,0.0267512979989987
CantileverBeam,5,PSO,14,400,1,1,3.2807180353506675,0.0,400.0,0.0152904779988602
CantileverBeam,5,PSO,15,400,1,1,2.239543653599167,0.0,400.0,0.0175263780001841
CantileverBeam,5,PSO,16,400,1,1,2.6923115055337523,0.0,400.0,0.0287689939996198
CantileverBeam,5,PSO,17,400,1,1,2.1295771116053936,0.0,400.0,0.015117150000151
CantileverBeam,5,PSO,18,400,1,1,1.8600026285039268,0.0,400.0,0.018767908000882
CantileverBeam,5,PSO,19,400,1,1,2.457030976196229,0.0,400.0,0.0163036820013076
CantileverBeam,5,PSO,20,400,1,1,2.373196839466641,0.0,400.0,0.0164004929993097
CantileverBeam,5,PSO,21,400,1,1,2.1769762250648554,0.0,400.0,0.015391847000501
CantileverBeam,5,PSO,22,400,1,1,1.9316197013895509,0.0,400.0,0.0137029829984385
CantileverBeam,5,PSO,23,400,1,1,2.982604632707394,0.0,400.0,0.0137668080005823
CantileverBeam,5,PSO,24,400,1,1,3.2863379509536306,0.0,400.0,0.018906817998868
CantileverBeam,5,PSO,25,400,1,2,2.217072493516099,0.0,400.0,0.0164697590007563
CantileverBeam,5,PSO,26,400,1,1,2.18478596513442,0.0,400.0,0.0158331210004689
CantileverBeam,5,PSO,27,400,1,1,3.127379076705496,0.0,400.0,0.0167362020001746
CantileverBeam,5,PSO,28,400,1,1,2.6291836669039355,0.0,400.0,0.0189848090012674
CantileverBeam,5,PSO,29,400,1,1,2.54399887130321,0.0,400.0,0.0172985529989091
G06,2,CMA-ES,0,400,1,269,-6036.451031417511,0.0,400.0,0.0301986260001285
G06,2,CMA-ES,1,400,1,282,-6723.953301479672,0.0,400.0,0.0330802469998161
G06,2,CMA-ES,2,400,1,147,-6368.941422148307,0.0,400.0,0.0283234380003705
G06,2,CMA-ES,3,400,1,180,-5882.8399170333805,0.0,400.0,0.0259555580014421
G06,2,CMA-ES,4,400,1,248,-6417.385602573986,0.0,400.0,0.0268726479989709
G06,2,CMA-ES,5,400,1,368,-5991.965123913671,0.0,400.0,0.0293369609989895
G06,2,CMA-ES,6,400,1,386,-4760.389139275828,0.0,400.0,0.0305851479988632
G06,2,CMA-ES,7,400,0,401,inf,0.0018872224578247,400.0,0.0236262039998109
G06,2,CMA-ES,8,400,0,401,inf,0.0016281647408639,400.0,0.0291048449998925
G06,2,CMA-ES,9,400,1,216,-5679.391572027903,0.0,400.0,0.0363092169991432
G06,2,CMA-ES,10,400,1,389,-5550.815198058845,0.0,400.0,0.0269223049999709
G06,2,CMA-ES,11,400,1,281,-6273.562671536104,0.0,400.0,0.0263225680009782
G06,2,CMA-ES,12,400,1,291,-5229.3019131040965,0.0,400.0,0.0263335569998162
G06,2,CMA-ES,13,400,1,267,-6388.185527343426,0.0,400.0,0.0203488409988494
G06,2,CMA-ES,14,400,1,326,-6248.685381093128,0.0,400.0,0.0318578870010242
G06,2,CMA-ES,15,400,1,259,-4358.529299549408,0.0,400.0,0.0244674419991497
G06,2,CMA-ES,16,400,1,392,-6533.0818946005,0.0,400.0,0.0325655239994375
G06,2,CMA-ES,17,400,1,314,-2481.9675521431327,0.0,400.0,0.0204740370008948
G06,2,CMA-ES,18,400,1,320,-6607.616382904856,0.0,400.0,0.0552676560000691
G06,2,CMA-ES,19,400,1,299,-5694.10525065226,0.0,400.0,0.0293706520005798
G06,2,CMA-ES,20,400,1,201,-5996.368349229474,0.0,400.0,0.0339346339987969
G06,2,CMA-ES,21,400,1,217,-5016.051683658813,0.0,400.0,0.0300274580004042
G06,2,CMA-ES,22,400,1,215,-5789.278289948922,0.0,400.0,0.0406614759995136
G06,2,CMA-ES,23,400,1,281,-5975.627434121299,0.0,400.0,0.0269342659994435
G06,2,CMA-ES,24,400,1,282,-6493.343702800378,0.0,400.0,0.0154782839999825
G06,2,CMA-ES,25,400,1,209,-5530.585537479128,0.0,400.0,0.0134355849986604
G06,2,CMA-ES,26,400,1,202,-5292.898999089248,0.0,400.0,0.0141331350005202
G06,2,CMA-ES,27,400,1,170,-5793.94733524857,0.0,400.0,0.0146970400001009
G06,2,CMA-ES,28,400,1,239,-3210.6334209847205,0.0,400.0,0.015272176999133
G06,2,CMA-ES,29,400,1,221,-6494.490237898677,0.0,400.0,0.0135861910002859
G06,2,DCAS-CMA,0,400,1,250,-5245.499153048281,0.0,398.8032983120705,0.0707601209996937
G06,2,DCAS-CMA,1,400,1,368,-3210.320287652827,0.0,394.8243988395658,0.0624272229997586
G06,2,DCAS-CMA,2,400,1,286,-4474.685681840071,0.0,394.8616804386456,0.0650884539991238
G06,2,DCAS-CMA,3,400,1,289,-3662.185291714014,0.0,394.6702160105148,0.0683223710002494
G06,2,DCAS-CMA,4,400,0,401,inf,0.0025435794962039,396.2431228811294,0.0581786180009658
G06,2,DCAS-CMA,5,400,0,401,inf,0.6247614380771834,400.9899638874364,0.0632421250011248
G06,2,DCAS-CMA,6,400,0,401,inf,0.0063335059304188,395.11441685616296,0.058319545998529
G06,2,DCAS-CMA,7,400,0,401,inf,0.0016919364201645,395.5994772475637,0.0686523269996541
G06,2,DCAS-CMA,8,400,1,392,-1633.90962212595,0.0,394.2359079812229,0.064364623000074
G06,2,DCAS-CMA,9,400,1,217,-2822.567670178859,0.0,391.8659738467468,0.0680959740002435
G06,2,DCAS-CMA,10,400,0,401,inf,0.2774193044521685,397.1462087912448,0.0726954220008337
G06,2,DCAS-CMA,11,400,1,254,-3005.815499381661,0.0,394.478520652137,0.0746798869986378
G06,2,DCAS-CMA,12,400,1,378,-1646.780231531301,0.0,397.9496092698974,0.1175658730007853
G06,2,DCAS-CMA,13,400,0,401,inf,0.0155430147378588,399.873970866294,0.1598090110001067
G06,2,DCAS-CMA,14,400,0,401,inf,0.0014237690642258,396.7966085488214,0.1334423719999904
G06,2,DCAS-CMA,15,400,1,386,-2078.157247884014,0.0,389.7514915670744,0.1428475199991226
G06,2,DCAS-CMA,16,400,1,395,-1573.8760237206127,0.0,397.9121400353892,0.1450693830011005
G06,2,DCAS-CMA,17,400,0,401,inf,0.0074749206595544,393.620572170769,0.1364772430006269
G06,2,DCAS-CMA,18,400,1,191,-2800.860822027165,0.0,390.6947151327303,0.1734824809991551
G06,2,DCAS-CMA,19,400,1,244,-3226.8544156214543,0.0,394.8263878185312,0.1766173119995073
G06,2,DCAS-CMA,20,400,1,297,-3581.074001578356,0.0,394.5476959189672,0.164854008000475
G06,2,DCAS-CMA,21,400,1,329,-2318.987071759653,0.0,392.834630808465,0.1333262389998708
G06,2,DCAS-CMA,22,400,0,401,inf,0.00221765039808,396.3826253327499,0.1202228430011018
G06,2,DCAS-CMA,23,400,1,355,-1501.8568907334425,0.0,390.96981182427646,0.1586249800002406
G06,2,DCAS-CMA,24,400,1,258,-1578.0202116519338,0.0,393.6421422439551,0.1526845070002309
G06,2,DCAS-CMA,25,400,1,239,-3613.694508463838,0.0,390.5008970115898,0.1343767649996152
G06,2,DCAS-CMA,26,400,1,297,-3727.6454682971134,0.0,399.56609927928287,0.078523177999159
G06,2,DCAS-CMA,27,400,0,401,inf,0.0011466583040792,396.38878542764064,0.0666453189987805
G06,2,DCAS-CMA,28,400,1,358,-2098.749664460122,0.0,396.0882987402101,0.0710221110002748
G06,2,DCAS-CMA,29,400,1,370,-2330.63643079609,0.0,394.48418724660473,0.0839061999995465
G06,2,DCAS-DE,0,400,1,331,-5890.366841885637,0.0,381.2759044632305,0.353051926000262
G06,2,DCAS-DE,1,400,1,339,-4508.755346441913,0.0,382.18136234916335,0.6121504929997172
G06,2,DCAS-DE,2,400,1,391,-5892.332104386469,0.0,383.4679927115511,0.5551166750010452
G06,2,DCAS-DE,3,400,0,401,inf,0.0111126995742159,382.26687378624894,0.2707768149994081
G06,2,DCAS-DE,4,400,0,401,inf,0.0099456944245016,383.588271561325,0.1925004329987132
G06,2,DCAS-DE,5,400,0,401,inf,0.004476890069783,383.4312658563056,0.2618583679995936
G06,2,DCAS-DE,6,400,1,278,-6262.397402414937,0.0,380.8342780772088,0.295676239000386
G06,2,DCAS-DE,7,400,1,373,-5291.745166900247,0.0,382.8155278225869,0.2804095089995826
G06,2,DCAS-DE,8,400,1,362,-6560.717864284065,0.0,380.2641359048045,0.2084502739999152
G06,2,DCAS-DE,9,400,1,264,-3375.411740443521,0.0,382.0758477569319,0.3454454610000539
G06,2,DCAS-DE,10,400,0,401,inf,0.0021450670410854,383.26614223809344,0.2744633750007779
G06,2,DCAS-DE,11,400,1,155,-4081.769070224292,0.0,379.7415219895196,0.3260549450005783
G06,2,DCAS-DE,12,400,0,401,inf,0.0011891049287781,382.1921224016663,0.1424943590009206
G06,2,DCAS-DE,13,400,1,288,-6515.66747786114,0.0,381.83316573596994,0.1142903630006912
G06,2,DCAS-DE,14,400,0,401,inf,0.0068515944568354,382.0709392372779,0.1039075320004485
G06,2,DCAS-DE,15,400,1,262,-4414.049765386363,0.0,380.5711469556869,0.109887851998792
G06,2,DCAS-DE,16,400,1,150,-6423.780622886387,0.0,380.0351992642456,0.1623367770007462
G06,2,DCAS-DE,17,400,1,309,-4682.55291269591,0.0,380.81206793665,0.1446874080011184
G06,2,DCAS-DE,18,400,1,263,-6161.8926273865,0.0,382.30579698850863,0.0889386809994903
G06,2,DCAS-DE,19,400,1,288,-5617.399044777633,0.0,380.3276358857442,0.1825853350001125
G06,2,DCAS-DE,20,400,0,401,inf,0.0023084399718503,382.6158240103069,0.1889620300007664
G06,2,DCAS-DE,21,400,1,249,-3660.47024193752,0.0,381.03188207586095,0.1920747210006084
G06,2,DCAS-DE,22,400,1,300,-6244.839909019639,0.0,381.6129041762047,0.2060789899987867
G06,2,DCAS-DE,23,400,1,341,-4542.864469074923,0.0,380.9637413850833,0.3955947710001055
G06,2,DCAS-DE,24,400,0,401,inf,0.0044305377351035,383.52732342986326,0.2331940259991824
G06,2,DCAS-DE,25,400,1,382,-6606.967497146056,0.0,385.0352876608343,0.1610432079996826
G06,2,DCAS-DE,26,400,1,274,-5385.514347492433,0.0,382.2715803904403,0.294136829999843
G06,2,DCAS-DE,27,400,1,107,-5705.628412734891,0.0,380.5477273427902,0.3171231640008045
G06,2,DCAS-DE,28,400,0,401,inf,0.0227242863464297,384.4538805647754,0.2251114919999963
G06,2,DCAS-DE,29,400,0,401,inf,0.0015563537601157,382.3372147515532,0.1736474159988574
G06,2,DCAS-PSO,0,400,0,401,inf,0.0099926591671376,379.5199392596632,0.162828761000128
G06,2,DCAS-PSO,1,400,1,151,-2987.847954891705,0.0,381.85708677684056,0.2114532690011401
G06,2,DCAS-PSO,2,400,0,401,inf,0.036924474635246,378.7867891890221,0.1679655870011629
G06,2,DCAS-PSO,3,400,0,401,inf,0.0221647537390046,383.5061003003418,0.1850128019996191
G06,2,DCAS-PSO,4,400,0,401,inf,0.0068604188876339,381.24439326500647,0.1654399309991276
G06,2,DCAS-PSO,5,400,0,401,inf,0.0142117577343661,384.21487308350027,0.1754186449998087
G06,2,DCAS-PSO,6,400,0,401,inf,0.0098395572887149,381.7300536195464,0.1671261260016763
G06,2,DCAS-PSO,7,400,0,401,inf,0.0258823102518561,384.6494770097276,0.1907011950006563
G06,2,DCAS-PSO,8,400,0,401,inf,0.003244382866243,384.77346646995153,0.1639022350009327
G06,2,DCAS-PSO,9,400,0,401,inf,0.022380770564088,384.0787385480529,0.1780571369999961
G06,2,DCAS-PSO,10,400,0,401,inf,0.0100899543634846,381.1654672832975,0.1600578690013208
G06,2,DCAS-PSO,11,400,0,401,inf,0.007518525256561,381.1160338909664,0.1928182949995971
G06,2,DCAS-PSO,12,400,0,401,inf,0.0099781231521846,382.2155096168422,0.2594157780004025
G06,2,DCAS-PSO,13,400,0,401,inf,0.0103695885948169,387.6126530797615,0.1773422490005032
G06,2,DCAS-PSO,14,400,0,401,inf,0.0101519208101865,379.9124217074544,0.1726063639998756
G06,2,DCAS-PSO,15,400,0,401,inf,0.0102567516075606,381.60763324826553,0.1758422059992881
G06,2,DCAS-PSO,16,400,0,401,inf,0.0100047703984982,379.2038862473895,0.1634586749987647
G06,2,DCAS-PSO,17,400,0,401,inf,0.0178765588935608,379.98040281493866,0.1849759279994032
G06,2,DCAS-PSO,18,400,0,401,inf,0.0100662567502198,384.7303366633092,0.1162572949997411
G06,2,DCAS-PSO,19,400,0,401,inf,0.0100093764281183,387.0052062007955,0.0807063890006247
G06,2,DCAS-PSO,20,400,0,401,inf,0.0100300817125907,378.7957135429768,0.0784778500001266
G06,2,DCAS-PSO,21,400,0,401,inf,0.0052045099283841,382.5254542338518,0.0758152489997883
G06,2,DCAS-PSO,22,400,0,401,inf,0.0230563900869308,386.5980490043577,0.0791751409997232
G06,2,DCAS-PSO,23,400,0,401,inf,0.0101411124857536,384.8488068901263,0.0786715739995997
G06,2,DCAS-PSO,24,400,0,401,inf,0.0100149411808441,377.7273088221196,0.0725175170009606
G06,2,DCAS-PSO,25,400,0,401,inf,0.0179902311888219,379.96972774474574,0.076238616999035
G06,2,DCAS-PSO,26,400,1,306,-5467.213626601711,0.0,378.8526436860232,0.0774076390007394
G06,2,DCAS-PSO,27,400,0,401,inf,0.0218872728965652,383.7144546945274,0.0743318269996962
G06,2,DCAS-PSO,28,400,0,401,inf,0.0230083694023765,387.6417831380256,0.0751419930002157
G06,2,DCAS-PSO,29,400,1,142,-3581.4431781436715,0.0,378.96995568570617,0.0904725089985731
G06,2,JADE-NCV,0,400,1,242,-5114.875307212329,0.0,400.0,0.0605955739993078
G06,2,JADE-NCV,1,400,0,401,inf,0.0033632900094412,400.0,0.0717065680000814
G06,2,JADE-NCV,2,400,1,338,-1697.230003215417,0.0,400.0,0.063941282000087
G06,2,JADE-NCV,3,400,1,376,-4081.596899806285,0.0,400.0,0.0570580559997324
G06,2,JADE-NCV,4,400,0,401,inf,0.0050848149846433,400.0,0.0507060480013024
G06,2,JADE-NCV,5,400,1,282,-2910.168729422396,0.0,400.0,0.038676514999679
G06,2,JADE-NCV,6,400,0,401,inf,0.010101564009523,400.0,0.0339032749998295
G06,2,JADE-NCV,7,400,1,366,-3126.6847417393474,0.0,400.0,0.032136736999746
G06,2,JADE-NCV,8,400,1,365,-1388.208195481737,0.0,400.0,0.0300484529998357
G06,2,JADE-NCV,9,400,0,401,inf,0.0082144063274513,400.0,0.0322751439998683
G06,2,JADE-NCV,10,400,1,316,-5231.2920574531445,0.0,400.0,0.0319588389993441
G06,2,JADE-NCV,11,400,0,401,inf,0.0010417177041104,400.0,0.0291746579987375
G06,2,JADE-NCV,12,400,1,395,-2731.867366862204,0.0,400.0,0.0279002110000874
G06,2,JADE-NCV,13,400,0,401,inf,0.0156025759162248,400.0,0.0298594750001939
G06,2,JADE-NCV,14,400,1,313,-5072.4711417293365,0.0,400.0,0.0269371260001207
G06,2,JADE-NCV,15,400,0,401,inf,0.0013192447578864,400.0,0.0297162440001557
G06,2,JADE-NCV,16,400,0,401,inf,0.0045188214025606,400.0,0.0766580590006924
G06,2,JADE-NCV,17,400,1,321,-4303.878623141828,0.0,400.0,0.0646734019992436
G06,2,JADE-NCV,18,400,1,378,-5073.394531434165,0.0,400.0,0.0697499750003771
G06,2,JADE-NCV,19,400,1,300,-4563.056516761814,0.0,400.0,0.0733078650009702
G06,2,JADE-NCV,20,400,0,401,inf,0.0102897378788516,400.0,0.0874317830002837
G06,2,JADE-NCV,21,400,0,401,inf,0.0104858418086445,400.0,0.0588912449984491
G06,2,JADE-NCV,22,400,0,401,inf,0.0012858081935118,400.0,0.0670944610010337
G06,2,JADE-NCV,23,400,0,401,inf,0.0118546442474851,400.0,0.0630879729997104
G06,2,JADE-NCV,24,400,0,401,inf,0.0030902738429251,400.0,0.079300172999865
G06,2,JADE-NCV,25,400,0,401,inf,0.0037163442272726,400.0,0.0692135040007997
G06,2,JADE-NCV,26,400,1,391,-4977.946661038394,0.0,400.0,0.0606537100011337
G06,2,JADE-NCV,27,400,1,285,-2608.178714160208,0.0,400.0,0.0645298740000726
G06,2,JADE-NCV,28,400,0,401,inf,0.0038107279134182,400.0,0.0610049570004775
G06,2,JADE-NCV,29,400,1,317,-5441.232140584412,0.0,400.0,0.0650205630008713
G06,2,PSO,0,400,0,401,inf,0.0173115129874227,400.0,0.0239157920004799
G06,2,PSO,1,400,0,401,inf,0.02385115632874,400.0,0.0177353359995322
G06,2,PSO,2,400,0,401,inf,0.0219122731368178,400.0,0.0266742280000471
G06,2,PSO,3,400,0,401,inf,0.024440642721412,400.0,0.0236663859996042
G06,2,PSO,4,400,0,401,inf,0.0102651864836726,400.0,0.0152780910011642
G06,2,PSO,5,400,0,401,inf,0.0223884372877648,400.0,0.0251258759999473
G06,2,PSO,6,400,0,401,inf,0.0100924241778447,400.0,0.0170669060007639
G06,2,PSO,7,400,0,401,inf,0.0100596826920251,400.0,0.0129930669991153
G06,2,PSO,8,400,0,401,inf,0.0239576962970131,400.0,0.0133972909989097
G06,2,PSO,9,400,0,401,inf,0.0103811530544825,400.0,0.014660458000435
G06,2,PSO,10,400,0,401,inf,0.0220918515751636,400.0,0.0132193219997134
G06,2,PSO,11,400,0,401,inf,0.0103262773739833,400.0,0.0120883270010381
G06,2,PSO,12,400,0,401,inf,0.0100687035753263,400.0,0.0147646409986919
G06,2,PSO,13,400,0,401,inf,0.0145172046841474,400.0,0.0125974399998085
G06,2,PSO,14,400,0,401,inf,0.0092026263844964,400.0,0.0124984799986123
G06,2,PSO,15,400,0,401,inf,0.0234595974989582,400.0,0.0115904320009576
G06,2,PSO,16,400,0,401,inf,0.0064261726976679,400.0,0.0123653829996328
G06,2,PSO,17,400,0,401,inf,0.0101209603243164,400.0,0.0143170499995903
G06,2,PSO,18,400,0,401,inf,0.0175402381287292,400.0,0.0133236790006776
G06,2,PSO,19,400,0,401,inf,0.0101474461483856,400.0,0.0138734579995798
G06,2,PSO,20,400,0,401,inf,0.0098442690399359,400.0,0.0143262419987877
G06,2,PSO,21,400,1,140,-2925.374270204716,0.0,400.0,0.0136003219995473
G06,2,PSO,22,400,0,401,inf,0.0313772388145704,400.0,0.0121473240014893
G06,2,PSO,23,400,0,401,inf,0.02448755003263,400.0,0.0116526580004574
G06,2,PSO,24,400,0,401,inf,0.0099149462606318,400.0,0.0131667509995168
G06,2,PSO,25,400,0,401,inf,0.0098811003684996,400.0,0.0135443920007674
G06,2,PSO,26,400,0,401,inf,0.0099687242663625,400.0,0.0145353830012027
G06,2,PSO,27,400,0,401,inf,0.0229038709363297,400.0,0.0130177010014449
G06,2,PSO,28,400,0,401,inf,0.0100018245167722,400.0,0.0137502470006438
G06,2,PSO,29,400,0,401,inf,0.0098931609057145,400.0,0.0377853669997421
G08,2,CMA-ES,0,400,1,164,-0.0948120807842028,0.0,400.0,0.0133095569999568
G08,2,CMA-ES,1,400,1,84,-0.0601928103020097,0.0,400.0,0.0138797760009765
G08,2,CMA-ES,2,400,1,36,-0.0957884931283288,0.0,400.0,0.0144840069988276
G08,2,CMA-ES,3,400,1,17,-0.0953924141574452,0.0,400.0,0.0134222380002029
G08,2,CMA-ES,4,400,1,225,-0.0951454872656906,0.0,400.0,0.0152040390003094
G08,2,CMA-ES,5,400,1,182,-0.0949268514093081,0.0,400.0,0.0143314039996766
G08,2,CMA-ES,6,400,1,33,-0.0879370397914971,0.0,400.0,0.0144825740007945
G08,2,CMA-ES,7,400,1,107,-0.0948276792570855,0.0,400.0,0.0135607230004097
G08,2,CMA-ES,8,400,1,49,-0.0910437696847587,0.0,400.0,0.01367729499907
G08,2,CMA-ES,9,400,1,145,-0.0900641432494978,0.0,400.0,0.0150087340007303
G08,2,CMA-ES,10,400,1,181,-0.0907612454968849,0.0,400.0,0.0143625009986863
G08,2,CMA-ES,11,400,1,64,-0.0958230595358845,0.0,400.0,0.0147384090014384
G08,2,CMA-ES,12,400,1,93,-0.0949731991961792,0.0,400.0,0.0130137380001542
G08,2,CMA-ES,13,400,1,125,-0.0938358783972748,0.0,400.0,0.0115954230004717
G08,2,CMA-ES,14,400,1,135,-0.0930858365237502,0.0,400.0,0.0137093949997506
G08,2,CMA-ES,15,400,1,142,-0.0953974326122407,0.0,400.0,0.0138274540004204
G08,2,CMA-ES,16,400,1,84,-0.0948194798949127,0.0,400.0,0.0141738120000809
G08,2,CMA-ES,17,400,1,130,-0.0905451706711914,0.0,400.0,0.0136769149994506
G08,2,CMA-ES,18,400,1,67,-0.0950425790713669,0.0,400.0,0.0128374689993506
G08,2,CMA-ES,19,400,1,165,-0.0956513025514064,0.0,400.0,0.0143988420004461
G08,2,CMA-ES,20,400,1,82,-0.095769332052682,0.0,400.0,0.0130783700005849
G08,2,CMA-ES,21,400,1,170,-0.0952234446921859,0.0,400.0,0.0131774180008505
G08,2,CMA-ES,22,400,1,39,-0.0957233310410855,0.0,400.0,0.0120233220004593
G08,2,CMA-ES,23,400,1,128,-0.0950186517329133,0.0,400.0,0.01300227199863
G08,2,CMA-ES,24,400,1,8,-0.0957607204294387,0.0,400.0,0.0167702130001998
G08,2,CMA-ES,25,400,1,76,-0.0950504347076266,0.0,400.0,0.0141249290009
G08,2,CMA-ES,26,400,1,75,-0.0828898341834383,0.0,400.0,0.0172303759991336
G08,2,CMA-ES,27,400,1,103,-0.0902729044349831,0.0,400.0,0.0139243150006223
G08,2,CMA-ES,28,400,1,145,-0.0848187182317671,0.0,400.0,0.0151949850005621
G08,2,CMA-ES,29,400,1,34,-0.0956982231964334,0.0,400.0,0.0137830450003093
G08,2,DCAS-CMA,0,400,1,60,-0.0945369413101907,0.0,393.2858165315185,0.1499911129994871
G08,2,DCAS-CMA,1,400,1,9,-0.0932148277440616,0.0,392.9342501470215,0.1397600629989028
G08,2,DCAS-CMA,2,400,1,81,-0.0945526668106417,0.0,394.794518770525,0.1292287870001018
G08,2,DCAS-CMA,3,400,1,52,-0.0955122255337256,0.0,395.386328179373,0.1409286440011783
G08,2,DCAS-CMA,4,400,1,34,-0.095026628686769,0.0,394.2950568266904,0.1424607419994572
G08,2,DCAS-CMA,5,400,1,83,-0.0887139635681753,0.0,392.371031364267,0.1214340659989829
G08,2,DCAS-CMA,6,400,1,15,-0.0956729495876689,0.0,390.73102910211406,0.1566755920011928
G08,2,DCAS-CMA,7,400,1,41,-0.0936149173551409,0.0,389.6116378000742,0.1534211800008051
G08,2,DCAS-CMA,8,400,1,17,-0.0950545093053392,0.0,392.300664995984,0.1698511809991032
G08,2,DCAS-CMA,9,400,1,84,-0.0954555632378368,0.0,393.06986186569947,0.1465681359986774
G08,2,DCAS-CMA,10,400,1,61,-0.0946282424345181,0.0,396.6393070365762,0.1391620009999314
G08,2,DCAS-CMA,11,400,1,44,-0.0936273142911466,0.0,393.7454011871971,0.1464109480002662
G08,2,DCAS-CMA,12,400,1,41,-0.0954920881882958,0.0,385.738292518028,0.1381669959991995
G08,2,DCAS-CMA,13,400,1,76,-0.0951203723528786,0.0,395.08699447706834,0.1326974260009592
G08,2,DCAS-CMA,14,400,1,45,-0.0950266956211213,0.0,393.122646859349,0.163773709000452
G08,2,DCAS-CMA,15,400,1,42,-0.0957271092872156,0.0,393.8711188275156,0.1604097359995648
G08,2,DCAS-CMA,16,400,1,13,-0.0949421661168805,0.0,388.4007563783863,0.1459069459997408
G08,2,DCAS-CMA,17,400,1,11,-0.095137605391124,0.0,395.2185536458357,0.157193097000345
G08,2,DCAS-CMA,18,400,1,50,-0.0957570883176842,0.0,392.5928014820159,0.1418442579997645
G08,2,DCAS-CMA,19,400,1,41,-0.0939372440184878,0.0,393.1203099716452,0.1392112350004026
G08,2,DCAS-CMA,20,400,1,16,-0.0930261851038416,0.0,393.6816326066719,0.1710582680007064
G08,2,DCAS-CMA,21,400,1,42,-0.0933526419476584,0.0,400.29828256019806,0.1474285060012334
G08,2,DCAS-CMA,22,400,1,63,-0.0686926290645862,0.0,395.1385164336589,0.1330338749994553
G08,2,DCAS-CMA,23,400,1,47,-0.0923199815698895,0.0,389.543249798025,0.1541075509994698
G08,2,DCAS-CMA,24,400,1,82,-0.094030254216007,0.0,394.3066243117826,0.1434422339989396
G08,2,DCAS-CMA,25,400,1,41,-0.0950245951865271,0.0,391.2784164855431,0.2366418310011795
G08,2,DCAS-CMA,26,400,1,81,-0.09559495157654,0.0,392.28419051546905,0.2884789399995497
G08,2,DCAS-CMA,27,400,1,45,-0.0953154297796916,0.0,390.1683058866565,0.2292154200004006
G08,2,DCAS-CMA,28,400,1,11,-0.0917850514590654,0.0,392.7096607108693,0.2591479069997149
G08,2,DCAS-CMA,29,400,1,41,-0.0952579794411184,0.0,392.7226764659597,0.1947295770005439
G08,2,DCAS-DE,0,400,1,63,-0.0951007589676075,0.0,383.4146423090058,0.143498276000173
G08,2,DCAS-DE,1,400,1,9,-0.0880708728184715,0.0,381.5455166419745,0.1503474119999737
G08,2,DCAS-DE,2,400,1,83,-0.0952842244153303,0.0,380.33624624560633,0.1466741779986478
G08,2,DCAS-DE,3,400,1,56,-0.0950728028084916,0.0,380.79318505601714,0.1520057669986272
G08,2,DCAS-DE,4,400,1,34,-0.0908995692432205,0.0,378.199524583126,0.1764016189990798
G08,2,DCAS-DE,5,400,1,58,-0.0938279254449619,0.0,378.57518689882585,0.1511553649997949
G08,2,DCAS-DE,6,400,1,15,-0.0860738491406899,0.0,380.4411438428126,0.1462992010001471
G08,2,DCAS-DE,7,400,1,81,-0.0936424127318815,0.0,381.1930061264207,0.150736326999322
G08,2,DCAS-DE,8,400,1,17,-0.09537996085084,0.0,377.80775658441775,0.1460826610000367
G08,2,DCAS-DE,9,400,1,49,-0.0907770004352995,0.0,380.03419363614506,0.1500822109992441
G08,2,DCAS-DE,10,400,1,80,-0.0889388254237753,0.0,381.21355576131685,0.1411560800006555
G08,2,DCAS-DE,11,400,1,51,-0.0948878597899808,0.0,379.8148523652184,0.1548402499993244
G08,2,DCAS-DE,12,400,1,43,-0.094011996608956,0.0,383.33940676627344,0.1522012910008925
G08,2,DCAS-DE,13,400,1,47,-0.0957947809372747,0.0,379.4141271815971,0.1525097480007389
G08,2,DCAS-DE,14,400,1,91,-0.0904971117502596,0.0,384.3405501712169,0.1433504460001131
G08,2,DCAS-DE,15,400,1,85,-0.0913134110540537,0.0,380.58387797856255,0.1430796550012019
G08,2,DCAS-DE,16,400,1,13,-0.0909537778894909,0.0,379.28142894582027,0.1571829509994131
G08,2,DCAS-DE,17,400,1,11,-0.0944490058786083,0.0,382.97973325891104,0.1590163520013447
G08,2,DCAS-DE,18,400,1,152,-0.0953815017892966,0.0,382.057574158411,0.1571607449986913
G08,2,DCAS-DE,19,400,1,90,-0.0942393330680405,0.0,384.395977948053,0.1398458670009859
G08,2,DCAS-DE,20,400,1,16,-0.0954832796937034,0.0,382.4499809738505,0.1425207769989356
G08,2,DCAS-DE,21,400,1,53,-0.0954059591864092,0.0,379.0653819145739,0.137771364999935
G08,2,DCAS-DE,22,400,1,70,-0.0903581422093734,0.0,380.6204569563774,0.1660388270011026
G08,2,DCAS-DE,23,400,1,66,-0.0941403031292447,0.0,379.9666792549848,0.1393017419995885
G08,2,DCAS-DE,24,400,1,46,-0.0943376127743086,0.0,378.1638840024468,0.1740504010012955
G08,2,DCAS-DE,25,400,1,72,-0.0936624819611077,0.0,381.7895286301198,0.1485841379999328
G08,2,DCAS-DE,26,400,1,77,-0.0928798512888142,0.0,381.2302280744775,0.1293453350008349
G08,2,DCAS-DE,27,400,1,57,-0.0778949897240267,0.0,380.39639056672826,0.1395101109992538
G08,2,DCAS-DE,28,400,1,11,-0.0955050615031259,0.0,381.0969797118637,0.1397296600007394
G08,2,DCAS-DE,29,400,1,43,-0.0951611475760856,0.0,378.5723863759147,0.139652546000434
G08,2,DCAS-PSO,0,400,1,82,-0.0891592423242465,0.0,385.7457874596673,0.1221891039986076
G08,2,DCAS-PSO,1,400,1,9,-0.0942437579070557,0.0,384.8542174518736,0.138984862000143
G08,2,DCAS-PSO,2,400,1,85,-0.0769244248632818,0.0,385.1110335172635,0.1289097690005292
G08,2,DCAS-PSO,3,400,1,88,-0.0560483127131167,0.0,387.1670001577596,0.1106237209987739
G08,2,DCAS-PSO,4,400,1,34,-0.0950055300260495,0.0,384.68597540470506,0.1286257140000088
G08,2,DCAS-PSO,5,400,1,113,-0.0815515692692787,0.0,383.4627651878507,0.1764164950000122
G08,2,DCAS-PSO,6,400,1,15,-0.0878947677350897,0.0,384.0078950050697,0.2156398539991642
G08,2,DCAS-PSO,7,400,1,47,-0.0937730330213142,0.0,383.4853956457529,0.2263016889992286
G08,2,DCAS-PSO,8,400,1,17,-0.0893478782837459,0.0,382.90577931879386,0.7655465970001387
G08,2,DCAS-PSO,9,400,1,138,-0.0880435281593853,0.0,388.7559887611287,0.1556160820000514
G08,2,DCAS-PSO,10,400,1,69,-0.088766978149478,0.0,387.06204993252544,0.3205877630007308
G08,2,DCAS-PSO,11,400,1,81,-0.0932239375126115,0.0,385.3407602009031,0.1284259969997947
G08,2,DCAS-PSO,12,400,1,47,-0.0847216325032098,0.0,384.72640574273896,0.1552685509996081
G08,2,DCAS-PSO,13,400,1,56,-0.0853307964747104,0.0,383.5525768341966,0.1410925959989981
G08,2,DCAS-PSO,14,400,1,71,-0.092633029759134,0.0,385.0296303817922,0.1515425739999045
G08,2,DCAS-PSO,15,400,1,49,-0.092581897671606,0.0,384.305833204164,0.1261925779999728
G08,2,DCAS-PSO,16,400,1,13,-0.0836141615111564,0.0,384.1949284851718,0.1440517900009581
G08,2,DCAS-PSO,17,400,1,11,-0.0799589504785636,0.0,384.7292491921667,0.1438197229999787
G08,2,DCAS-PSO,18,400,1,82,-0.0741742781350699,0.0,383.3847267643939,0.1389798930013057
G08,2,DCAS-PSO,19,400,1,70,-0.0909567336618197,0.0,384.4840012813854,0.1404160660003981
G08,2,DCAS-PSO,20,400,1,16,-0.0939009034406244,0.0,384.73045264309656,0.1406371989996842
G08,2,DCAS-PSO,21,400,1,46,-0.0951917558605661,0.0,386.026136502784,0.1505145540013472
G08,2,DCAS-PSO,22,400,1,90,-0.0812140767253284,0.0,383.8478360301431,0.1277168679989699
G08,2,DCAS-PSO,23,400,1,48,-0.0947351049414654,0.0,382.5288743006124,0.1359636440010945
G08,2,DCAS-PSO,24,400,1,89,-0.087272381029,0.0,382.6054128208581,0.1205999849989893
G08,2,DCAS-PSO,25,400,1,61,-0.0923598354212439,0.0,384.6132473735359,0.1396349939986976
G08,2,DCAS-PSO,26,400,1,57,-0.0823183060622328,0.0,384.2180931361683,0.1375115380014904
G08,2,DCAS-PSO,27,400,1,59,-0.0836038113142638,0.0,385.42386087854334,0.139631009000368
G08,2,DCAS-PSO,28,400,1,11,-0.0718201156588604,0.0,383.8359091294817,0.1411783479998121
G08,2,DCAS-PSO,29,400,1,61,-0.0954248426030556,0.0,384.61785629533466,0.1347539399994275
G08,2,JADE-NCV,0,400,1,226,-0.075501022317402,0.0,400.0,0.0285392460009461
G08,2,JADE-NCV,1,400,1,9,-0.0353370432888762,0.0,400.0,0.0292739149990666
G08,2,JADE-NCV,2,400,1,74,-0.0865838912083096,0.0,400.0,0.0256478369992692
G08,2,JADE-NCV,3,400,1,97,-0.0537799440612694,0.0,400.0,0.0260622360001434
G08,2,JADE-NCV,4,400,1,34,-0.0927334467060326,0.0,400.0,0.0285327159999724
G08,2,JADE-NCV,5,400,1,181,-0.0544420616499681,0.0,400.0,0.0278836309989856
G08,2,JADE-NCV,6,400,1,15,-0.0850156535036537,0.0,400.0,0.0259619410007871
G08,2,JADE-NCV,7,400,1,143,-0.0910725119267882,0.0,400.0,0.0325420869994559
G08,2,JADE-NCV,8,400,1,17,-0.0917149710605999,0.0,400.0,0.0320884169996134
G08,2,JADE-NCV,9,400,1,159,-0.088894664440105,0.0,400.0,0.0295985949996975
G08,2,JADE-NCV,10,400,1,112,-0.0587951804086565,0.0,400.0,0.0370733540003129
G08,2,JADE-NCV,11,400,1,68,-0.0610930431142275,0.0,400.0,0.0319626529999368
G08,2,JADE-NCV,12,400,1,140,-0.0735542887220423,0.0,400.0,0.0287624849988787
G08,2,JADE-NCV,13,400,1,69,-0.0824704148667026,0.0,400.0,0.0279877120010496
G08,2,JADE-NCV,14,400,1,114,-0.0860181631297848,0.0,400.0,0.0296843229989463
G08,2,JADE-NCV,15,400,1,90,-0.0865315942565255,0.0,400.0,0.0299432449992309
G08,2,JADE-NCV,16,400,1,13,-0.0953148231866696,0.0,400.0,0.0286133119989244
G08,2,JADE-NCV,17,400,1,11,-0.0694323566986434,0.0,400.0,0.0309072849995573
G08,2,JADE-NCV,18,400,1,47,-0.0887648315122528,0.0,400.0,0.0298245710000628
G08,2,JADE-NCV,19,400,1,115,-0.0906623373335731,0.0,400.0,0.0279732399994827
G08,2,JADE-NCV,20,400,1,16,-0.0832877510024078,0.0,400.0,0.0277640910007903
G08,2,JADE-NCV,21,400,1,144,-0.0783995022896046,0.0,400.0,0.0298046969983261
G08,2,JADE-NCV,22,400,1,44,-0.0500645604460461,0.0,400.0,0.0299001710009179
G08,2,JADE-NCV,23,400,1,120,-0.0923373782516398,0.0,400.0,0.0271239080011582
G08,2,JADE-NCV,24,400,1,131,-0.0652049404126713,0.0,400.0,0.0287576930004433
G08,2,JADE-NCV,25,400,1,90,-0.0796549020929205,0.0,400.0,0.0292835309992369
G08,2,JADE-NCV,26,400,1,171,-0.0871980624370708,0.0,400.0,0.0265905209998891
G08,2,JADE-NCV,27,400,1,110,-0.0905369697402615,0.0,400.0,0.0286465909994149
G08,2,JADE-NCV,28,400,1,11,-0.0846594005642689,0.0,400.0,0.0403438240009563
G08,2,JADE-NCV,29,400,1,44,-0.0634437930771057,0.0,400.0,0.0274655770008394
G08,2,PSO,0,400,1,71,-0.0900831035727855,0.0,400.0,0.0133606100007455
G08,2,PSO,1,400,1,9,-0.0949623907763546,0.0,400.0,0.0131502809999801
G08,2,PSO,2,400,1,51,-0.0952646869677412,0.0,400.0,0.0135666520000086
G08,2,PSO,3,400,1,49,-0.0856917725156977,0.0,400.0,0.0137835709992941
G08,2,PSO,4,400,1,34,-0.0688552025351777,0.0,400.0,0.0141042049999668
G08,2,PSO,5,400,1,72,-0.0915577818062449,0.0,400.0,0.0127294070007337
G08,2,PSO,6,400,1,15,-0.0895348351026609,0.0,400.0,0.0142608690002816
G08,2,PSO,7,400,1,46,-0.0611416996378073,0.0,400.0,0.0130178529998374
G08,2,PSO,8,400,1,17,-0.0952552827723483,0.0,400.0,0.0188072699984331
G08,2,PSO,9,400,1,99,-0.0937246766152874,0.0,400.0,0.0139739330006705
G08,2,PSO,10,400,1,56,-0.0912892981970465,0.0,400.0,0.0143416030005028
G08,2,PSO,11,400,1,41,-0.0937116123155577,0.0,400.0,0.014015818000189
G08,2,PSO,12,400,1,60,-0.0788294269645736,0.0,400.0,0.0130121060010424
G08,2,PSO,13,400,1,56,-0.0951032863727418,0.0,400.0,0.015661302000808
G08,2,PSO,14,400,1,49,-0.0739698095383223,0.0,400.0,0.0124303070006135
G08,2,PSO,15,400,1,49,-0.0916643525438993,0.0,400.0,0.0145845469996856
G08,2,PSO,16,400,1,13,-0.0938946008979598,0.0,400.0,0.0187118350004311
G08,2,PSO,17,400,1,11,-0.0957405330555572,0.0,400.0,0.0140209820001473
G08,2,PSO,18,400,1,51,-0.092279526425508,0.0,400.0,0.0159169939997809
G08,2,PSO,19,400,1,90,-0.0783064458941751,0.0,400.0,0.0154655820006155
G08,2,PSO,20,400,1,16,-0.0937872513707129,0.0,400.0,0.0137800209995475
G08,2,PSO,21,400,1,49,-0.0862804434904205,0.0,400.0,0.0130044079996878
G08,2,PSO,22,400,1,92,-0.0941892610989578,0.0,400.0,0.0122450170001684
G08,2,PSO,23,400,1,44,-0.082571585892522,0.0,400.0,0.0130819019996124
G08,2,PSO,24,400,1,97,-0.0927910843750776,0.0,400.0,0.0130569390003074
G08,2,PSO,25,400,1,42,-0.0910269330682563,0.0,400.0,0.0139488739987427
G08,2,PSO,26,400,1,90,-0.0882375796959328,0.0,400.0,0.0129992040001525
G08,2,PSO,27,400,1,44,-0.0908578197594463,0.0,400.0,0.0138387259994487
G08,2,PSO,28,400,1,11,-0.0949209849675391,0.0,400.0,0.0130155329989065
G08,2,PSO,29,400,1,41,-0.0850636673038605,0.0,400.0,0.0131958969996048
NarrowCorridor12,12,CMA-ES,0,400,0,401,inf,0.7723176428545071,400.0,0.020658302000811
NarrowCorridor12,12,CMA-ES,1,400,1,312,2.56472056711106,0.0,400.0,0.0194783569986611
NarrowCorridor12,12,CMA-ES,2,400,1,375,2.3082300890486307,0.0,400.0,0.0223403500003769
NarrowCorridor12,12,CMA-ES,3,400,0,401,inf,0.1208937726471933,400.0,0.0198778390004008
NarrowCorridor12,12,CMA-ES,4,400,0,401,inf,0.1937754022523529,400.0,0.0192885670003306
NarrowCorridor12,12,CMA-ES,5,400,0,401,inf,0.1815564304862162,400.0,0.018708499999775
NarrowCorridor12,12,CMA-ES,6,400,1,259,1.9010548417495576,0.0,400.0,0.0191708389993436
NarrowCorridor12,12,CMA-ES,7,400,0,401,inf,0.2608200198658295,400.0,0.0199911039999278
NarrowCorridor12,12,CMA-ES,8,400,1,362,2.0335985065534263,0.0,400.0,0.0208785449995048
NarrowCorridor12,12,CMA-ES,9,400,0,401,inf,0.3235657808551946,400.0,0.0187531619994842
NarrowCorridor12,12,CMA-ES,10,400,0,401,inf,0.0904487773467138,400.0,0.020323210999777
NarrowCorridor12,12,CMA-ES,11,400,0,401,inf,0.0944569223398284,400.0,0.023141523999584
NarrowCorridor12,12,CMA-ES,12,400,0,401,inf,0.0186691966043398,400.0,0.0228910430014366
NarrowCorridor12,12,CMA-ES,13,400,0,401,inf,0.3677227409189089,400.0,0.0244311340011336
NarrowCorridor12,12,CMA-ES,14,400,1,285,1.99375336324386,0.0,400.0,0.0203593730002467
NarrowCorridor12,12,CMA-ES,15,400,0,401,inf,0.2813409610890098,400.0,0.0225260909992357
NarrowCorridor12,12,CMA-ES,16,400,1,395,2.564366270795418,0.0,400.0,0.0218921970008523
NarrowCorridor12,12,CMA-ES,17,400,1,307,2.95031708240961,0.0,400.0,0.0213277940001717
NarrowCorridor12,12,CMA-ES,18,400,1,325,2.459607975008428,0.0,400.0,0.0192743009993137
NarrowCorridor12,12,CMA-ES,19,400,0,401,inf,0.0437292506725997,400.0,0.0222340939999412
NarrowCorridor12,12,CMA-ES,20,400,1,361,2.844978638049942,0.0,400.0,0.0203811399987898
NarrowCorridor12,12,CMA-ES,21,400,1,336,1.942392192395812,0.0,400.0,0.0209891090016753
NarrowCorridor12,12,CMA-ES,22,400,0,401,inf,0.0909955223289644,400.0,0.0199883620007312
NarrowCorridor12,12,CMA-ES,23,400,1,292,2.338495684972877,0.0,400.0,0.0191864730004454
NarrowCorridor12,12,CMA-ES,24,400,1,340,1.823781741175276,0.0,400.0,0.0204955069984862
NarrowCorridor12,12,CMA-ES,25,400,1,376,2.6466759055686992,0.0,400.0,0.0191126169993367
NarrowCorridor12,12,CMA-ES,26,400,1,292,2.031522020202836,0.0,400.0,0.0212808209998911
NarrowCorridor12,12,CMA-ES,27,400,0,401,inf,0.0573683091477627,400.0,0.0204972860010457
NarrowCorridor12,12,CMA-ES,28,400,0,401,inf,0.3537141016597926,400.0,0.0196703769997839
NarrowCorridor12,12,CMA-ES,29,400,0,401,inf,0.1192692068943614,400.0,0.0208743220009637
NarrowCorridor12,12,DCAS-CMA,0,400,1,47,0.7837540128741137,0.0,393.8070763574112,0.1571140279993415
NarrowCorridor12,12,DCAS-CMA,1,400,1,68,1.088074075733819,0.0,397.8822669891044,0.138955539001472
NarrowCorridor12,12,DCAS-CMA,2,400,1,46,0.8551701673218186,0.0,396.4906942697203,0.1399521929997718
NarrowCorridor12,12,DCAS-CMA,3,400,1,45,0.8527196777709015,0.0,397.66136707832027,0.1557144109992805
NarrowCorridor12,12,DCAS-CMA,4,400,1,43,0.6879178942259359,0.0,396.2103827808496,0.1747620280002593
NarrowCorridor12,12,DCAS-CMA,5,400,1,68,1.025103010253423,0.0,393.3865055723344,0.1486270929999591
NarrowCorridor12,12,DCAS-CMA,6,400,1,57,0.7410989331215461,0.0,397.85133878166016,0.1449761599997145
NarrowCorridor12,12,DCAS-CMA,7,400,1,43,0.9645488518325668,0.0,394.7408673624647,0.1619316839987732
NarrowCorridor12,12,DCAS-CMA,8,400,1,41,0.769545746533123,0.0,395.1635759652908,0.1521265900009893
NarrowCorridor12,12,DCAS-CMA,9,400,1,41,0.8308549269738472,0.0,392.19190078279627,0.1559856749991013
NarrowCorridor12,12,DCAS-CMA,10,400,1,75,0.9803175501206004,0.0,397.0353776658372,0.1575487059999432
NarrowCorridor12,12,DCAS-CMA,11,400,1,53,1.1148570998164,0.0,397.0131396464628,0.1504473049990338
NarrowCorridor12,12,DCAS-CMA,12,400,1,45,0.696815056386672,0.0,393.0677442956787,0.1947530859997641
NarrowCorridor12,12,DCAS-CMA,13,400,1,64,0.9070480703942784,0.0,396.4162654548039,0.2272721469998941
NarrowCorridor12,12,DCAS-CMA,14,400,1,56,0.8182743184434706,0.0,399.5435137071335,0.2101141509992885
NarrowCorridor12,12,DCAS-CMA,15,400,1,51,1.0276998579715322,0.0,398.6522328697346,0.311067587999787
NarrowCorridor12,12,DCAS-CMA,16,400,1,41,0.6845151840578638,0.0,397.22561650690585,0.231064305999098
NarrowCorridor12,12,DCAS-CMA,17,400,1,46,0.657074459162114,0.0,392.6864299268128,0.1676365720013564
NarrowCorridor12,12,DCAS-CMA,18,400,1,43,0.9227516450463992,0.0,393.5340982427421,0.1530423989988776
NarrowCorridor12,12,DCAS-CMA,19,400,1,59,0.6854924724284106,0.0,391.7260093073529,0.1466732289991341
NarrowCorridor12,12,DCAS-CMA,20,400,1,43,0.8511615359438005,0.0,395.6369488178957,0.1515022940002381
NarrowCorridor12,12,DCAS-CMA,21,400,1,41,1.2216179564988925,0.0,395.0488810549703,0.1714398829990386
NarrowCorridor12,12,DCAS-CMA,22,400,1,52,0.811434083627826,0.0,394.7535211241901,0.1519319929993798
NarrowCorridor12,12,DCAS-CMA,23,400,1,83,1.0343099687954085,0.0,395.91765382525097,0.1366170910005166
NarrowCorridor12,12,DCAS-CMA,24,400,1,48,1.235706796282678,0.0,394.8306387895794,0.1455208850002236
NarrowCorridor12,12,DCAS-CMA,25,400,1,43,0.7911028222218282,0.0,395.8707696925093,0.1628961650003475
NarrowCorridor12,12,DCAS-CMA,26,400,1,56,0.9779338425661384,0.0,394.76084629887487,0.1434822320006787
NarrowCorridor12,12,DCAS-CMA,27,400,1,41,0.7578239183604003,0.0,396.0298609614962,0.1520023749999381
NarrowCorridor12,12,DCAS-CMA,28,400,1,41,0.7534752721927506,0.0,394.9710279167948,0.1745008699999743
NarrowCorridor12,12,DCAS-CMA,29,400,1,46,0.9587826152691756,0.0,393.71717830026273,0.1527969979997578
NarrowCorridor12,12,DCAS-DE,0,400,1,121,1.1744999972414432,0.0,402.23469090041374,0.1285593399989011
NarrowCorridor12,12,DCAS-DE,1,400,1,206,1.680658299467121,0.0,409.3359621502402,0.1176556430000346
NarrowCorridor12,12,DCAS-DE,2,400,1,168,1.7970717871538593,0.0,403.1662771847229,0.1143524010003602
NarrowCorridor12,12,DCAS-DE,3,400,1,197,1.1211641564346038,0.0,405.2601933181827,0.1130406739994214
NarrowCorridor12,12,DCAS-DE,4,400,1,130,1.1540128411072796,0.0,403.6580013637533,0.1162174159999267
NarrowCorridor12,12,DCAS-DE,5,400,1,170,1.5364801282849805,0.0,406.3027678187755,0.1201863679998496
NarrowCorridor12,12,DCAS-DE,6,400,1,169,1.2899293285348483,0.0,405.7006005786703,0.1184885479997319
NarrowCorridor12,12,DCAS-DE,7,400,1,169,0.8964060843523127,0.0,408.8686312465399,0.1123931460006133
NarrowCorridor12,12,DCAS-DE,8,400,1,72,1.143229981328656,0.0,399.4923986012655,0.1370264079996559
NarrowCorridor12,12,DCAS-DE,9,400,1,96,1.080382045249494,0.0,403.165210388094,0.1533767330001865
NarrowCorridor12,12,DCAS-DE,10,400,1,179,1.2621807334017068,0.0,407.8946441213504,0.1157127709993801
NarrowCorridor12,12,DCAS-DE,11,400,1,210,1.0421532320540254,0.0,409.5086990334154,0.111323701999936
NarrowCorridor12,12,DCAS-DE,12,400,1,109,0.977233043894591,0.0,402.4226461958066,0.1340413660000194
NarrowCorridor12,12,DCAS-DE,13,400,1,135,1.3625729716696429,0.0,405.3237982307096,0.1537877850005315
NarrowCorridor12,12,DCAS-DE,14,400,1,179,1.2944487037050991,0.0,407.77261364400647,0.1138122279990057
NarrowCorridor12,12,DCAS-DE,15,400,1,141,0.9482833994231912,0.0,407.2997489352239,0.1236246120006399
NarrowCorridor12,12,DCAS-DE,16,400,1,98,1.3674446851097732,0.0,399.5453798270063,0.1520909649989335
NarrowCorridor12,12,DCAS-DE,17,400,1,83,1.6061486290404177,0.0,403.3527916543979,0.1418343299992557
NarrowCorridor12,12,DCAS-DE,18,400,1,121,1.3012445084754602,0.0,407.2689713080293,0.1280252619999373
NarrowCorridor12,12,DCAS-DE,19,400,1,103,1.4593858445152756,0.0,403.5149394561464,0.1264246850005292
NarrowCorridor12,12,DCAS-DE,20,400,1,126,1.2912325861506315,0.0,403.7473834771644,0.1217631359995721
NarrowCorridor12,12,DCAS-DE,21,400,1,137,1.1812170015090042,0.0,403.5786978691738,0.1237620760002755
NarrowCorridor12,12,DCAS-DE,22,400,1,159,1.2854194450939491,0.0,412.0070685699268,0.1071654219995252
NarrowCorridor12,12,DCAS-DE,23,400,1,162,1.344787193797702,0.0,405.01291359932463,0.1132425230007356
NarrowCorridor12,12,DCAS-DE,24,400,1,136,1.3222491986341005,0.0,400.3918034872611,0.1453760770000371
NarrowCorridor12,12,DCAS-DE,25,400,1,142,1.5742497376988045,0.0,404.7605897300161,0.1425106700007745
NarrowCorridor12,12,DCAS-DE,26,400,1,189,1.4071415443200073,0.0,407.9352730299141,0.1223492369990708
NarrowCorridor12,12,DCAS-DE,27,400,1,151,1.1425384069879252,0.0,411.43020893154153,0.1297320129997388
NarrowCorridor12,12,DCAS-DE,28,400,1,129,0.9666060447956104,0.0,404.37842764189946,0.1283293430005869
NarrowCorridor12,12,DCAS-DE,29,400,1,91,1.4084240230595912,0.0,404.2525430917012,0.1290517399993405
NarrowCorridor12,12,DCAS-PSO,0,400,1,111,1.490933127746073,0.0,404.02785620655646,0.1325659779995476
NarrowCorridor12,12,DCAS-PSO,1,400,1,99,1.1090000206491526,0.0,401.0998853464498,0.1214548449988797
NarrowCorridor12,12,DCAS-PSO,2,400,1,137,1.5940151687975956,0.0,404.8683953371417,0.1134522009997454
NarrowCorridor12,12,DCAS-PSO,3,400,1,87,0.9276882952924048,0.0,403.715247876541,0.1159122010012652
NarrowCorridor12,12,DCAS-PSO,4,400,1,88,1.27993513527702,0.0,402.36067243620136,0.1216007139992143
NarrowCorridor12,12,DCAS-PSO,5,400,1,144,1.3973837011096952,0.0,401.9215113584236,0.1172522420001769
NarrowCorridor12,12,DCAS-PSO,6,400,1,84,1.1785835190794067,0.0,397.8600027152145,0.1207637499992415
NarrowCorridor12,12,DCAS-PSO,7,400,1,112,1.285875972524236,0.0,404.8132398875245,0.1078662159998202
NarrowCorridor12,12,DCAS-PSO,8,400,1,46,1.2156916108623737,0.0,400.8432961630544,0.1489247690005868
NarrowCorridor12,12,DCAS-PSO,9,400,1,94,1.19613850694423,0.0,402.5193458153123,0.1444956279992766
NarrowCorridor12,12,DCAS-PSO,10,400,1,81,1.1845098441142907,0.0,399.839912458148,0.1234925759999896
NarrowCorridor12,12,DCAS-PSO,11,400,1,60,0.884940756271731,0.0,400.8764580907495,0.1307525310003257
NarrowCorridor12,12,DCAS-PSO,12,400,1,126,1.7052777777140806,0.0,400.72132096656895,0.1175043130006088
NarrowCorridor12,12,DCAS-PSO,13,400,1,117,1.379796497687556,0.0,402.850245437053,0.1165882090008381
NarrowCorridor12,12,DCAS-PSO,14,400,1,91,1.149578172408308,0.0,398.6921542315676,0.1099933810000948
NarrowCorridor12,12,DCAS-PSO,15,400,1,115,1.32186200396675,0.0,403.75095828971087,0.1207826570007455
NarrowCorridor12,12,DCAS-PSO,16,400,1,43,1.525535503572075,0.0,398.1096618226,0.1311134940006013
NarrowCorridor12,12,DCAS-PSO,17,400,1,70,1.5607030298435132,0.0,399.1942363695772,0.1287791689992445
NarrowCorridor12,12,DCAS-PSO,18,400,1,61,1.121240722848475,0.0,402.6584148903861,0.1341220180001983
NarrowCorridor12,12,DCAS-PSO,19,400,1,91,0.9790256318445866,0.0,401.39781727055777,0.1232395240003825
NarrowCorridor12,12,DCAS-PSO,20,400,1,56,1.00109437446503,0.0,399.6388879701842,0.1303473070001928
NarrowCorridor12,12,DCAS-PSO,21,400,1,87,1.1994283571089202,0.0,401.6691252693356,0.1220678680001583
NarrowCorridor12,12,DCAS-PSO,22,400,1,48,1.4856529876706706,0.0,400.97157137386944,0.1451008029998775
NarrowCorridor12,12,DCAS-PSO,23,400,1,138,1.6823838913077904,0.0,401.158952945702,0.1082855059994472
NarrowCorridor12,12,DCAS-PSO,24,400,1,81,1.130050916542373,0.0,399.7831222074925,0.1308338500002719
NarrowCorridor12,12,DCAS-PSO,25,400,1,49,0.9236017491213184,0.0,396.89353021743807,0.1425578060006955
NarrowCorridor12,12,DCAS-PSO,26,400,1,90,1.3917310288849167,0.0,402.86341188942464,0.1210331389993371
NarrowCorridor12,12,DCAS-PSO,27,400,1,153,1.422058381563578,0.0,405.3256679615109,0.1063156119998893
NarrowCorridor12,12,DCAS-PSO,28,400,1,83,1.3160185496432764,0.0,402.68157592120144,0.1326277640000626
NarrowCorridor12,12,DCAS-PSO,29,400,1,89,1.1301098237659029,0.0,399.7695549735699,0.1332476829993538
NarrowCorridor12,12,JADE-NCV,0,400,1,317,1.9551384291361904,0.0,400.0,0.0341633169991837
NarrowCorridor12,12,JADE-NCV,1,400,1,205,2.084426934536152,0.0,400.0,0.0351976749989262
NarrowCorridor12,12,JADE-NCV,2,400,1,296,2.3724830506211627,0.0,400.0,0.0354365129987854
NarrowCorridor12,12,JADE-NCV,3,400,1,113,2.7175064676058938,0.0,400.0,0.0346286229996621
NarrowCorridor12,12,JADE-NCV,4,400,1,256,1.6003391399272051,0.0,400.0,0.0365260329999728
NarrowCorridor12,12,JADE-NCV,5,400,1,287,2.429981182886548,0.0,400.0,0.0368237620004947
NarrowCorridor12,12,JADE-NCV,6,400,1,381,2.2705740520563977,0.0,400.0,0.0351102069998887
NarrowCorridor12,12,JADE-NCV,7,400,1,235,1.9389450124006613,0.0,400.0,0.0358376320000388
NarrowCorridor12,12,JADE-NCV,8,400,1,285,2.3907324612578624,0.0,400.0,0.035339351001312
NarrowCorridor12,12,JADE-NCV,9,400,1,160,1.9644359919093732,0.0,400.0,0.0426978209998196
NarrowCorridor12,12,JADE-NCV,10,400,1,190,1.9037990736867536,0.0,400.0,0.044927473001735
NarrowCorridor12,12,JADE-NCV,11,400,1,235,2.1152479815261023,0.0,400.0,0.0383313090005685
NarrowCorridor12,12,JADE-NCV,12,400,1,398,3.1718901311904992,0.0,400.0,0.0371886899993114
NarrowCorridor12,12,JADE-NCV,13,400,1,301,2.3992011957282084,0.0,400.0,0.0351980779996665
NarrowCorridor12,12,JADE-NCV,14,400,1,183,1.7024430302678597,0.0,400.0,0.0382378089998383
NarrowCorridor12,12,JADE-NCV,15,400,1,289,1.7033066037066198,0.0,400.0,0.0352226710001559
NarrowCorridor12,12,JADE-NCV,16,400,1,164,2.4732654180722795,0.0,400.0,0.033272112999839
NarrowCorridor12,12,JADE-NCV,17,400,1,350,2.5103302824513527,0.0,400.0,0.0372669910011609
NarrowCorridor12,12,JADE-NCV,18,400,1,221,2.16576664262506,0.0,400.0,0.0326010429998859
NarrowCorridor12,12,JADE-NCV,19,400,1,300,2.3910367647111,0.0,400.0,0.0331839590016898
NarrowCorridor12,12,JADE-NCV,20,400,1,365,1.3400182092730812,0.0,400.0,0.0354282410007726
NarrowCorridor12,12,JADE-NCV,21,400,0,401,inf,0.005270774346244,400.0,0.0370422989999497
NarrowCorridor12,12,JADE-NCV,22,400,1,126,2.0513508974051957,0.0,400.0,0.0341900090006674
NarrowCorridor12,12,JADE-NCV,23,400,1,274,2.5568786561832795,0.0,400.0,0.0382848680001188
NarrowCorridor12,12,JADE-NCV,24,400,1,241,1.857298201936489,0.0,400.0,0.0449611829990317
NarrowCorridor12,12,JADE-NCV,25,400,1,369,2.466538033823096,0.0,400.0,0.0421917790008592
NarrowCorridor12,12,JADE-NCV,26,400,0,401,inf,0.0236843371288316,400.0,0.0511449259993241
NarrowCorridor12,12,JADE-NCV,27,400,1,273,1.5101886255442738,0.0,400.0,0.0404554209999332
NarrowCorridor12,12,JADE-NCV,28,400,0,401,inf,0.0015665792120889,400.0,0.0383977199999208
NarrowCorridor12,12,JADE-NCV,29,400,1,340,2.454362607980705,0.0,400.0,0.0364845170006447
NarrowCorridor12,12,PSO,0,400,1,118,1.7611910037586918,0.0,400.0,0.0193533410001691
NarrowCorridor12,12,PSO,1,400,1,111,1.3551165468966846,0.0,400.0,0.0219758339990221
NarrowCorridor12,12,PSO,2,400,1,163,1.282028784448542,0.0,400.0,0.0186812379997718
NarrowCorridor12,12,PSO,3,400,1,109,2.167855794550901,0.0,400.0,0.0179769690003013
NarrowCorridor12,12,PSO,4,400,1,149,2.0405907016142204,0.0,400.0,0.0198062060007941
NarrowCorridor12,12,PSO,5,400,1,97,1.423587483357463,0.0,400.0,0.0188839550010015
NarrowCorridor12,12,PSO,6,400,1,90,1.1112396386777834,0.0,400.0,0.018797953000103
NarrowCorridor12,12,PSO,7,400,1,87,1.694121010135528,0.0,400.0,0.019338845000675
NarrowCorridor12,12,PSO,8,400,1,82,1.3887494175891726,0.0,400.0,0.0202250520014786
NarrowCorridor12,12,PSO,9,400,1,98,1.0101924737513808,0.0,400.0,0.0202190770014567
NarrowCorridor12,12,PSO,10,400,1,99,1.834423102749748,0.0,400.0,0.0186915560007037
NarrowCorridor12,12,PSO,11,400,1,220,1.5749711686424903,0.0,400.0,0.0187423650004348
NarrowCorridor12,12,PSO,12,400,1,82,1.7462709627002275,0.0,400.0,0.0181878280000091
NarrowCorridor12,12,PSO,13,400,1,49,1.5660311248791834,0.0,400.0,0.0175448360005248
NarrowCorridor12,12,PSO,14,400,1,70,1.6075975092269976,0.0,400.0,0.0187057940001977
NarrowCorridor12,12,PSO,15,400,1,97,1.9454644334861644,0.0,400.0,0.0192287199988641
NarrowCorridor12,12,PSO,16,400,1,52,1.304639080167577,0.0,400.0,0.0258728999997401
NarrowCorridor12,12,PSO,17,400,1,85,1.5927175392267003,0.0,400.0,0.0195882549996895
NarrowCorridor12,12,PSO,18,400,1,46,1.3181211420569252,0.0,400.0,0.0175802410012693
NarrowCorridor12,12,PSO,19,400,1,47,1.299744733643016,0.0,400.0,0.018359256999247
NarrowCorridor12,12,PSO,20,400,1,60,1.458469929217249,0.0,400.0,0.0191720679995341
NarrowCorridor12,12,PSO,21,400,1,239,1.37708432988509,0.0,400.0,0.0196270199994614
NarrowCorridor12,12,PSO,22,400,1,104,1.8967436530254316,0.0,400.0,0.0202486439993663
NarrowCorridor12,12,PSO,23,400,1,94,0.9658077370624432,0.0,400.0,0.0196399369997379
NarrowCorridor12,12,PSO,24,400,1,63,2.0349030557752017,0.0,400.0,0.0194449450009415
NarrowCorridor12,12,PSO,25,400,1,81,1.1196691298525798,0.0,400.0,0.0181766019995848
NarrowCorridor12,12,PSO,26,400,1,212,2.40638347818782,0.0,400.0,0.0190768310003477
NarrowCorridor12,12,PSO,27,400,1,74,1.466396517976769,0.0,400.0,0.0206785089994809
NarrowCorridor12,12,PSO,28,400,1,106,1.3340777707335774,0.0,400.0,0.0192149909998988
NarrowCorridor12,12,PSO,29,400,1,193,1.5627502932927428,0.0,400.0,0.0198068589998001
PressureVessel,4,CMA-ES,0,400,1,41,41847.09270512628,0.0,400.0,0.0145560639994073
PressureVessel,4,CMA-ES,1,400,1,2,24557.55370428323,0.0,400.0,0.0152917849991354
PressureVessel,4,CMA-ES,2,400,1,1,44477.39417977048,0.0,400.0,0.0168025710008805
PressureVessel,4,CMA-ES,3,400,1,8,42322.000567841205,0.0,400.0,0.0144644219999463
PressureVessel,4,CMA-ES,4,400,1,3,30849.332221083605,0.0,400.0,0.0146315090005373
PressureVessel,4,CMA-ES,5,400,1,1,12023.49562392101,0.0,400.0,0.0142923849998624
PressureVessel,4,CMA-ES,6,400,1,2,12780.135587301991,0.0,400.0,0.0134899439999571
PressureVessel,4,CMA-ES,7,400,1,6,31896.19063537884,0.0,400.0,0.0131897769988427
PressureVessel,4,CMA-ES,8,400,1,2,17674.31762031161,0.0,400.0,0.0140017140001873
PressureVessel,4,CMA-ES,9,400,1,3,17804.639621306582,0.0,400.0,0.0167794250010047
PressureVessel,4,CMA-ES,10,400,1,7,37103.32268841232,0.0,400.0,0.0146826950003742
PressureVessel,4,CMA-ES,11,400,1,9,23153.708398987583,0.0,400.0,0.0145581630004016
PressureVessel,4,CMA-ES,12,400,1,14,13091.423956458912,0.0,400.0,0.0154116529993189
PressureVessel,4,CMA-ES,13,400,1,1,32700.986332019173,0.0,400.0,0.0137326250005571
PressureVessel,4,CMA-ES,14,400,1,3,17692.754561686135,0.0,400.0,0.0127782440013106
PressureVessel,4,CMA-ES,15,400,1,4,14824.215541704274,0.0,400.0,0.0138678440016519
PressureVessel,4,CMA-ES,16,400,1,9,19975.20536968134,0.0,400.0,0.0160373439994145
PressureVessel,4,CMA-ES,17,400,1,4,16065.520993206132,0.0,400.0,0.0142931939990376
PressureVessel,4,CMA-ES,18,400,1,6,20604.50322834309,0.0,400.0,0.0140902919993095
PressureVessel,4,CMA-ES,19,400,1,12,8639.205471580155,0.0,400.0,0.016339372999937
PressureVessel,4,CMA-ES,20,400,1,15,9370.03859862713,0.0,400.0,0.0130230419999861
PressureVessel,4,CMA-ES,21,400,1,4,47355.00200333091,0.0,400.0,0.038129000000481
PressureVessel,4,CMA-ES,22,400,1,3,22088.477295388184,0.0,400.0,0.0290854170016245
PressureVessel,4,CMA-ES,23,400,1,16,21250.98560821846,0.0,400.0,0.0334491650010022
PressureVessel,4,CMA-ES,24,400,1,6,24280.504517752765,0.0,400.0,0.0309434780010633
PressureVessel,4,CMA-ES,25,400,1,1,15611.269627864323,0.0,400.0,0.0283368210002663
PressureVessel,4,CMA-ES,26,400,1,9,25697.11119645128,0.0,400.0,0.0507268130004376
PressureVessel,4,CMA-ES,27,400,1,11,16347.7955032789,0.0,400.0,0.0133021290002943
PressureVessel,4,CMA-ES,28,400,1,1,27767.657195015483,0.0,400.0,0.0274971589988126
PressureVessel,4,CMA-ES,29,400,1,5,25019.35650102401,0.0,400.0,0.0448506349985109
PressureVessel,4,DCAS-CMA,0,400,1,2,22184.745751043574,0.0,395.04001786135575,0.3721273419996578
PressureVessel,4,DCAS-CMA,1,400,1,4,12896.816125122965,0.0,396.97261296741954,0.3845509830007358
PressureVessel,4,DCAS-CMA,2,400,1,4,26320.953297952823,0.0,398.0482041826912,0.3498157550002361
PressureVessel,4,DCAS-CMA,3,400,1,7,20945.592122925715,0.0,399.4289445316393,0.3673121200008609
PressureVessel,4,DCAS-CMA,4,400,1,1,11602.95769548461,0.0,394.9242622022907,0.1698167269987607
PressureVessel,4,DCAS-CMA,5,400,1,1,32635.00087529318,0.0,396.7692196297689,0.1703075080004055
PressureVessel,4,DCAS-CMA,6,400,1,1,19633.679053925985,0.0,399.2687540390732,0.1687706939992495
PressureVessel,4,DCAS-CMA,7,400,1,1,16499.64428070005,0.0,398.0056592060024,0.179705032000129
PressureVessel,4,DCAS-CMA,8,400,1,1,18824.733258830314,0.0,399.286315407802,0.18151432599916
PressureVessel,4,DCAS-CMA,9,400,1,1,27641.9103921402,0.0,397.8378215021981,0.2331929229985689
PressureVessel,4,DCAS-CMA,10,400,1,4,28120.54421027776,0.0,393.480490540108,0.380440222001198
PressureVessel,4,DCAS-CMA,11,400,1,3,28554.355912511688,0.0,392.5093385954698,0.4135009019992139
PressureVessel,4,DCAS-CMA,12,400,1,5,16344.250496842991,0.0,395.4139690539412,0.4572561679997307
PressureVessel,4,DCAS-CMA,13,400,1,1,20205.55768216891,0.0,396.53834085717233,0.4662487559999135
PressureVessel,4,DCAS-CMA,14,400,1,1,8361.338150903915,0.0,394.581430339792,0.1663350220005668
PressureVessel,4,DCAS-CMA,15,400,1,1,15839.816756579145,0.0,396.4010828648949,0.1718089360001613
PressureVessel,4,DCAS-CMA,16,400,1,5,26451.19731478017,0.0,393.7097694077466,0.1754805119999218
PressureVessel,4,DCAS-CMA,17,400,1,7,14292.885825232352,0.0,394.65394971922274,0.2209654399994178
PressureVessel,4,DCAS-CMA,18,400,1,1,9306.68517870307,0.0,394.346368894505,0.1847522949992708
PressureVessel,4,DCAS-CMA,19,400,1,5,24156.998250693134,0.0,394.7710561990766,0.3403647459999774
PressureVessel,4,DCAS-CMA,20,400,1,3,12097.335732446283,0.0,396.2587610775045,0.3786697689993161
PressureVessel,4,DCAS-CMA,21,400,1,1,21839.82678967357,0.0,401.05221933140814,0.4449308800012659
PressureVessel,4,DCAS-CMA,22,400,1,4,19073.779221574267,0.0,395.7733112960876,0.4812198899999202
PressureVessel,4,DCAS-CMA,23,400,1,3,23873.674293080345,0.0,395.6725842553882,0.3619893049999518
PressureVessel,4,DCAS-CMA,24,400,1,2,9579.229891590983,0.0,396.092889384852,0.3267529949989693
PressureVessel,4,DCAS-CMA,25,400,1,5,18992.997120496693,0.0,396.4197745242252,0.3200334359989938
PressureVessel,4,DCAS-CMA,26,400,1,2,11449.426567885745,0.0,398.0544627867345,0.3112448219999351
PressureVessel,4,DCAS-CMA,27,400,1,3,22966.496908429428,0.0,394.790887486305,0.352349287000834
PressureVessel,4,DCAS-CMA,28,400,1,1,7199.081775115708,0.0,396.8103115738639,0.3088207119999424
PressureVessel,4,DCAS-CMA,29,400,1,4,17526.669600086792,0.0,397.8264387507143,0.2538052640011301
PressureVessel,4,DCAS-DE,0,400,1,2,18420.754662715965,0.0,394.29921958693416,0.2322688120002567
PressureVessel,4,DCAS-DE,1,400,1,4,8717.615752473235,0.0,396.4203039516258,0.19837623300009
PressureVessel,4,DCAS-DE,2,400,1,4,11244.793995274362,0.0,396.0062718081477,0.1825651140006812
PressureVessel,4,DCAS-DE,3,400,1,7,10036.441354147892,0.0,392.1666659472322,0.1937839229995006
PressureVessel,4,DCAS-DE,4,400,1,1,7550.628694492412,0.0,397.3497769981266,0.182126944000629
PressureVessel,4,DCAS-DE,5,400,1,1,14498.539968610054,0.0,396.9062029461593,0.1782151530005649
PressureVessel,4,DCAS-DE,6,400,1,1,7158.544214271708,0.0,398.9797208025952,0.2042421990008733
PressureVessel,4,DCAS-DE,7,400,1,1,9254.9689649594,0.0,394.50240553850335,0.1789786320005078
PressureVessel,4,DCAS-DE,8,400,1,1,9695.69238212138,0.0,393.1664267675162,0.1948349819995201
PressureVessel,4,DCAS-DE,9,400,1,1,10694.870291674431,0.0,392.2219863021585,0.4116198829997302
PressureVessel,4,DCAS-DE,10,400,1,4,8189.308113360393,0.0,394.739795789021,0.4282240840002487
PressureVessel,4,DCAS-DE,11,400,1,3,8047.864643072251,0.0,396.3663386557016,0.4144252339992818
PressureVessel,4,DCAS-DE,12,400,1,5,9368.707006043987,0.0,397.2913378091928,0.3855821029992512
PressureVessel,4,DCAS-DE,13,400,1,1,10484.38061796494,0.0,392.6804535731786,0.4353303550014971
PressureVessel,4,DCAS-DE,14,400,1,1,7559.76435264081,0.0,397.3748207965865,0.4158665180002572
PressureVessel,4,DCAS-DE,15,400,1,1,11246.834142305564,0.0,396.5002528746127,0.4355971490003867
PressureVessel,4,DCAS-DE,16,400,1,5,10184.336984690028,0.0,392.7050504886001,0.3720991360005428
PressureVessel,4,DCAS-DE,17,400,1,7,9553.020087252444,0.0,389.7216393345407,0.2761251669999183
PressureVessel,4,DCAS-DE,18,400,1,1,10011.838943523862,0.0,396.3198278566189,0.1891033489991969
PressureVessel,4,DCAS-DE,19,400,1,5,7208.954058286554,0.0,395.3084861576417,0.1820688079988031
PressureVessel,4,DCAS-DE,20,400,1,3,7624.018202774125,0.0,397.7574433937783,0.1743012539991468
PressureVessel,4,DCAS-DE,21,400,1,1,9545.210657590333,0.0,394.0916924985603,0.1859988300002442
PressureVessel,4,DCAS-DE,22,400,1,4,8644.043140119156,0.0,391.3926249936917,0.456666177000443
PressureVessel,4,DCAS-DE,23,400,1,3,12479.387295316836,0.0,397.103365243708,0.4453230330000224
PressureVessel,4,DCAS-DE,24,400,1,2,8793.585307166017,0.0,393.95308728969576,0.5807328119990416
PressureVessel,4,DCAS-DE,25,400,1,5,14830.166911652304,0.0,396.84236639478166,0.427590309000152
PressureVessel,4,DCAS-DE,26,400,1,2,9905.412830075027,0.0,390.8038832364574,0.1853064360002463
PressureVessel,4,DCAS-DE,27,400,1,3,16268.13582803466,0.0,393.6398211380357,0.1889184179999574
PressureVessel,4,DCAS-DE,28,400,1,1,8457.279131877756,0.0,398.30682031878615,0.1847186550003243
PressureVessel,4,DCAS-DE,29,400,1,4,8592.433879072549,0.0,399.441131294269,0.1975797239992971
PressureVessel,4,DCAS-PSO,0,400,1,2,10541.225721937586,0.0,390.3245393269209,0.1944750179991388
PressureVessel,4,DCAS-PSO,1,400,1,4,9057.348853685238,0.0,388.1823633091973,0.5393354490006459
PressureVessel,4,DCAS-PSO,2,400,1,4,9922.349848990269,0.0,389.245141098756,0.5393980600001669
PressureVessel,4,DCAS-PSO,3,400,1,7,10334.131301425405,0.0,390.1292896712732,0.3836897950004641
PressureVessel,4,DCAS-PSO,4,400,1,1,8215.79681783094,0.0,389.8017482559069,0.4316576629989868
PressureVessel,4,DCAS-PSO,5,400,1,1,7035.4640427156655,0.0,389.60764026741816,0.2845753680012421
PressureVessel,4,DCAS-PSO,6,400,1,1,9485.64457176664,0.0,391.1103101155982,0.1885519410006964
PressureVessel,4,DCAS-PSO,7,400,1,1,9958.536490966835,0.0,389.2854993759734,0.1923225520004052
PressureVessel,4,DCAS-PSO,8,400,1,1,9295.75338917456,0.0,390.2575600711286,0.2057240100002673
PressureVessel,4,DCAS-PSO,9,400,1,1,10769.966538727967,0.0,389.9385465683067,0.1880380189995776
PressureVessel,4,DCAS-PSO,10,400,1,4,12344.372368448156,0.0,390.2680862695837,0.307716238001376
PressureVessel,4,DCAS-PSO,11,400,1,3,14394.027774748422,0.0,389.9776948564693,0.4677751519993762
PressureVessel,4,DCAS-PSO,12,400,1,5,10272.957624631645,0.0,389.6864233476356,0.4389423649990931
PressureVessel,4,DCAS-PSO,13,400,1,1,9242.7820109372,0.0,391.56349920849647,0.3995979300016188
PressureVessel,4,DCAS-PSO,14,400,1,1,7185.971168454456,0.0,390.4924124047822,0.2936993860002985
PressureVessel,4,DCAS-PSO,15,400,1,1,9457.958405624382,0.0,389.2697888419566,0.1952816239991079
PressureVessel,4,DCAS-PSO,16,400,1,5,10571.035484973603,0.0,391.1086218765122,0.240569872999913
PressureVessel,4,DCAS-PSO,17,400,1,7,11222.04480530712,0.0,389.2000117049161,0.1952548930003104
PressureVessel,4,DCAS-PSO,18,400,1,1,7656.843120826551,0.0,389.4337883058734,0.2040070109997032
PressureVessel,4,DCAS-PSO,19,400,1,5,9094.820313323968,0.0,388.2356832531294,0.3508238659997005
PressureVessel,4,DCAS-PSO,20,400,1,3,8987.376002112584,0.0,391.2872300886706,0.4214776709995931
PressureVessel,4,DCAS-PSO,21,400,1,1,10659.747714722227,0.0,390.580507954551,0.5429212119997828
PressureVessel,4,DCAS-PSO,22,400,1,4,7448.574032752231,0.0,390.41657763885183,0.3903143820007244
PressureVessel,4,DCAS-PSO,23,400,1,3,8243.256894786082,0.0,389.7506929288009,0.3194859949999227
PressureVessel,4,DCAS-PSO,24,400,1,2,12549.424880038969,0.0,388.9775988792211,0.192813121000654
PressureVessel,4,DCAS-PSO,25,400,1,5,7589.73024067104,0.0,390.6943123693464,0.1834068900006968
PressureVessel,4,DCAS-PSO,26,400,1,2,8200.083726733208,0.0,391.4808253820143,0.2102121280004212
PressureVessel,4,DCAS-PSO,27,400,1,3,13670.001492635369,0.0,390.31569625845776,0.2273991399997612
PressureVessel,4,DCAS-PSO,28,400,1,1,8007.554095655412,0.0,389.3885274086096,0.289244345998668
PressureVessel,4,DCAS-PSO,29,400,1,4,21247.908213954503,0.0,390.38724639791815,0.4219963420000567
PressureVessel,4,JADE-NCV,0,400,1,2,11018.986654617842,0.0,400.0,0.0292691809991083
PressureVessel,4,JADE-NCV,1,400,1,4,11350.009606083971,0.0,400.0,0.029889985000409
PressureVessel,4,JADE-NCV,2,400,1,4,16988.23345539485,0.0,400.0,0.0291263279996201
PressureVessel,4,JADE-NCV,3,400,1,7,8669.594465262893,0.0,400.0,0.0321358670007612
PressureVessel,4,JADE-NCV,4,400,1,1,14492.13669136371,0.0,400.0,0.0324655409986007
PressureVessel,4,JADE-NCV,5,400,1,1,13213.425252698013,0.0,400.0,0.0301747060002526
PressureVessel,4,JADE-NCV,6,400,1,1,13147.448977850505,0.0,400.0,0.0310154939998028
PressureVessel,4,JADE-NCV,7,400,1,1,14583.18948047082,0.0,400.0,0.0299293239986582
PressureVessel,4,JADE-NCV,8,400,1,1,14680.75490692834,0.0,400.0,0.0322329289992922
PressureVessel,4,JADE-NCV,9,400,1,1,13997.723378702598,0.0,400.0,0.0317027529999904
PressureVessel,4,JADE-NCV,10,400,1,4,11834.293054309075,0.0,400.0,0.0293962830000964
PressureVessel,4,JADE-NCV,11,400,1,3,13066.8292482485,0.0,400.0,0.0295686030003707
PressureVessel,4,JADE-NCV,12,400,1,5,12832.321438916037,0.0,400.0,0.0312329749995114
PressureVessel,4,JADE-NCV,13,400,1,1,16991.43592602403,0.0,400.0,0.030901669000741
PressureVessel,4,JADE-NCV,14,400,1,1,11240.355241215848,0.0,400.0,0.030019079998965
PressureVessel,4,JADE-NCV,15,400,1,1,10616.010620661204,0.0,400.0,0.0319203369999741
PressureVessel,4,JADE-NCV,16,400,1,5,11036.620327498,0.0,400.0,0.0303108040006918
PressureVessel,4,JADE-NCV,17,400,1,7,11409.489579513338,0.0,400.0,0.0293292429996654
PressureVessel,4,JADE-NCV,18,400,1,1,11178.74061602262,0.0,400.0,0.0345113550010864
PressureVessel,4,JADE-NCV,19,400,1,5,11026.959324470905,0.0,400.0,0.0309737780007708
PressureVessel,4,JADE-NCV,20,400,1,3,16649.475142371935,0.0,400.0,0.0286994240013882
PressureVessel,4,JADE-NCV,21,400,1,1,12226.746595889395,0.0,400.0,0.0319579310016706
PressureVessel,4,JADE-NCV,22,400,1,4,11679.242787792418,0.0,400.0,0.0319584379994921
PressureVessel,4,JADE-NCV,23,400,1,3,11275.897537080844,0.0,400.0,0.0301917030010372
PressureVessel,4,JADE-NCV,24,400,1,2,9679.580549842907,0.0,400.0,0.0300834760000725
PressureVessel,4,JADE-NCV,25,400,1,5,10164.165086257588,0.0,400.0,0.0305431010001484
PressureVessel,4,JADE-NCV,26,400,1,2,12790.53194602472,0.0,400.0,0.0282808569991175
PressureVessel,4,JADE-NCV,27,400,1,3,17087.912440997767,0.0,400.0,0.0291790640003455
PressureVessel,4,JADE-NCV,28,400,1,1,8827.65944507662,0.0,400.0,0.0295758390002447
PressureVessel,4,JADE-NCV,29,400,1,4,10996.762315416565,0.0,400.0,0.0320909120000578
PressureVessel,4,PSO,0,400,1,2,15825.775216104095,0.0,400.0,0.0144481269999232
PressureVessel,4,PSO,1,400,1,4,6752.793560120782,0.0,400.0,0.0146440429998619
PressureVessel,4,PSO,2,400,1,4,14184.57606304238,0.0,400.0,0.013231929999165
PressureVessel,4,PSO,3,400,1,7,8275.98902739604,0.0,400.0,0.0120225979990209
PressureVessel,4,PSO,4,400,1,1,6658.465947996568,0.0,400.0,0.0128385520001756
PressureVessel,4,PSO,5,400,1,1,9191.391596331712,0.0,400.0,0.0142382030007865
PressureVessel,4,PSO,6,400,1,1,8865.773359361894,0.0,400.0,0.0157169800004339
PressureVessel,4,PSO,7,400,1,1,10947.798132168658,0.0,400.0,0.0156308599998737
PressureVessel,4,PSO,8,400,1,1,11358.729467789126,0.0,400.0,0.0141612369989161
PressureVessel,4,PSO,9,400,1,1,10379.34827261788,0.0,400.0,0.0127478599988535
PressureVessel,4,PSO,10,400,1,4,8841.521236131906,0.0,400.0,0.0140374570000858
PressureVessel,4,PSO,11,400,1,3,9307.364025300014,0.0,400.0,0.0136033529997803
PressureVessel,4,PSO,12,400,1,5,8019.820121137498,0.0,400.0,0.014384426000106
PressureVessel,4,PSO,13,400,1,1,14559.331894911193,0.0,400.0,0.0146044220000476
PressureVessel,4,PSO,14,400,1,1,8946.174561677179,0.0,400.0,0.0179850019994773
PressureVessel,4,PSO,15,400,1,1,9403.7259759913,0.0,400.0,0.0134033869999257
PressureVessel,4,PSO,16,400,1,5,9260.138645607378,0.0,400.0,0.013896635000492
PressureVessel,4,PSO,17,400,1,7,12263.897361190597,0.0,400.0,0.0132694860003539
PressureVessel,4,PSO,18,400,1,1,8804.22782306554,0.0,400.0,0.0137198199990962
PressureVessel,4,PSO,19,400,1,5,8533.987759102107,0.0,400.0,0.0148782879987265
PressureVessel,4,PSO,20,400,1,3,9701.17862609264,0.0,400.0,0.0129646440000215
PressureVessel,4,PSO,21,400,1,1,9590.039429155557,0.0,400.0,0.0134689879996585
PressureVessel,4,PSO,22,400,1,4,8042.552476529581,0.0,400.0,0.0136315380004816
PressureVessel,4,PSO,23,400,1,3,9956.076819932448,0.0,400.0,0.017816584000684
PressureVessel,4,PSO,24,400,1,2,8736.613939164188,0.0,400.0,0.0175954629994521
PressureVessel,4,PSO,25,400,1,5,8483.808191821414,0.0,400.0,0.0137345269995421
PressureVessel,4,PSO,26,400,1,2,9285.674063913444,0.0,400.0,0.0144303519991808
PressureVessel,4,PSO,27,400,1,3,9680.807728939002,0.0,400.0,0.0133783239998592
PressureVessel,4,PSO,28,400,1,1,8499.92988010676,0.0,400.0,0.0138581369992607
PressureVessel,4,PSO,29,400,1,4,11524.615360391825,0.0,400.0,0.0121544529993116
RotatedBox10,10,CMA-ES,0,400,0,401,inf,0.3301997313638503,400.0,0.0233582540004135
RotatedBox10,10,CMA-ES,1,400,0,401,inf,0.5266996878650271,400.0,0.0202033810001012
RotatedBox10,10,CMA-ES,2,400,0,401,inf,0.235309552097312,400.0,0.0194058720007888
RotatedBox10,10,CMA-ES,3,400,0,401,inf,0.2327438833989215,400.0,0.0176759590012807
RotatedBox10,10,CMA-ES,4,400,0,401,inf,0.3117231118835104,400.0,0.0183146179988398
RotatedBox10,10,CMA-ES,5,400,0,401,inf,0.4564203425213431,400.0,0.0188825469995208
RotatedBox10,10,CMA-ES,6,400,1,362,13.789552939585008,0.0,400.0,0.0202906549984618
RotatedBox10,10,CMA-ES,7,400,0,401,inf,0.4235399350173712,400.0,0.0213146529986261
RotatedBox10,10,CMA-ES,8,400,0,401,inf,0.2977032558628077,400.0,0.0174027220000425
RotatedBox10,10,CMA-ES,9,400,0,401,inf,0.6485290970860604,400.0,0.0184219749990006
RotatedBox10,10,CMA-ES,10,400,0,401,inf,0.1402550104648651,400.0,0.017194575000758
RotatedBox10,10,CMA-ES,11,400,0,401,inf,0.6218294324656338,400.0,0.0178411130000313
RotatedBox10,10,CMA-ES,12,400,0,401,inf,0.0517598025181725,400.0,0.019760490000408
RotatedBox10,10,CMA-ES,13,400,0,401,inf,0.513590170234692,400.0,0.0192474049999873
RotatedBox10,10,CMA-ES,14,400,0,401,inf,0.018692348837991,400.0,0.0190868279987626
RotatedBox10,10,CMA-ES,15,400,0,401,inf,0.3519356634131,400.0,0.0181317850001505
RotatedBox10,10,CMA-ES,16,400,0,401,inf,0.3340253366418692,400.0,0.0196616699995502
RotatedBox10,10,CMA-ES,17,400,0,401,inf,0.30472871566663,400.0,0.0205189490006887
RotatedBox10,10,CMA-ES,18,400,0,401,inf,0.0410976013362567,400.0,0.0203996079999342
RotatedBox10,10,CMA-ES,19,400,0,401,inf,0.1852217777390079,400.0,0.0246425719997205
RotatedBox10,10,CMA-ES,20,400,0,401,inf,0.301381669146458,400.0,0.025291833000665
RotatedBox10,10,CMA-ES,21,400,0,401,inf,0.2687589338388956,400.0,0.0224997969999094
RotatedBox10,10,CMA-ES,22,400,0,401,inf,0.08812227475227,400.0,0.0213151210009527
RotatedBox10,10,CMA-ES,23,400,0,401,inf,0.435954507324796,400.0,0.0253708430009282
RotatedBox10,10,CMA-ES,24,400,1,284,14.64044695286965,0.0,400.0,0.0189253429998643
RotatedBox10,10,CMA-ES,25,400,0,401,inf,0.2790469498399717,400.0,0.0193243600006098
RotatedBox10,10,CMA-ES,26,400,0,401,inf,0.3712098763236312,400.0,0.0203337379989534
RotatedBox10,10,CMA-ES,27,400,0,401,inf,0.1672287792192248,400.0,0.019208156998502
RotatedBox10,10,CMA-ES,28,400,0,401,inf,0.604309333282296,400.0,0.0183928629994625
RotatedBox10,10,CMA-ES,29,400,0,401,inf,0.2350835421922615,400.0,0.0192713020005612
RotatedBox10,10,DCAS-CMA,0,400,1,55,5.290549264514427,0.0,394.0794510478025,0.1633390299994062
RotatedBox10,10,DCAS-CMA,1,400,1,43,3.5058015836203347,0.0,392.1867361238845,0.1648870700009865
RotatedBox10,10,DCAS-CMA,2,400,1,128,5.067021716582321,0.0,392.8176745402241,0.1505546970001887
RotatedBox10,10,DCAS-CMA,3,400,1,62,3.484520205167591,0.0,391.6514717079697,0.158329968999169
RotatedBox10,10,DCAS-CMA,4,400,1,137,7.187808387083577,0.0,397.36816812217705,0.1164777690009941
RotatedBox10,10,DCAS-CMA,5,400,1,86,3.985601300010643,0.0,390.81474431728856,0.1521533049999561
RotatedBox10,10,DCAS-CMA,6,400,1,41,4.688651928992217,0.0,390.7522021462221,0.1533818770003563
RotatedBox10,10,DCAS-CMA,7,400,1,82,5.742520308478226,0.0,392.713528774432,0.1414368789992295
RotatedBox10,10,DCAS-CMA,8,400,1,95,5.069210447542847,0.0,392.6687256096428,0.1346784010002011
RotatedBox10,10,DCAS-CMA,9,400,1,43,4.570507065832001,0.0,393.2207386447506,0.1550202920006995
RotatedBox10,10,DCAS-CMA,10,400,1,43,4.826704343776717,0.0,393.8653316259656,0.1555586160011444
RotatedBox10,10,DCAS-CMA,11,400,1,56,6.447545912145609,0.0,392.8197770494252,0.1500384430000849
RotatedBox10,10,DCAS-CMA,12,400,1,166,5.624899678435833,0.0,397.496752038936,0.1841567029987345
RotatedBox10,10,DCAS-CMA,13,400,1,43,4.47374986734615,0.0,392.6596075771616,0.27941691200067
RotatedBox10,10,DCAS-CMA,14,400,1,139,8.9836689972998,0.0,393.862187639073,0.2154386099991825
RotatedBox10,10,DCAS-CMA,15,400,1,141,5.492044269427005,0.0,395.9726637226046,0.1225747380012762
RotatedBox10,10,DCAS-CMA,16,400,1,85,3.6220476527987375,0.0,393.7072754036824,0.1621797199986758
RotatedBox10,10,DCAS-CMA,17,400,1,52,5.0216376314043805,0.0,394.1351828493837,0.1415189199997257
RotatedBox10,10,DCAS-CMA,18,400,1,53,4.046052705152585,0.0,391.0110553695213,0.1746946210005262
RotatedBox10,10,DCAS-CMA,19,400,1,90,4.772995415796029,0.0,396.1214570055633,0.1476910780002072
RotatedBox10,10,DCAS-CMA,20,400,1,41,3.7198676791198095,0.0,390.7366384060708,0.1778765640010533
RotatedBox10,10,DCAS-CMA,21,400,1,50,3.9914993631585087,0.0,394.1540870461456,0.1647159990006912
RotatedBox10,10,DCAS-CMA,22,400,1,86,4.949509673549599,0.0,395.6865829938296,0.184727275998739
RotatedBox10,10,DCAS-CMA,23,400,1,60,4.537488662756648,0.0,393.4542758465898,0.2914857790001406
RotatedBox10,10,DCAS-CMA,24,400,1,41,3.927295268475688,0.0,392.6914844703042,0.1715843019992462
RotatedBox10,10,DCAS-CMA,25,400,1,98,3.968039815830939,0.0,393.0241112303816,0.1655961899996327
RotatedBox10,10,DCAS-CMA,26,400,1,43,3.662800815145861,0.0,393.4705484264958,0.1903373200002533
RotatedBox10,10,DCAS-CMA,27,400,1,84,6.052574792621709,0.0,395.58231445755325,0.195599733000563
RotatedBox10,10,DCAS-CMA,28,400,1,62,5.781683531346674,0.0,396.6085897006082,0.1599784819991327
RotatedBox10,10,DCAS-CMA,29,400,1,50,4.446884936958691,0.0,393.40204983745065,0.1789594850015419
RotatedBox10,10,DCAS-DE,0,400,1,242,6.0903713457572985,0.0,407.6902487558967,0.1122134589986671
RotatedBox10,10,DCAS-DE,1,400,1,281,7.750090310511661,0.0,407.1262170496282,0.1231114519996481
RotatedBox10,10,DCAS-DE,2,400,1,284,7.158084002024885,0.0,406.498560774934,0.1034949240001879
RotatedBox10,10,DCAS-DE,3,400,1,229,5.882166944175479,0.0,405.5458401275274,0.1140099149997695
RotatedBox10,10,DCAS-DE,4,400,1,178,5.746580417598657,0.0,400.5722674879063,0.1183021849992655
RotatedBox10,10,DCAS-DE,5,400,1,278,7.326849987839518,0.0,403.0903666105195,0.1056584380003187
RotatedBox10,10,DCAS-DE,6,400,1,287,4.728963476297874,0.0,408.5269114932206,0.098623411000517
RotatedBox10,10,DCAS-DE,7,400,1,287,5.205156126961811,0.0,405.9963779155168,0.096622656999898
RotatedBox10,10,DCAS-DE,8,400,1,282,5.157778540912108,0.0,405.2237189594045,0.1117807400005403
RotatedBox10,10,DCAS-DE,9,400,1,293,8.344117908444506,0.0,405.1273011888828,0.1018247579995659
RotatedBox10,10,DCAS-DE,10,400,1,143,4.554078337180569,0.0,396.8270239287387,0.1726131679988611
RotatedBox10,10,DCAS-DE,11,400,1,275,7.845313521871322,0.0,409.26639694539,0.1204569969995645
RotatedBox10,10,DCAS-DE,12,400,1,264,6.762450950643854,0.0,408.8498051449137,0.1183893450015602
RotatedBox10,10,DCAS-DE,13,400,1,218,4.9657334733871465,0.0,400.2802166395324,0.1359259000000747
RotatedBox10,10,DCAS-DE,14,400,1,294,9.548472850746894,0.0,405.315804528403,0.1211264600005961
RotatedBox10,10,DCAS-DE,15,400,1,279,5.241933569153633,0.0,403.1858738387014,0.1052139190014713
RotatedBox10,10,DCAS-DE,16,400,1,220,9.888983162790916,0.0,402.5636923171203,0.1113394240001071
RotatedBox10,10,DCAS-DE,17,400,1,245,6.063862386394596,0.0,403.57190672737545,0.1060627209990343
RotatedBox10,10,DCAS-DE,18,400,1,205,5.299582178864902,0.0,403.1171232657508,0.1304036090004956
RotatedBox10,10,DCAS-DE,19,400,1,241,4.440712163175755,0.0,406.1768864444314,0.135854685000595
RotatedBox10,10,DCAS-DE,20,400,1,203,5.957928214269035,0.0,403.8872387627689,0.1237743150013557
RotatedBox10,10,DCAS-DE,21,400,1,241,5.172807102633745,0.0,406.022368950826,0.1072963700007676
RotatedBox10,10,DCAS-DE,22,400,1,166,6.830193553772647,0.0,400.2741742326121,0.1274203360007959
RotatedBox10,10,DCAS-DE,23,400,1,234,6.033480942148215,0.0,401.02115496908505,0.1456202229983318
RotatedBox10,10,DCAS-DE,24,400,1,244,6.170317957184281,0.0,404.4836137812813,0.2126007789993309
RotatedBox10,10,DCAS-DE,25,400,1,286,8.013608461719798,0.0,404.80626393205125,0.1915212349995272
RotatedBox10,10,DCAS-DE,26,400,1,252,6.906544077950241,0.0,408.2707487664699,0.1163864410009409
RotatedBox10,10,DCAS-DE,27,400,1,170,6.535265282965573,0.0,401.3194231269776,0.134113593998336
RotatedBox10,10,DCAS-DE,28,400,1,222,5.384152299752342,0.0,401.604392772885,0.154069979000269
RotatedBox10,10,DCAS-DE,29,400,1,278,6.850993954494644,0.0,406.4797573705749,0.1160908359997847
RotatedBox10,10,DCAS-PSO,0,400,1,168,5.104770851288897,0.0,398.1093377832702,0.1860139350010285
RotatedBox10,10,DCAS-PSO,1,400,1,205,7.552524809991981,0.0,400.22853415134057,0.1206337840012565
RotatedBox10,10,DCAS-PSO,2,400,1,174,8.396864323503355,0.0,398.3779457416158,0.1392387539999617
RotatedBox10,10,DCAS-PSO,3,400,1,235,5.895407008661549,0.0,399.0256332347788,0.2204974940013926
RotatedBox10,10,DCAS-PSO,4,400,1,242,7.851233806286801,0.0,400.6914474889698,0.1178331510000134
RotatedBox10,10,DCAS-PSO,5,400,1,247,10.033326895944164,0.0,401.6987769776624,0.1296463790004054
RotatedBox10,10,DCAS-PSO,6,400,1,200,5.299825428322198,0.0,398.2687334830971,0.1457616350016906
RotatedBox10,10,DCAS-PSO,7,400,1,224,7.142855438985282,0.0,399.0803310585832,0.1126969120014109
RotatedBox10,10,DCAS-PSO,8,400,1,111,4.25762463369204,0.0,398.3829325590599,0.1414931759991304
RotatedBox10,10,DCAS-PSO,9,400,1,149,6.0929277190014055,0.0,400.1209539412809,0.2065904159990168
RotatedBox10,10,DCAS-PSO,10,400,1,100,5.357909517460605,0.0,395.3893785325641,0.2625684119993821
RotatedBox10,10,DCAS-PSO,11,400,1,99,6.054697578127631,0.0,398.4782674835928,0.1330060090003826
RotatedBox10,10,DCAS-PSO,12,400,1,257,6.345134263976416,0.0,403.36159712488455,0.1076459739997517
RotatedBox10,10,DCAS-PSO,13,400,1,258,5.3767322034137415,0.0,402.4863143933062,0.1288376080010493
RotatedBox10,10,DCAS-PSO,14,400,1,250,8.767472205430128,0.0,399.70410764348696,0.1157045839991042
RotatedBox10,10,DCAS-PSO,15,400,1,207,7.893829654020322,0.0,401.201776706207,0.11763003499982
RotatedBox10,10,DCAS-PSO,16,400,1,214,6.284349765521403,0.0,401.44705403686737,0.103379625999878
RotatedBox10,10,DCAS-PSO,17,400,1,265,6.682885516618042,0.0,403.6426966912454,0.1076436220009782
RotatedBox10,10,DCAS-PSO,18,400,1,169,5.37829134874443,0.0,396.8530434026284,0.1131440410008508
RotatedBox10,10,DCAS-PSO,19,400,1,163,6.508655571793264,0.0,397.3234691611198,0.1128512699997372
RotatedBox10,10,DCAS-PSO,20,400,1,242,7.0917970924807765,0.0,399.9960315896417,0.0983069080011773
RotatedBox10,10,DCAS-PSO,21,400,1,159,4.854177553066489,0.0,398.3460227623192,0.1229404189998604
RotatedBox10,10,DCAS-PSO,22,400,1,124,5.048809857117609,0.0,398.4841505084573,0.1259780950003914
RotatedBox10,10,DCAS-PSO,23,400,1,121,5.8746095355736365,0.0,396.1934009245115,0.2131702990009216
RotatedBox10,10,DCAS-PSO,24,400,1,228,6.79187395328211,0.0,403.449547239476,0.1007684740015975
RotatedBox10,10,DCAS-PSO,25,400,1,210,6.044914701337693,0.0,399.7627602767401,0.1028124770000431
RotatedBox10,10,DCAS-PSO,26,400,1,169,6.777573935615514,0.0,398.3086234678421,0.0997799760007183
RotatedBox10,10,DCAS-PSO,27,400,1,175,7.050983936089487,0.0,399.87144856275455,0.1114949330003582
RotatedBox10,10,DCAS-PSO,28,400,1,176,6.268084449101738,0.0,400.95330666226766,0.1095073920005234
RotatedBox10,10,DCAS-PSO,29,400,1,88,4.261588225683207,0.0,398.4506997794341,0.1160308569997141
RotatedBox10,10,JADE-NCV,0,400,0,401,inf,0.1815786787849009,400.0,0.0398190809992229
RotatedBox10,10,JADE-NCV,1,400,0,401,inf,0.0740777828948769,400.0,0.039723297000819
RotatedBox10,10,JADE-NCV,2,400,0,401,inf,0.0026596848014092,400.0,0.0360523100007412
RotatedBox10,10,JADE-NCV,3,400,0,401,inf,0.1547308344146082,400.0,0.1180385950010531
RotatedBox10,10,JADE-NCV,4,400,0,401,inf,0.1726432326564669,400.0,0.472618137999234
RotatedBox10,10,JADE-NCV,5,400,0,401,inf,0.0275108452115349,400.0,0.0829617340004915
RotatedBox10,10,JADE-NCV,6,400,0,401,inf,0.2026587317479135,400.0,0.0431531960002757
RotatedBox10,10,JADE-NCV,7,400,1,396,11.984715020290476,0.0,400.0,0.0911486839995632
RotatedBox10,10,JADE-NCV,8,400,0,401,inf,0.1227452606533519,400.0,0.3103845650002768
RotatedBox10,10,JADE-NCV,9,400,1,327,9.135916975228238,0.0,400.0,0.0537430419990414
RotatedBox10,10,JADE-NCV,10,400,0,401,inf,0.0142228305796405,400.0,0.2342449000007036
RotatedBox10,10,JADE-NCV,11,400,0,401,inf,0.1049367379362603,400.0,0.0324025219997565
RotatedBox10,10,JADE-NCV,12,400,0,401,inf,0.0744909117779843,400.0,0.0995769279998057
RotatedBox10,10,JADE-NCV,13,400,0,401,inf,0.0558456542119715,400.0,0.0690045130013459
RotatedBox10,10,JADE-NCV,14,400,0,401,inf,0.1255710748520006,400.0,0.0436166039999079
RotatedBox10,10,JADE-NCV,15,400,0,401,inf,0.0782559807257604,400.0,0.0512176769989309
RotatedBox10,10,JADE-NCV,16,400,0,401,inf,0.0231851833533438,400.0,0.0364416410011472
RotatedBox10,10,JADE-NCV,17,400,0,401,inf,0.0188566893342107,400.0,0.0427905950000422
RotatedBox10,10,JADE-NCV,18,400,0,401,inf,0.1090909251476966,400.0,0.0350976339996123
RotatedBox10,10,JADE-NCV,19,400,0,401,inf,0.0018067144654322,400.0,0.0341479899998375
RotatedBox10,10,JADE-NCV,20,400,0,401,inf,0.1847508113176337,400.0,0.039588655999978
RotatedBox10,10,JADE-NCV,21,400,1,385,12.220701754291646,0.0,400.0,0.0372804609996819
RotatedBox10,10,JADE-NCV,22,400,0,401,inf,0.0888510871319981,400.0,0.0365266780008823
RotatedBox10,10,JADE-NCV,23,400,1,396,8.680879483351548,0.0,400.0,0.0389583039996068
RotatedBox10,10,JADE-NCV,24,400,0,401,inf,0.1468521838927476,400.0,0.036034856999322
RotatedBox10,10,JADE-NCV,25,400,0,401,inf,0.2013816611949697,400.0,0.0380913389999477
RotatedBox10,10,JADE-NCV,26,400,0,401,inf,0.2224745913992203,400.0,0.0458625970004504
RotatedBox10,10,JADE-NCV,27,400,0,401,inf,0.01293471775127,400.0,0.0366667130001587
RotatedBox10,10,JADE-NCV,28,400,0,401,inf,0.0919677448400061,400.0,0.0372254610010713
RotatedBox10,10,JADE-NCV,29,400,0,401,inf,0.0614796386784468,400.0,0.0398612869994394
RotatedBox10,10,PSO,0,400,1,364,12.540868598409183,0.0,400.0,0.0182351969997398
RotatedBox10,10,PSO,1,400,1,241,6.766520497740758,0.0,400.0,0.0173341900008381
RotatedBox10,10,PSO,2,400,1,294,7.699425052620167,0.0,400.0,0.0194424380006239
RotatedBox10,10,PSO,3,400,1,249,7.842462129210771,0.0,400.0,0.0180786870005249
RotatedBox10,10,PSO,4,400,1,306,6.79719922585959,0.0,400.0,0.0189207210005406
RotatedBox10,10,PSO,5,400,1,229,8.421862236191116,0.0,400.0,0.0181701389992667
RotatedBox10,10,PSO,6,400,1,352,11.024901889023848,0.0,400.0,0.0184475070000189
RotatedBox10,10,PSO,7,400,1,245,8.129799156272252,0.0,400.0,0.0175632580012461
RotatedBox10,10,PSO,8,400,1,319,8.180313174367122,0.0,400.0,0.0187941000003775
RotatedBox10,10,PSO,9,400,1,228,7.961035959105631,0.0,400.0,0.0222703550007281
RotatedBox10,10,PSO,10,400,1,165,9.10079954157723,0.0,400.0,0.0184396940003352
RotatedBox10,10,PSO,11,400,1,178,7.784036971969723,0.0,400.0,0.0189100500010681
RotatedBox10,10,PSO,12,400,1,93,5.545772087597539,0.0,400.0,0.0181112949994712
RotatedBox10,10,PSO,13,400,1,246,6.168842126996374,0.0,400.0,0.0211103420006111
RotatedBox10,10,PSO,14,400,1,221,11.830582460077974,0.0,400.0,0.0192384800011495
RotatedBox10,10,PSO,15,400,1,223,7.163215116814007,0.0,400.0,0.0195230110002739
RotatedBox10,10,PSO,16,400,1,246,8.465725246696554,0.0,400.0,0.0192479279994586
RotatedBox10,10,PSO,17,400,1,302,9.87633564616254,0.0,400.0,0.0253652800001873
RotatedBox10,10,PSO,18,400,1,208,6.943034406609694,0.0,400.0,0.0195220509995124
RotatedBox10,10,PSO,19,400,1,374,8.583835015796526,0.0,400.0,0.025798324999414
RotatedBox10,10,PSO,20,400,1,240,6.779748083198333,0.0,400.0,0.0763185099986003
RotatedBox10,10,PSO,21,400,1,332,10.269355880091938,0.0,400.0,0.0300497349999204
RotatedBox10,10,PSO,22,400,1,268,9.549319457393858,0.0,400.0,0.017980766000619
RotatedBox10,10,PSO,23,400,1,120,7.942500549133797,0.0,400.0,0.0200389460005681
RotatedBox10,10,PSO,24,400,1,185,5.611926318910243,0.0,400.0,0.0183770390012796
RotatedBox10,10,PSO,25,400,1,174,6.893251405217997,0.0,400.0,0.0186483060006139
RotatedBox10,10,PSO,26,400,1,323,7.023335006763801,0.0,400.0,0.018350943999394
RotatedBox10,10,PSO,27,400,1,259,9.182537928290747,0.0,400.0,0.0195580859999608
RotatedBox10,10,PSO,28,400,1,254,6.579776385820869,0.0,400.0,0.0222816660007083
RotatedBox10,10,PSO,29,400,1,264,7.3245533045273294,0.0,400.0,0.0181339929986279
TensionSpring,3,CMA-ES,0,400,1,108,0.0352234060433927,0.0,400.0,0.0277454050010419
TensionSpring,3,CMA-ES,1,400,1,17,0.018197407683515,0.0,400.0,0.0380949059999693
TensionSpring,3,CMA-ES,2,400,1,56,0.0234555109084326,0.0,400.0,0.0215551629989931
TensionSpring,3,CMA-ES,3,400,1,153,0.0224858034974454,0.0,400.0,0.0253036499998415
TensionSpring,3,CMA-ES,4,400,1,142,0.0159943806281055,0.0,400.0,0.0279057280004053
TensionSpring,3,CMA-ES,5,400,1,10,0.0181954068603751,0.0,400.0,0.0255992070015054
TensionSpring,3,CMA-ES,6,400,1,9,0.0152661055460307,0.0,400.0,0.0146097760007251
TensionSpring,3,CMA-ES,7,400,1,101,0.0184683142511013,0.0,400.0,0.0160570000007282
TensionSpring,3,CMA-ES,8,400,1,283,0.0233902340196834,0.0,400.0,0.0235160100000939
TensionSpring,3,CMA-ES,9,400,1,111,0.0186333146328278,0.0,400.0,0.027177242000107
TensionSpring,3,CMA-ES,10,400,0,401,inf,0.0488847667692717,400.0,0.0305543390004459
TensionSpring,3,CMA-ES,11,400,1,6,0.0169630757143338,0.0,400.0,0.0394471929994324
TensionSpring,3,CMA-ES,12,400,1,77,0.0244339783477965,0.0,400.0,0.0306648519999725
TensionSpring,3,CMA-ES,13,400,1,122,0.0131049062263055,0.0,400.0,0.0285175949993572
TensionSpring,3,CMA-ES,14,400,1,173,0.0133235883040225,0.0,400.0,0.0335528269988572
TensionSpring,3,CMA-ES,15,400,1,89,0.0133292916982142,0.0,400.0,0.0312641330001497
TensionSpring,3,CMA-ES,16,400,1,254,0.0336980667006135,0.0,400.0,0.032747074999861
TensionSpring,3,CMA-ES,17,400,0,401,inf,0.019840206883294,400.0,0.0137262110001756
TensionSpring,3,CMA-ES,18,400,1,28,0.0692493131477015,0.0,400.0,0.0128446609996899
TensionSpring,3,CMA-ES,19,400,1,24,0.1659898950075741,0.0,400.0,0.0143944440005725
TensionSpring,3,CMA-ES,20,400,1,286,0.0182176230789181,0.0,400.0,0.0139143310007057
TensionSpring,3,CMA-ES,21,400,1,241,0.0131368319711536,0.0,400.0,0.0154305129999556
TensionSpring,3,CMA-ES,22,400,1,162,0.0167504101213227,0.0,400.0,0.0151398130001325
TensionSpring,3,CMA-ES,23,400,1,166,0.0265824163075285,0.0,400.0,0.0143536309988121
TensionSpring,3,CMA-ES,24,400,1,96,0.021951240581836,0.0,400.0,0.013819276000504
TensionSpring,3,CMA-ES,25,400,1,165,0.0269391704164501,0.0,400.0,0.0133949430000939
TensionSpring,3,CMA-ES,26,400,1,121,0.0265083768692129,0.0,400.0,0.0144614750006439
TensionSpring,3,CMA-ES,27,400,0,401,inf,0.0467326685526212,400.0,0.0135937079994619
TensionSpring,3,CMA-ES,28,400,1,147,0.0131389719996936,0.0,400.0,0.0146740920008596
TensionSpring,3,CMA-ES,29,400,1,81,0.0148061106206746,0.0,400.0,0.0161623309995775
TensionSpring,3,DCAS-CMA,0,400,1,50,0.0546718600352438,0.0,390.7205437681049,0.1378273320005973
TensionSpring,3,DCAS-CMA,1,400,1,4,0.0187505197700342,0.0,396.9518702410701,0.172091521000766
TensionSpring,3,DCAS-CMA,2,400,1,96,0.0239201931928888,0.0,392.0887462147627,0.1054063459996541
TensionSpring,3,DCAS-CMA,3,400,1,237,0.0394027372720551,0.0,386.8570341813007,0.0978253640005277
TensionSpring,3,DCAS-CMA,4,400,1,91,0.0510926872678478,0.0,393.317426563036,0.1097881610003241
TensionSpring,3,DCAS-CMA,5,400,1,17,0.0341103178378658,0.0,396.1069184138509,0.1151507889990171
TensionSpring,3,DCAS-CMA,6,400,1,83,0.0528368687434232,0.0,390.88126230371466,0.2259165449995634
TensionSpring,3,DCAS-CMA,7,400,1,125,0.0379975322663471,0.0,399.7163609755861,0.2151345570000558
TensionSpring,3,DCAS-CMA,8,400,1,49,0.0502121312173581,0.0,401.00039541812487,0.2867155940002703
TensionSpring,3,DCAS-CMA,9,400,1,151,0.0225270293744616,0.0,390.7567733521836,0.2305068570003641
TensionSpring,3,DCAS-CMA,10,400,1,142,0.0362434052755723,0.0,385.6993007639715,0.1982227330008754
TensionSpring,3,DCAS-CMA,11,400,1,21,0.0358426377656432,0.0,391.6706057244393,0.2298653499983629
TensionSpring,3,DCAS-CMA,12,400,1,13,0.0281063206602381,0.0,396.4028853035576,0.2637407750007696
TensionSpring,3,DCAS-CMA,13,400,1,172,0.0980682136141688,0.0,400.328635079277,0.1458039049994113
TensionSpring,3,DCAS-CMA,14,400,1,25,0.0234400655967656,0.0,396.9982393240696,0.1063348579991725
TensionSpring,3,DCAS-CMA,15,400,1,165,0.0205086369776316,0.0,386.6177718137825,0.0830867129989201
TensionSpring,3,DCAS-CMA,16,400,1,42,0.0580472105933016,0.0,389.7875499522149,0.1291759209998417
TensionSpring,3,DCAS-CMA,17,400,1,21,0.0195231618745701,0.0,394.68654127448855,0.0998623609993956
TensionSpring,3,DCAS-CMA,18,400,1,6,0.0383929030486636,0.0,397.6466309755037,0.1110656640012166
TensionSpring,3,DCAS-CMA,19,400,1,82,0.0527429720478832,0.0,392.0740585465755,0.1146035010006016
TensionSpring,3,DCAS-CMA,20,400,1,163,0.0602180834833227,0.0,402.3758874295373,0.1080544500000542
TensionSpring,3,DCAS-CMA,21,400,1,60,0.0311721422898855,0.0,402.5928026324136,0.1032525040009204
TensionSpring,3,DCAS-CMA,22,400,1,381,0.0359920152759084,0.0,389.739341996939,0.0668583410006249
TensionSpring,3,DCAS-CMA,23,400,1,87,0.0399855347841302,0.0,390.06603195059273,0.1979735439999785
TensionSpring,3,DCAS-CMA,24,400,1,157,0.0453393645068228,0.0,383.8453463028953,0.1948086460015474
TensionSpring,3,DCAS-CMA,25,400,1,29,0.0359286587923124,0.0,395.5569795730819,0.2597045429993159
TensionSpring,3,DCAS-CMA,26,400,1,204,0.0307462979704068,0.0,387.0527307238193,0.2064152849998208
TensionSpring,3,DCAS-CMA,27,400,1,19,0.0424950556367901,0.0,394.43578382594126,0.2990501479998784
TensionSpring,3,DCAS-CMA,28,400,1,135,0.0425644640621361,0.0,388.6777138227326,0.2050099609987228
TensionSpring,3,DCAS-CMA,29,400,1,84,0.0485999984344746,0.0,386.1956633950532,0.2300445189994207
TensionSpring,3,DCAS-DE,0,400,1,60,0.0326219374651899,0.0,390.3492447842808,0.2074414830003661
TensionSpring,3,DCAS-DE,1,400,1,4,0.017941639354677,0.0,391.79663748438014,0.1252049370013992
TensionSpring,3,DCAS-DE,2,400,1,71,0.0283526575603081,0.0,387.04853006001895,0.1663335530010954
TensionSpring,3,DCAS-DE,3,400,1,67,0.0272208398153503,0.0,386.77723235345366,0.2664166639988252
TensionSpring,3,DCAS-DE,4,400,1,59,0.0209467093020387,0.0,388.4108631953871,0.3122551549986383
TensionSpring,3,DCAS-DE,5,400,1,17,0.0197834048534184,0.0,390.19659147343833,0.4113016009996499
TensionSpring,3,DCAS-DE,6,400,1,101,0.0138299674490639,0.0,390.4796498242483,0.2247371139983442
TensionSpring,3,DCAS-DE,7,400,1,101,0.0274045815915332,0.0,391.2935827269943,0.3117803549994278
TensionSpring,3,DCAS-DE,8,400,1,89,0.0198840859028395,0.0,390.3317721344259,0.2561017850002827
TensionSpring,3,DCAS-DE,9,400,1,45,0.015812470937372,0.0,389.0320294718341,0.2307818779991066
TensionSpring,3,DCAS-DE,10,400,1,191,0.0210254828847874,0.0,400.7789524580592,0.0883173879992682
TensionSpring,3,DCAS-DE,11,400,1,21,0.0278846995215541,0.0,392.2705495398266,0.1275516559999232
TensionSpring,3,DCAS-DE,12,400,1,13,0.0226526673732902,0.0,390.0017246344027,0.1545738080003502
TensionSpring,3,DCAS-DE,13,400,1,193,0.013826988544112,0.0,391.0525902192604,0.1083048700002109
TensionSpring,3,DCAS-DE,14,400,1,25,0.0132932020563931,0.0,386.6900207986531,0.1330891090001387
TensionSpring,3,DCAS-DE,15,400,1,227,0.0129990057873824,0.0,381.0956749008444,0.0938184790011291
TensionSpring,3,DCAS-DE,16,400,1,43,0.0284408530866765,0.0,389.3271481962129,0.1911188590001984
TensionSpring,3,DCAS-DE,17,400,1,21,0.0151895950581079,0.0,386.1334898027543,0.1855237910003779
TensionSpring,3,DCAS-DE,18,400,1,6,0.0311753139036178,0.0,389.2171110757728,0.3080956290014001
TensionSpring,3,DCAS-DE,19,400,1,47,0.0253638525757346,0.0,392.581731555488,0.2913738209990697
TensionSpring,3,DCAS-DE,20,400,1,166,0.0234925275526958,0.0,403.9808934443154,0.2447919549995276
TensionSpring,3,DCAS-DE,21,400,1,96,0.017033306664827,0.0,384.4254993099679,0.2585115479996602
TensionSpring,3,DCAS-DE,22,400,1,143,0.01970478405866,0.0,392.1973784260382,0.2168595999992248
TensionSpring,3,DCAS-DE,23,400,1,111,0.0141193265249696,0.0,386.4196395467569,0.2206369889991037
TensionSpring,3,DCAS-DE,24,400,1,159,0.0190030308666102,0.0,391.8717509552717,0.1191277279995119
TensionSpring,3,DCAS-DE,25,400,1,29,0.0254166448893864,0.0,388.1549563225053,0.1208809269992343
TensionSpring,3,DCAS-DE,26,400,1,160,0.0134320986161031,0.0,388.6452798009417,0.1070195880001847
TensionSpring,3,DCAS-DE,27,400,1,19,0.0166996628247473,0.0,390.3273282402779,0.1182014280002476
TensionSpring,3,DCAS-DE,28,400,1,199,0.0161346981526426,0.0,391.8493296816635,0.1133396629993512
TensionSpring,3,DCAS-DE,29,400,1,160,0.0331267181665193,0.0,390.6638103895609,0.0913168460010638
TensionSpring,3,DCAS-PSO,0,400,1,82,0.0565608444519183,0.0,384.9495317844949,0.1040614519988594
TensionSpring,3,DCAS-PSO,1,400,1,4,0.0152959918256828,0.0,384.87898200213806,0.1064225390000501
TensionSpring,3,DCAS-PSO,2,400,1,82,0.0275631911708606,0.0,383.3472341742449,0.1273977000000741
TensionSpring,3,DCAS-PSO,3,400,1,53,0.0293679372032309,0.0,384.5308847148845,0.1142533500005811
TensionSpring,3,DCAS-PSO,4,400,1,54,0.02499948853708,0.0,384.6665744887685,0.1552682360015751
TensionSpring,3,DCAS-PSO,5,400,1,17,0.0368983446900029,0.0,385.5687071993105,0.2451567340012843
TensionSpring,3,DCAS-PSO,6,400,1,48,0.0152040126271241,0.0,387.70960288378944,0.2427777869997953
TensionSpring,3,DCAS-PSO,7,400,1,81,0.0178545489096604,0.0,391.16259783640845,0.2871648639993509
TensionSpring,3,DCAS-PSO,8,400,1,84,0.0289499317512029,0.0,400.5087163092076,0.2099812030010071
TensionSpring,3,DCAS-PSO,9,400,1,45,0.0211425555584788,0.0,388.3292198364954,0.2415814340001816
TensionSpring,3,DCAS-PSO,10,400,1,90,0.0171771313647429,0.0,382.4869217624023,0.2015191190002951
TensionSpring,3,DCAS-PSO,11,400,1,21,0.0300834552866189,0.0,386.42818716209183,0.2386244879999139
TensionSpring,3,DCAS-PSO,12,400,1,13,0.0269156501323476,0.0,385.4105518085895,0.1258472079989587
TensionSpring,3,DCAS-PSO,13,400,1,45,0.031803767431304,0.0,385.9818643963937,0.1163594139998167
TensionSpring,3,DCAS-PSO,14,400,1,25,0.013151121546511,0.0,384.48325557475954,0.0993471609999687
TensionSpring,3,DCAS-PSO,15,400,1,42,0.0178167601190799,0.0,386.8255025608048,0.1075001660010457
TensionSpring,3,DCAS-PSO,16,400,1,110,0.036162383330721,0.0,382.1773145621258,0.1223548099987965
TensionSpring,3,DCAS-PSO,17,400,1,21,0.0152928208998632,0.0,383.7916863387724,0.1006133980008598
TensionSpring,3,DCAS-PSO,18,400,1,6,0.0176974271523407,0.0,386.1732308477369,0.1086360850003984
TensionSpring,3,DCAS-PSO,19,400,1,86,0.0211503779122928,0.0,383.126313674476,0.1184659959999407
TensionSpring,3,DCAS-PSO,20,400,1,82,0.0273008627555938,0.0,387.74662516545794,0.1572840080007154
TensionSpring,3,DCAS-PSO,21,400,1,134,0.028786515351508,0.0,380.664916818277,0.2140870699986408
TensionSpring,3,DCAS-PSO,22,400,1,134,0.0336369098146738,0.0,379.6939841255753,0.2174871359984536
TensionSpring,3,DCAS-PSO,23,400,1,50,0.0235430560542803,0.0,389.3345787123755,0.2702668870006164
TensionSpring,3,DCAS-PSO,24,400,1,60,0.0305847477914003,0.0,385.2462934811829,0.2395461110008909
TensionSpring,3,DCAS-PSO,25,400,1,29,0.0190344101430329,0.0,388.18032889796905,0.241441626998494
TensionSpring,3,DCAS-PSO,26,400,1,131,0.0521568464349323,0.0,382.2838048224542,0.2265203389997623
TensionSpring,3,DCAS-PSO,27,400,1,19,0.016981193050585,0.0,385.3176654438409,0.2722951979994832
TensionSpring,3,DCAS-PSO,28,400,1,69,0.0157244089465187,0.0,384.3395396025218,0.131439197999498
TensionSpring,3,DCAS-PSO,29,400,1,41,0.0272477805993055,0.0,386.574931187145,0.118273992999093
TensionSpring,3,JADE-NCV,0,400,1,115,0.0485395154509811,0.0,400.0,0.0323344910011655
TensionSpring,3,JADE-NCV,1,400,1,4,0.0187505197700342,0.0,400.0,0.030550093999409
TensionSpring,3,JADE-NCV,2,400,1,177,0.0132692734049333,0.0,400.0,0.0323923269988881
TensionSpring,3,JADE-NCV,3,400,1,333,0.013246453222936,0.0,400.0,0.0334308510009577
TensionSpring,3,JADE-NCV,4,400,1,105,0.0172239575345594,0.0,400.0,0.0302053159994102
TensionSpring,3,JADE-NCV,5,400,1,17,0.0190580239829736,0.0,400.0,0.0292327749994001
TensionSpring,3,JADE-NCV,6,400,1,202,0.0302792742870136,0.0,400.0,0.0313881089987262
TensionSpring,3,JADE-NCV,7,400,1,154,0.0363124872701647,0.0,400.0,0.0291964939988247
TensionSpring,3,JADE-NCV,8,400,1,134,0.0214401978654507,0.0,400.0,0.0286766410008567
TensionSpring,3,JADE-NCV,9,400,1,164,0.0243596490376453,0.0,400.0,0.0473925780006538
TensionSpring,3,JADE-NCV,10,400,1,186,0.0348998155529809,0.0,400.0,0.0652765710001404
TensionSpring,3,JADE-NCV,11,400,1,21,0.0260802991025419,0.0,400.0,0.0615428239998436
TensionSpring,3,JADE-NCV,12,400,1,13,0.0332232752380092,0.0,400.0,0.0619553859996813
TensionSpring,3,JADE-NCV,13,400,1,209,0.0651023298339679,0.0,400.0,0.0599934519996168
TensionSpring,3,JADE-NCV,14,400,1,25,0.0239347855142941,0.0,400.0,0.0693397470004129
TensionSpring,3,JADE-NCV,15,400,1,110,0.0132417053618855,0.0,400.0,0.0572790349997376
TensionSpring,3,JADE-NCV,16,400,1,165,0.0594562201992347,0.0,400.0,0.0732002730001113
TensionSpring,3,JADE-NCV,17,400,1,21,0.0195231618745701,0.0,400.0,0.0553957179999997
TensionSpring,3,JADE-NCV,18,400,1,6,0.017545077032979,0.0,400.0,0.042799956001545
TensionSpring,3,JADE-NCV,19,400,1,88,0.0253587835135117,0.0,400.0,0.074846522998996
TensionSpring,3,JADE-NCV,20,400,1,187,0.0299066399140132,0.0,400.0,0.051119962001394
TensionSpring,3,JADE-NCV,21,400,1,157,0.0484141360964301,0.0,400.0,0.0665311450011358
TensionSpring,3,JADE-NCV,22,400,1,304,0.0337850618767202,0.0,400.0,0.0669413060004444
TensionSpring,3,JADE-NCV,23,400,1,228,0.0131683881443651,0.0,400.0,0.0627923829997598
TensionSpring,3,JADE-NCV,24,400,1,200,0.0159135271754678,0.0,400.0,0.0575515710006584
TensionSpring,3,JADE-NCV,25,400,1,29,0.0211778667067755,0.0,400.0,0.06378407199918
TensionSpring,3,JADE-NCV,26,400,1,90,0.0372466217539105,0.0,400.0,0.0540534020001359
TensionSpring,3,JADE-NCV,27,400,1,19,0.0235923146244428,0.0,400.0,0.0675646079998841
TensionSpring,3,JADE-NCV,28,400,1,278,0.0140206302940643,0.0,400.0,0.0779596900010801
TensionSpring,3,JADE-NCV,29,400,1,141,0.0496109386860144,0.0,400.0,0.0498512470003333
TensionSpring,3,PSO,0,400,1,82,0.0483892322035636,0.0,400.0,0.0271082589988509
TensionSpring,3,PSO,1,400,1,4,0.0187505197700342,0.0,400.0,0.0322776209995936
TensionSpring,3,PSO,2,400,1,51,0.0320926009613236,0.0,400.0,0.034190803000456
TensionSpring,3,PSO,3,400,1,54,0.028745758404232,0.0,400.0,0.0409521510009653
TensionSpring,3,PSO,4,400,1,91,0.0170670491588871,0.0,400.0,0.019826326999464
TensionSpring,3,PSO,5,400,1,17,0.0261882660014798,0.0,400.0,0.0396019670006353
TensionSpring,3,PSO,6,400,1,106,0.021843601017921,0.0,400.0,0.0337013070002285
TensionSpring,3,PSO,7,400,1,89,0.0452287636643249,0.0,400.0,0.028280751001148
TensionSpring,3,PSO,8,400,1,114,0.0189409005225551,0.0,400.0,0.0145770569997694
TensionSpring,3,PSO,9,400,1,45,0.0132335122103863,0.0,400.0,0.0139738620000571
TensionSpring,3,PSO,10,400,1,47,0.0254747945480261,0.0,400.0,0.0183056839996424
TensionSpring,3,PSO,11,400,1,21,0.0133839033440676,0.0,400.0,0.0149438839998765
TensionSpring,3,PSO,12,400,1,13,0.0251211850156353,0.0,400.0,0.0146560070006671
TensionSpring,3,PSO,13,400,1,283,0.1575305834505264,0.0,400.0,0.0140056729997013
TensionSpring,3,PSO,14,400,1,25,0.0132767788614404,0.0,400.0,0.014723877000506
TensionSpring,3,PSO,15,400,1,195,0.0130573872319855,0.0,400.0,0.0170229180002934
TensionSpring,3,PSO,16,400,1,90,0.0460833879510779,0.0,400.0,0.0138299869995535
TensionSpring,3,PSO,17,400,1,21,0.018886313531244,0.0,400.0,0.0131100950002291
TensionSpring,3,PSO,18,400,1,6,0.0287908809924229,0.0,400.0,0.0133031620007386
TensionSpring,3,PSO,19,400,1,82,0.0189424433728316,0.0,400.0,0.0131803210006182
TensionSpring,3,PSO,20,400,1,82,0.0174004817930109,0.0,400.0,0.0137137269994127
TensionSpring,3,PSO,21,400,1,282,0.0170668631683746,0.0,400.0,0.0149476469996443
TensionSpring,3,PSO,22,400,1,107,0.0239936669927411,0.0,400.0,0.0143972149999171
TensionSpring,3,PSO,23,400,1,170,0.0369266139889479,0.0,400.0,0.0130232860010437
TensionSpring,3,PSO,24,400,1,58,0.0372733764375785,0.0,400.0,0.0139582369993149
TensionSpring,3,PSO,25,400,1,29,0.0181145626702254,0.0,400.0,0.0134101569983613
TensionSpring,3,PSO,26,400,1,70,0.03865831606826,0.0,400.0,0.0146300190008332
TensionSpring,3,PSO,27,400,1,19,0.0187891006131258,0.0,400.0,0.0153825910001614
TensionSpring,3,PSO,28,400,1,149,0.0209705076272432,0.0,400.0,0.0147412080004869
TensionSpring,3,PSO,29,400,1,41,0.0189038740781954,0.0,400.0,0.0138162210005248
WeldedBeam,4,CMA-ES,0,400,1,48,3.5350199056087432,0.0,400.0,0.0180743880009686
WeldedBeam,4,CMA-ES,1,400,1,5,3.92891857486405,0.0,400.0,0.0174009380007191
WeldedBeam,4,CMA-ES,2,400,1,13,2.9185640939714093,0.0,400.0,0.0161246259995095
WeldedBeam,4,CMA-ES,3,400,1,4,3.156822873132114,0.0,400.0,0.0155840560000797
WeldedBeam,4,CMA-ES,4,400,1,3,2.65810908114727,0.0,400.0,0.0226136800010863
WeldedBeam,4,CMA-ES,5,400,1,22,4.414920247221287,0.0,400.0,0.0205377439997391
WeldedBeam,4,CMA-ES,6,400,1,4,3.298750501336812,0.0,400.0,0.0193416389993217
WeldedBeam,4,CMA-ES,7,400,1,1,3.0378981398648124,0.0,400.0,0.0173871400002099
WeldedBeam,4,CMA-ES,8,400,1,6,3.4750410420001385,0.0,400.0,0.0176680810000107
WeldedBeam,4,CMA-ES,9,400,1,2,2.81988619284326,0.0,400.0,0.0175136419984482
WeldedBeam,4,CMA-ES,10,400,1,8,3.327893340499636,0.0,400.0,0.0168868570017366
WeldedBeam,4,CMA-ES,11,400,1,12,3.8482821765570767,0.0,400.0,0.0173384560002887
WeldedBeam,4,CMA-ES,12,400,1,13,4.068336504058528,0.0,400.0,0.0181796290016791
WeldedBeam,4,CMA-ES,13,400,1,5,3.812678873773056,0.0,400.0,0.0176233620004495
WeldedBeam,4,CMA-ES,14,400,1,1,2.7770792076699413,0.0,400.0,0.0160794259991234
WeldedBeam,4,CMA-ES,15,400,1,4,3.304111434197968,0.0,400.0,0.0156123109991312
WeldedBeam,4,CMA-ES,16,400,1,48,3.592699587913815,0.0,400.0,0.0178994170000805
WeldedBeam,4,CMA-ES,17,400,1,9,4.276289797433227,0.0,400.0,0.0182066049983404
WeldedBeam,4,CMA-ES,18,400,1,28,4.884975456666131,0.0,400.0,0.0159261219996551
WeldedBeam,4,CMA-ES,19,400,1,19,5.196286106998386,0.0,400.0,0.0155940719996579
WeldedBeam,4,CMA-ES,20,400,1,64,3.5174643018784346,0.0,400.0,0.0166536879987688
WeldedBeam,4,CMA-ES,21,400,1,6,3.8583688182098217,0.0,400.0,0.0156674499994551
WeldedBeam,4,CMA-ES,22,400,1,53,2.814299559671387,0.0,400.0,0.0169943630007765
WeldedBeam,4,CMA-ES,23,400,1,41,4.121529527406483,0.0,400.0,0.0168328389991074
WeldedBeam,4,CMA-ES,24,400,1,2,2.775884347350412,0.0,400.0,0.0178289360010239
WeldedBeam,4,CMA-ES,25,400,1,12,3.742344657603948,0.0,400.0,0.0167007749987533
WeldedBeam,4,CMA-ES,26,400,1,30,2.770337939738318,0.0,400.0,0.0170947749993501
WeldedBeam,4,CMA-ES,27,400,1,41,5.5403354151996975,0.0,400.0,0.0166330699994432
WeldedBeam,4,CMA-ES,28,400,1,8,5.258469628594723,0.0,400.0,0.0176087129984807
WeldedBeam,4,CMA-ES,29,400,1,1,2.9282271783754164,0.0,400.0,0.0180300920001172
WeldedBeam,4,DCAS-CMA,0,400,1,7,3.219889318171733,0.0,393.3104410050438,0.1690615700008493
WeldedBeam,4,DCAS-CMA,1,400,1,2,4.432523440493092,0.0,393.634892854882,0.1900344090008729
WeldedBeam,4,DCAS-CMA,2,400,1,4,3.934500090662023,0.0,397.74859844504056,0.181804302999808
WeldedBeam,4,DCAS-CMA,3,400,1,4,3.855960573297379,0.0,395.72276311379886,0.1751495539992902
WeldedBeam,4,DCAS-CMA,4,400,1,7,4.130686760521318,0.0,399.03017183904296,0.1679616279998299
WeldedBeam,4,DCAS-CMA,5,400,1,3,3.4958891363515523,0.0,399.7658345305453,0.165783984999507
WeldedBeam,4,DCAS-CMA,6,400,1,8,2.992555388136796,0.0,399.9653099428624,0.1689772030003951
WeldedBeam,4,DCAS-CMA,7,400,1,4,3.402637723063534,0.0,399.873702201841,0.163674057001117
WeldedBeam,4,DCAS-CMA,8,400,1,1,2.353851605435806,0.0,400.30249334742354,0.1670804630011844
WeldedBeam,4,DCAS-CMA,9,400,1,2,3.2838734729517194,0.0,393.5595711220374,0.1812536339984944
WeldedBeam,4,DCAS-CMA,10,400,1,2,4.407805494097229,0.0,395.3613276444317,0.1770307760016294
WeldedBeam,4,DCAS-CMA,11,400,1,13,4.474335274502399,0.0,396.5588693832924,0.1618048079999425
WeldedBeam,4,DCAS-CMA,12,400,1,6,3.824170317277987,0.0,400.3080341765677,0.1798596130010992
WeldedBeam,4,DCAS-CMA,13,400,1,4,4.101458663954826,0.0,398.8256829306931,0.1853568379992793
WeldedBeam,4,DCAS-CMA,14,400,1,1,4.346622560328349,0.0,393.2074898008108,0.1783792040005209
WeldedBeam,4,DCAS-CMA,15,400,1,3,2.7362566019468813,0.0,399.2787049782864,0.1956826579989865
WeldedBeam,4,DCAS-CMA,16,400,1,4,3.033871847044431,0.0,396.5598053412007,0.1689213190002192
WeldedBeam,4,DCAS-CMA,17,400,1,2,3.236866691128886,0.0,397.0569692436495,0.1953874259997974
WeldedBeam,4,DCAS-CMA,18,400,1,8,4.038523064663176,0.0,398.3582504839379,0.2186756470000546
WeldedBeam,4,DCAS-CMA,19,400,1,2,2.600956453945121,0.0,394.0831956750424,0.2217931279992626
WeldedBeam,4,DCAS-CMA,20,400,1,9,4.45869040443081,0.0,398.8685555246889,0.1829149929999403
WeldedBeam,4,DCAS-CMA,21,400,1,5,2.7329821789434905,0.0,395.5257932824045,0.188715324999066
WeldedBeam,4,DCAS-CMA,22,400,1,2,2.2025524108806454,0.0,397.1905156899769,0.1783557979997567
WeldedBeam,4,DCAS-CMA,23,400,1,5,3.3098769451935826,0.0,393.3776750668439,0.261870911999722
WeldedBeam,4,DCAS-CMA,24,400,1,1,3.060430675578545,0.0,398.305084719029,0.2264945629995054
WeldedBeam,4,DCAS-CMA,25,400,1,3,4.034131885279372,0.0,401.7236664601541,0.1827088260015443
WeldedBeam,4,DCAS-CMA,26,400,1,5,2.839892972205731,0.0,400.5280541392561,0.1678120969991141
WeldedBeam,4,DCAS-CMA,27,400,1,12,4.693355890059944,0.0,400.6506436406973,0.1860298060000786
WeldedBeam,4,DCAS-CMA,28,400,1,3,3.9079929350094855,0.0,399.7290010939485,0.167775027000971
WeldedBeam,4,DCAS-CMA,29,400,1,8,3.527176658095823,0.0,395.00179427074994,0.1729440819999581
WeldedBeam,4,DCAS-DE,0,400,1,7,2.604315773182667,0.0,393.5461927741316,0.184421411000585
WeldedBeam,4,DCAS-DE,1,400,1,2,2.516241970858554,0.0,393.26939852719954,0.1810996889998932
WeldedBeam,4,DCAS-DE,2,400,1,4,2.27619857358816,0.0,396.1235968327893,0.190261592000752
WeldedBeam,4,DCAS-DE,3,400,1,4,2.269912274863757,0.0,394.76977991085727,0.17055751999942
WeldedBeam,4,DCAS-DE,4,400,1,7,3.207922263781052,0.0,395.2682508505071,0.1743785979997483
WeldedBeam,4,DCAS-DE,5,400,1,3,2.639336271913808,0.0,395.3190889982704,0.1796942510009103
WeldedBeam,4,DCAS-DE,6,400,1,8,2.6273208579242104,0.0,391.9483507163329,0.1780802919984125
WeldedBeam,4,DCAS-DE,7,400,1,4,1.88206995718808,0.0,394.4927466017078,0.1832856700002594
WeldedBeam,4,DCAS-DE,8,400,1,1,2.7628274803059667,0.0,397.3569674213659,0.1844193800006905
WeldedBeam,4,DCAS-DE,9,400,1,2,2.483448329020661,0.0,395.9360843386324,0.1775185679998685
WeldedBeam,4,DCAS-DE,10,400,1,2,3.773238621692067,0.0,394.4179384564961,0.1769805299991276
WeldedBeam,4,DCAS-DE,11,400,1,13,2.659294583168676,0.0,393.12040575816167,0.1850085460009722
WeldedBeam,4,DCAS-DE,12,400,1,6,4.841338357457664,0.0,392.5140021003306,0.1948340709986951
WeldedBeam,4,DCAS-DE,13,400,1,4,2.069017923953873,0.0,395.7692135326617,0.2069754579988512
WeldedBeam,4,DCAS-DE,14,400,1,1,2.6766593859816883,0.0,392.11819671029934,0.1753284579990577
WeldedBeam,4,DCAS-DE,15,400,1,3,2.2026097578827515,0.0,392.35599073398265,0.1803634200005035
WeldedBeam,4,DCAS-DE,16,400,1,4,2.410633969378138,0.0,393.86730856118993,0.1734359660003974
WeldedBeam,4,DCAS-DE,17,400,1,2,2.5153011418924764,0.0,391.1551551466395,0.1762597399992955
WeldedBeam,4,DCAS-DE,18,400,1,8,2.1922432490991595,0.0,396.5427415610337,0.1762378929997794
WeldedBeam,4,DCAS-DE,19,400,1,2,2.136635332905572,0.0,393.7728101523696,0.1851024340012372
WeldedBeam,4,DCAS-DE,20,400,1,9,2.141118838306244,0.0,390.2538929923963,0.1663759639995987
WeldedBeam,4,DCAS-DE,21,400,1,5,2.514586657761872,0.0,396.87115171589767,0.17255134700099
WeldedBeam,4,DCAS-DE,22,400,1,2,2.265194909954284,0.0,395.199190248405,0.1786569619998772
WeldedBeam,4,DCAS-DE,23,400,1,5,2.705731612997727,0.0,390.5887920912734,0.170205115000499
WeldedBeam,4,DCAS-DE,24,400,1,1,3.1302144350468617,0.0,388.93400645795015,0.1774200600011681
WeldedBeam,4,DCAS-DE,25,400,1,3,3.139472893299413,0.0,390.2088218369645,0.1831208760013396
WeldedBeam,4,DCAS-DE,26,400,1,5,3.3185272053475616,0.0,391.65538531662975,0.1778437350003514
WeldedBeam,4,DCAS-DE,27,400,1,12,2.11510995789008,0.0,392.82228186768566,0.1720421249992796
WeldedBeam,4,DCAS-DE,28,400,1,3,2.758819148642936,0.0,394.727607679733,0.1809922850006842
WeldedBeam,4,DCAS-DE,29,400,1,8,2.121582220914572,0.0,395.3039315722311,0.1731103700003586
WeldedBeam,4,DCAS-PSO,0,400,1,7,2.7163985046414885,0.0,389.4542225018978,0.1869734529991547
WeldedBeam,4,DCAS-PSO,1,400,1,2,2.736833791930778,0.0,391.818514361852,0.1995851859992399
WeldedBeam,4,DCAS-PSO,2,400,1,4,2.9247480012866744,0.0,389.009820636242,0.1875800139987404
WeldedBeam,4,DCAS-PSO,3,400,1,4,2.6766494836672035,0.0,388.76347632492656,0.1967838990003656
WeldedBeam,4,DCAS-PSO,4,400,1,7,3.0030124261126527,0.0,392.545696150108,0.1869553720007388
WeldedBeam,4,DCAS-PSO,5,400,1,3,2.233389699264884,0.0,391.27451812201593,0.193010505001439
WeldedBeam,4,DCAS-PSO,6,400,1,8,2.136281516665921,0.0,391.438124359548,0.1853128829989145
WeldedBeam,4,DCAS-PSO,7,400,1,4,2.0880468680279174,0.0,390.61295696396905,0.1886025439998775
WeldedBeam,4,DCAS-PSO,8,400,1,1,1.9380058097571888,0.0,390.4118315881652,0.2092175130001123
WeldedBeam,4,DCAS-PSO,9,400,1,2,2.0193250821519046,0.0,389.9765401533048,0.1910461900006339
WeldedBeam,4,DCAS-PSO,10,400,1,2,4.652669651936771,0.0,389.3995498235493,0.1916081119998125
WeldedBeam,4,DCAS-PSO,11,400,1,13,3.5125621032412964,0.0,389.9983776142128,0.1874048730005597
WeldedBeam,4,DCAS-PSO,12,400,1,6,3.8753181693750434,0.0,391.0574395232856,0.1870172170001751
WeldedBeam,4,DCAS-PSO,13,400,1,4,2.51102955087434,0.0,391.6911691114692,0.1977137129997572
WeldedBeam,4,DCAS-PSO,14,400,1,1,2.892602809683813,0.0,390.694718421614,0.2027670829993439
WeldedBeam,4,DCAS-PSO,15,400,1,3,2.187325054368706,0.0,390.08284966213216,0.1892981060009333
WeldedBeam,4,DCAS-PSO,16,400,1,4,2.357817451910462,0.0,390.73808606462615,0.1912564119993476
WeldedBeam,4,DCAS-PSO,17,400,1,2,3.017487212703026,0.0,388.2273626617081,0.1908556769994902
WeldedBeam,4,DCAS-PSO,18,400,1,8,1.89198558720488,0.0,390.33219139088993,0.1847777319999295
WeldedBeam,4,DCAS-PSO,19,400,1,2,2.245101991028932,0.0,389.6708231702877,0.2013915099996666
WeldedBeam,4,DCAS-PSO,20,400,1,9,2.292050414215429,0.0,390.3475331776186,0.185986951999439
WeldedBeam,4,DCAS-PSO,21,400,1,5,2.4659271833564245,0.0,391.2544820192384,0.1948145259993907
WeldedBeam,4,DCAS-PSO,22,400,1,2,2.413012496394192,0.0,389.7916672268364,0.1908404780006094
WeldedBeam,4,DCAS-PSO,23,400,1,5,2.1205823364710548,0.0,389.6023668270357,0.1866190769997047
WeldedBeam,4,DCAS-PSO,24,400,1,1,2.5734006718871045,0.0,390.9814806452712,0.2006665570006589
WeldedBeam,4,DCAS-PSO,25,400,1,3,3.0449758423880344,0.0,390.1239671617938,0.1935954620003031
WeldedBeam,4,DCAS-PSO,26,400,1,5,2.426896550741687,0.0,389.9254049188989,0.1957434249998186
WeldedBeam,4,DCAS-PSO,27,400,1,12,3.505117886441629,0.0,390.46877702844114,0.1942971990010846
WeldedBeam,4,DCAS-PSO,28,400,1,3,3.1634008007508743,0.0,394.6131372552703,0.1947351840008195
WeldedBeam,4,DCAS-PSO,29,400,1,8,3.013404544920555,0.0,390.3429496876672,0.1977569790014968
WeldedBeam,4,JADE-NCV,0,400,1,7,3.147176901751066,0.0,400.0,0.0346149260003585
WeldedBeam,4,JADE-NCV,1,400,1,2,2.997923800937705,0.0,400.0,0.0346464320009545
WeldedBeam,4,JADE-NCV,2,400,1,4,2.5398596279236325,0.0,400.0,0.0358730989992182
WeldedBeam,4,JADE-NCV,3,400,1,4,3.2485696439607725,0.0,400.0,0.0378319430001283
WeldedBeam,4,JADE-NCV,4,400,1,7,3.640642973345133,0.0,400.0,0.0496801429999322
WeldedBeam,4,JADE-NCV,5,400,1,3,3.1305737396288924,0.0,400.0,0.0331063200010248
WeldedBeam,4,JADE-NCV,6,400,1,8,3.2010608683264734,0.0,400.0,0.0352523220008151
WeldedBeam,4,JADE-NCV,7,400,1,4,2.145830761792737,0.0,400.0,0.0343882759989355
WeldedBeam,4,JADE-NCV,8,400,1,1,2.807038096112596,0.0,400.0,0.0362353050004458
WeldedBeam,4,JADE-NCV,9,400,1,2,2.4580125953706142,0.0,400.0,0.038079326001025
WeldedBeam,4,JADE-NCV,10,400,1,2,3.618789433552533,0.0,400.0,0.0333088010011124
WeldedBeam,4,JADE-NCV,11,400,1,13,3.551810270665171,0.0,400.0,0.0334975419991678
WeldedBeam,4,JADE-NCV,12,400,1,6,3.357240977668898,0.0,400.0,0.0338661419991694
WeldedBeam,4,JADE-NCV,13,400,1,4,3.1552180857638685,0.0,400.0,0.0334961829994426
WeldedBeam,4,JADE-NCV,14,400,1,1,3.6647976350964746,0.0,400.0,0.0324108409986365
WeldedBeam,4,JADE-NCV,15,400,1,3,3.5639036118392617,0.0,400.0,0.0351202139991073
WeldedBeam,4,JADE-NCV,16,400,1,4,3.276805395892354,0.0,400.0,0.0306398020002234
WeldedBeam,4,JADE-NCV,17,400,1,2,2.652268283397046,0.0,400.0,0.0324104470000747
WeldedBeam,4,JADE-NCV,18,400,1,8,2.9802011339908083,0.0,400.0,0.0337939060009375
WeldedBeam,4,JADE-NCV,19,400,1,2,3.914968378418469,0.0,400.0,0.0328280550002091
WeldedBeam,4,JADE-NCV,20,400,1,9,3.5926033129548567,0.0,400.0,0.0332632509998802
WeldedBeam,4,JADE-NCV,21,400,1,5,3.0463692337388952,0.0,400.0,0.0392407950002962
WeldedBeam,4,JADE-NCV,22,400,1,2,2.7818993859573635,0.0,400.0,0.0324607950005884
WeldedBeam,4,JADE-NCV,23,400,1,5,2.230818854534021,0.0,400.0,0.0334197240008506
WeldedBeam,4,JADE-NCV,24,400,1,1,3.662550723799527,0.0,400.0,0.0334305149990541
WeldedBeam,4,JADE-NCV,25,400,1,3,3.834781666653979,0.0,400.0,0.031063393000295
WeldedBeam,4,JADE-NCV,26,400,1,5,2.828791809480332,0.0,400.0,0.0307049230013944
WeldedBeam,4,JADE-NCV,27,400,1,12,4.358885152679712,0.0,400.0,0.0373932080001395
WeldedBeam,4,JADE-NCV,28,400,1,3,2.9349764768412343,0.0,400.0,0.0329172950005158
WeldedBeam,4,JADE-NCV,29,400,1,8,3.313631368507669,0.0,400.0,0.036176259000058
WeldedBeam,4,PSO,0,400,1,7,2.021379518256602,0.0,400.0,0.01682440300101
WeldedBeam,4,PSO,1,400,1,2,2.5392212014886786,0.0,400.0,0.0172922300007485
WeldedBeam,4,PSO,2,400,1,4,3.0358838997217243,0.0,400.0,0.0167451929992239
WeldedBeam,4,PSO,3,400,1,4,2.5083171483840108,0.0,400.0,0.0176119530005962
WeldedBeam,4,PSO,4,400,1,7,3.831995580978279,0.0,400.0,0.0161064509993593
WeldedBeam,4,PSO,5,400,1,3,2.803780773783042,0.0,400.0,0.0238539439997111
WeldedBeam,4,PSO,6,400,1,8,2.1681063560895493,0.0,400.0,0.0163898970004083
WeldedBeam,4,PSO,7,400,1,4,2.3155858358359938,0.0,400.0,0.0194027039997308
WeldedBeam,4,PSO,8,400,1,1,2.434901446676537,0.0,400.0,0.0200487460006115
WeldedBeam,4,PSO,9,400,1,2,2.03014489369452,0.0,400.0,0.0173713750009483
WeldedBeam,4,PSO,10,400,1,2,3.608439501443807,0.0,400.0,0.0171931229997426
WeldedBeam,4,PSO,11,400,1,13,2.971726019272241,0.0,400.0,0.0169510470004752
WeldedBeam,4,PSO,12,400,1,6,2.857134703217207,0.0,400.0,0.0170113889998901
WeldedBeam,4,PSO,13,400,1,4,2.43344052004536,0.0,400.0,0.0164365360014926
WeldedBeam,4,PSO,14,400,1,1,2.652054593393608,0.0,400.0,0.0189063750003697
WeldedBeam,4,PSO,15,400,1,3,2.477943984224916,0.0,400.0,0.0169325030001346
WeldedBeam,4,PSO,16,400,1,4,2.2277642128551505,0.0,400.0,0.0156007179994048
WeldedBeam,4,PSO,17,400,1,2,2.576906760272206,0.0,400.0,0.0148830360012652
WeldedBeam,4,PSO,18,400,1,8,2.2779529194463097,0.0,400.0,0.0168016619991249
WeldedBeam,4,PSO,19,400,1,2,2.0682863138992023,0.0,400.0,0.0158979219995671
WeldedBeam,4,PSO,20,400,1,9,3.1672757389182253,0.0,400.0,0.0183444269987376
WeldedBeam,4,PSO,21,400,1,5,2.653026485908858,0.0,400.0,0.0165706539992243
WeldedBeam,4,PSO,22,400,1,2,2.1036331329765368,0.0,400.0,0.0163331629992171
WeldedBeam,4,PSO,23,400,1,5,2.146226517060681,0.0,400.0,0.0168937729995377
WeldedBeam,4,PSO,24,400,1,1,2.17892499174016,0.0,400.0,0.0171154809995641
WeldedBeam,4,PSO,25,400,1,3,2.5725682851582654,0.0,400.0,0.0187205090005591
WeldedBeam,4,PSO,26,400,1,5,2.3546249039464184,0.0,400.0,0.0188795750000281
WeldedBeam,4,PSO,27,400,1,12,4.108400963692953,0.0,400.0,0.0154423719995975
WeldedBeam,4,PSO,28,400,1,3,2.996789557431544,0.0,400.0,0.0155218890013202
WeldedBeam,4,PSO,29,400,1,8,2.792838819135335,0.0,400.0,0.0149365030010812
