problem,dim,method,seed,budget,kappa,success,first_feasible,best_f,final_ncv,declared_cost,structural_gain,allocation_sd,rcd,action_entropy,action_counts
Annulus10,10,DCAS,0,400,1.0,1,127,-0.3028407609060618,0.0,404.3852572501112,70.8587596382522,0.050777591760409,0.6673809523809524,1.5794670233858878,"{""rand1"": 52, ""pbest"": 59, ""closure"": 63, ""local"": 98, ""consensus"": 88}"
Annulus10,10,DCAS,1,400,1.0,1,134,-0.1833444722567564,0.0,403.44401473436136,71.80070768306844,0.0478167089835004,0.1387912087912087,1.5851912680727689,"{""rand1"": 51, ""pbest"": 56, ""closure"": 78, ""local"": 86, ""consensus"": 89}"
Annulus10,10,DCAS,2,400,1.0,1,82,0.0490823196379046,0.0,401.63858845596496,66.84833666527763,0.0547463603416081,0.3620879120879121,1.5862697131561931,"{""rand1"": 54, ""pbest"": 53, ""closure"": 87, ""local"": 81, ""consensus"": 85}"
Annulus10,10,DCAS,3,400,1.0,1,91,-0.1090026282181543,0.0,398.5846392548685,71.08337127536156,0.0322868063144717,0.1485714285714285,1.6019235495681383,"{""rand1"": 56, ""pbest"": 71, ""closure"": 77, ""local"": 81, ""consensus"": 75}"
Annulus10,10,DCAS,4,400,1.0,1,164,-0.0933788055108435,0.0,408.7979226136843,74.9280957099644,0.073139849424158,0.1496703296703296,1.558373175340776,"{""rand1"": 51, ""pbest"": 59, ""closure"": 50, ""local"": 95, ""consensus"": 105}"
Annulus10,10,DCAS,5,400,1.0,1,142,0.4986977154729345,0.0,402.28965621896657,72.1893082924548,0.0439599829584886,0.3694505494505494,1.591178642442991,"{""rand1"": 54, ""pbest"": 58, ""closure"": 78, ""local"": 89, ""consensus"": 81}"
Annulus10,10,DCAS,6,400,1.0,1,138,-0.0992535407356723,0.0,402.5601370268117,78.10627146631086,0.0389688973888745,0.698921568627451,1.5946789014306972,"{""rand1"": 62, ""pbest"": 54, ""closure"": 75, ""local"": 85, ""consensus"": 84}"
Annulus10,10,DCAS,7,400,1.0,1,112,0.3341790919498587,0.0,401.7062235452811,63.60818905974848,0.04336170026207,0.1185714285714286,1.5919358011193137,"{""rand1"": 50, ""pbest"": 68, ""closure"": 71, ""local"": 87, ""consensus"": 84}"
Annulus10,10,DCAS,8,400,1.0,1,46,-0.1282489792626109,0.0,400.47905677007714,66.86099731067245,0.0405637750736993,0.1571428571428571,1.5971305352875698,"{""rand1"": 61, ""pbest"": 59, ""closure"": 83, ""local"": 70, ""consensus"": 87}"
Annulus10,10,DCAS,9,400,1.0,1,157,0.6301061933930685,0.0,398.38156157909566,74.43796461649082,0.0507634630711557,0.2942857142857143,1.5951618754682366,"{""rand1"": 65, ""pbest"": 69, ""closure"": 65, ""local"": 97, ""consensus"": 64}"
Annulus10,10,DCAS,10,400,1.0,1,124,0.1774632672331006,0.0,398.6586106048792,76.22978571431928,0.0555605217125716,0.5511764705882353,1.5625615752021065,"{""rand1"": 53, ""pbest"": 52, ""closure"": 73, ""local"": 115, ""consensus"": 67}"
Annulus10,10,DCAS,11,400,1.0,1,134,0.7160840736655169,0.0,402.2876867112988,73.04966820736017,0.049822155530779,0.1894117647058823,1.5897905232164835,"{""rand1"": 55, ""pbest"": 58, ""closure"": 71, ""local"": 85, ""consensus"": 91}"
Annulus10,10,DCAS,12,400,1.0,1,192,0.0069399112149192,0.0,406.8709538652266,74.19911773612962,0.0673579900461027,0.2521660561660562,1.5610204793616704,"{""rand1"": 47, ""pbest"": 74, ""closure"": 47, ""local"": 101, ""consensus"": 91}"
Annulus10,10,DCAS,13,400,1.0,1,97,0.2642450481268198,0.0,398.8358026754981,65.40584352584216,0.0387454868741842,0.1603405572755418,1.5985300055932137,"{""rand1"": 52, ""pbest"": 73, ""closure"": 77, ""local"": 80, ""consensus"": 78}"
Annulus10,10,DCAS,14,400,1.0,1,92,-0.1054358948714896,0.0,403.5527645671674,66.66310839262853,0.0485270175330986,0.2496703296703296,1.5922965682921473,"{""rand1"": 55, ""pbest"": 63, ""closure"": 75, ""local"": 72, ""consensus"": 95}"
Annulus10,10,DCAS,15,400,1.0,1,93,-0.0336513268084903,0.0,398.48088923951366,67.45464487636174,0.0494890306160542,0.2521833996756597,1.5773881631772624,"{""rand1"": 48, ""pbest"": 58, ""closure"": 79, ""local"": 101, ""consensus"": 74}"
Annulus10,10,DCAS,16,400,1.0,1,149,-0.205456111523796,0.0,402.90894706411854,72.78431753139219,0.0425877089572316,0.3019250924514082,1.5836816217684937,"{""rand1"": 55, ""pbest"": 78, ""closure"": 53, ""local"": 97, ""consensus"": 77}"
Annulus10,10,DCAS,17,400,1.0,1,67,0.1214459965198371,0.0,398.5178168398673,75.5917214768439,0.0481621094531174,0.15,1.5935914211015232,"{""rand1"": 52, ""pbest"": 63, ""closure"": 86, ""local"": 79, ""consensus"": 80}"
Annulus10,10,DCAS,18,400,1.0,1,69,-0.3339564521552661,0.0,398.6879521165868,66.10392060682499,0.0319488265409322,0.0799999999999999,1.6053835411792354,"{""rand1"": 61, ""pbest"": 73, ""closure"": 80, ""local"": 70, ""consensus"": 76}"
Annulus10,10,DCAS,19,400,1.0,1,138,0.3383834314811562,0.0,405.6558611227551,69.83680368249904,0.0492712697613049,0.4839124549341267,1.5812708571717942,"{""rand1"": 52, ""pbest"": 57, ""closure"": 67, ""local"": 89, ""consensus"": 95}"
Annulus10,10,DCAS,20,400,1.0,1,131,0.1147193413310893,0.0,397.7126063745087,68.50194017814898,0.0583446498626976,0.276890756302521,1.582885870662055,"{""rand1"": 57, ""pbest"": 78, ""closure"": 56, ""local"": 102, ""consensus"": 67}"
Annulus10,10,DCAS,21,400,1.0,1,94,0.2095086406797602,0.0,401.1777591837725,72.00936420587675,0.0341056624181615,0.4208391608391609,1.605334950182045,"{""rand1"": 61, ""pbest"": 69, ""closure"": 74, ""local"": 77, ""consensus"": 79}"
Annulus10,10,DCAS,22,400,1.0,1,165,-0.1203081593442128,0.0,400.8827268851756,72.10419345917535,0.0769589827485318,0.2546800976800977,1.5445021106525465,"{""rand1"": 53, ""pbest"": 54, ""closure"": 55, ""local"": 125, ""consensus"": 73}"
Annulus10,10,DCAS,23,400,1.0,1,160,0.1207536590857971,0.0,406.4026539131596,76.55854906842728,0.0451590560489564,0.2846140917905623,1.5858592618975589,"{""rand1"": 57, ""pbest"": 72, ""closure"": 54, ""local"": 80, ""consensus"": 97}"
Annulus10,10,DCAS,24,400,1.0,1,127,-0.1223321855453732,0.0,399.98360043975936,78.81522887075245,0.0349323931519933,0.2408258408258407,1.5978500843041932,"{""rand1"": 64, ""pbest"": 64, ""closure"": 67, ""local"": 94, ""consensus"": 71}"
Annulus10,10,DCAS,25,400,1.0,1,120,0.1091488985789636,0.0,405.362437193874,72.47446855389033,0.0579720813241809,0.1921848739495798,1.5599809899836208,"{""rand1"": 46, ""pbest"": 53, ""closure"": 63, ""local"": 98, ""consensus"": 100}"
Annulus10,10,DCAS,26,400,1.0,1,92,0.0577713318656891,0.0,401.5925875448822,70.86093280520132,0.0373893703272976,0.0,1.5953055382439951,"{""rand1"": 53, ""pbest"": 71, ""closure"": 72, ""local"": 73, ""consensus"": 91}"
Annulus10,10,DCAS,27,400,1.0,1,127,-0.0085276598784472,0.0,396.8986905271647,77.520049065899,0.0613703925028441,0.164047619047619,1.5623256272243695,"{""rand1"": 60, ""pbest"": 58, ""closure"": 60, ""local"": 119, ""consensus"": 63}"
Annulus10,10,DCAS,28,400,1.0,1,83,-0.0214499863044011,0.0,403.51458307771065,68.80670148050302,0.0433599341214578,0.2637362637362637,1.5810971349047969,"{""rand1"": 52, ""pbest"": 56, ""closure"": 71, ""local"": 99, ""consensus"": 82}"
Annulus10,10,DCAS,29,400,1.0,1,84,-0.2322072577490647,0.0,402.5997370106168,74.19875350057585,0.0373576854285186,0.1743476337903582,1.594604900825364,"{""rand1"": 54, ""pbest"": 62, ""closure"": 78, ""local"": 78, ""consensus"": 88}"
Annulus10,10,DCAS-noClosure,0,400,1.0,1,127,-0.0184515687330827,0.0,415.4110591731192,70.1970479762875,0.1201712791104113,0.3198097554619293,1.3519255653052318,"{""rand1"": 62, ""pbest"": 76, ""closure"": 0, ""local"": 97, ""consensus"": 125}"
Annulus10,10,DCAS-noClosure,1,400,1.0,1,134,0.1496143526313818,0.0,412.1828350622277,61.072932973632255,0.1132507540597616,0.6894050033806625,1.3686210687770943,"{""rand1"": 69, ""pbest"": 78, ""closure"": 0, ""local"": 107, ""consensus"": 106}"
Annulus10,10,DCAS-noClosure,2,400,1.0,1,82,-0.1010474001488701,0.0,410.2109904567024,73.90089622044391,0.1138741142660013,0.2448351648351648,1.3625134535848662,"{""rand1"": 64, ""pbest"": 79, ""closure"": 0, ""local"": 112, ""consensus"": 105}"
Annulus10,10,DCAS-noClosure,3,400,1.0,1,91,-0.2122447999825903,0.0,411.22049574085673,67.16117257831512,0.119041255814284,0.1915151515151515,1.3559728712542003,"{""rand1"": 67, ""pbest"": 69, ""closure"": 0, ""local"": 110, ""consensus"": 114}"
Annulus10,10,DCAS-noClosure,4,400,1.0,1,164,0.1338105222948076,0.0,415.9306654012471,69.22535694229992,0.1235104598679942,0.5861587301587302,1.347462789275225,"{""rand1"": 63, ""pbest"": 70, ""closure"": 0, ""local"": 101, ""consensus"": 126}"
Annulus10,10,DCAS-noClosure,5,400,1.0,1,142,0.2266653362988239,0.0,412.3897774717532,58.80088830685189,0.1278168294047886,0.2707071820185424,1.3367457470509965,"{""rand1"": 53, ""pbest"": 75, ""closure"": 0, ""local"": 125, ""consensus"": 107}"
Annulus10,10,DCAS-noClosure,6,400,1.0,1,138,-0.0311634409463937,0.0,413.2723610521751,67.14686477538748,0.124892369680733,0.4972222222222221,1.349445773897342,"{""rand1"": 59, ""pbest"": 74, ""closure"": 0, ""local"": 113, ""consensus"": 114}"
Annulus10,10,DCAS-noClosure,7,400,1.0,1,112,-0.0055450060334148,0.0,410.7410072368882,64.33841660691873,0.1180756176249919,0.7458757616652354,1.357587004009834,"{""rand1"": 64, ""pbest"": 74, ""closure"": 0, ""local"": 114, ""consensus"": 108}"
Annulus10,10,DCAS-noClosure,8,400,1.0,1,46,0.192036694999641,0.0,409.6386468418811,60.05594969310263,0.1111878030161954,0.2067532467532467,1.3636588854520164,"{""rand1"": 64, ""pbest"": 80, ""closure"": 0, ""local"": 107, ""consensus"": 109}"
Annulus10,10,DCAS-noClosure,9,400,1.0,1,157,0.4604141529639121,0.0,406.161764591788,68.57768694995286,0.1299130229852175,0.3882692434899565,1.3477615806092742,"{""rand1"": 61, ""pbest"": 85, ""closure"": 0, ""local"": 131, ""consensus"": 83}"
Annulus10,10,DCAS-noClosure,10,400,1.0,1,124,-0.1463824045135428,0.0,408.2607588524806,67.70021920550889,0.1207140464813908,0.2277722277722277,1.3583684773793894,"{""rand1"": 68, ""pbest"": 75, ""closure"": 0, ""local"": 124, ""consensus"": 93}"
Annulus10,10,DCAS-noClosure,11,400,1.0,1,134,0.506228628270413,0.0,407.4974702044696,56.86515483685395,0.130494437049266,0.5548836784130902,1.3494471338292182,"{""rand1"": 74, ""pbest"": 63, ""closure"": 0, ""local"": 128, ""consensus"": 95}"
Annulus10,10,DCAS-noClosure,12,400,1.0,1,192,0.1689695256276284,0.0,411.3415335214386,65.65661402641034,0.1160797804183035,0.4334232902647225,1.3598247066478306,"{""rand1"": 61, ""pbest"": 83, ""closure"": 0, ""local"": 116, ""consensus"": 100}"
Annulus10,10,DCAS-noClosure,13,400,1.0,1,97,0.0105422840253437,0.0,408.69261486526926,70.1046812493306,0.1215491514818982,0.3450630528891398,1.3372076847102914,"{""rand1"": 58, ""pbest"": 71, ""closure"": 0, ""local"": 132, ""consensus"": 99}"
Annulus10,10,DCAS-noClosure,14,400,1.0,1,92,-0.0336290104560384,0.0,415.9294007964709,54.82025819439797,0.1149132159835962,0.3435553073665596,1.3662463433416805,"{""rand1"": 74, ""pbest"": 78, ""closure"": 0, ""local"": 87, ""consensus"": 121}"
Annulus10,10,DCAS-noClosure,15,400,1.0,1,93,0.1437039735441403,0.0,407.7605932160329,62.33020229433131,0.1250216325957499,0.3593666333666333,1.3426487384441863,"{""rand1"": 54, ""pbest"": 81, ""closure"": 0, ""local"": 126, ""consensus"": 99}"
Annulus10,10,DCAS-noClosure,16,400,1.0,1,149,0.1381275812348276,0.0,408.8378854746042,64.65540409892166,0.1170825007705793,0.4514430641821946,1.3633399065413487,"{""rand1"": 69, ""pbest"": 77, ""closure"": 0, ""local"": 120, ""consensus"": 94}"
Annulus10,10,DCAS-noClosure,17,400,1.0,1,67,-0.0012182094620589,0.0,406.0065379020624,63.29410125941305,0.1227903023036683,0.4969595621769535,1.3484553555436674,"{""rand1"": 74, ""pbest"": 66, ""closure"": 0, ""local"": 132, ""consensus"": 88}"
Annulus10,10,DCAS-noClosure,18,400,1.0,1,69,-0.2723869601866256,0.0,410.6357239487097,71.54114464969275,0.1169389902400404,0.3692307692307692,1.357587004009834,"{""rand1"": 64, ""pbest"": 74, ""closure"": 0, ""local"": 114, ""consensus"": 108}"
Annulus10,10,DCAS-noClosure,19,400,1.0,1,138,0.2103606744463582,0.0,410.0296398862987,69.33436583257047,0.1203182913591304,0.2435875510798111,1.350048531028878,"{""rand1"": 52, ""pbest"": 91, ""closure"": 0, ""local"": 109, ""consensus"": 108}"
Annulus10,10,DCAS-noClosure,20,400,1.0,1,131,0.0004672580278078,0.0,406.0388879442632,69.54517351821073,0.1287084205559734,0.8354826546003018,1.348902138135386,"{""rand1"": 75, ""pbest"": 66, ""closure"": 0, ""local"": 132, ""consensus"": 87}"
Annulus10,10,DCAS-noClosure,21,400,1.0,1,94,0.0749701573583926,0.0,407.82993893465215,69.09305736154018,0.1169154514734923,0.2038318203535594,1.364614855701793,"{""rand1"": 68, ""pbest"": 80, ""closure"": 0, ""local"": 119, ""consensus"": 93}"
Annulus10,10,DCAS-noClosure,22,400,1.0,1,165,0.3095057066493893,0.0,405.50141629308746,72.52885783378504,0.1298907939315622,0.4630522248425062,1.3322662115505657,"{""rand1"": 62, ""pbest"": 71, ""closure"": 0, ""local"": 141, ""consensus"": 86}"
Annulus10,10,DCAS-noClosure,23,400,1.0,1,160,-0.0102496821632832,0.0,410.2298101087076,71.45068863647353,0.1103424133751411,0.2568952786344091,1.3739996211086585,"{""rand1"": 68, ""pbest"": 95, ""closure"": 0, ""local"": 91, ""consensus"": 106}"
Annulus10,10,DCAS-noClosure,24,400,1.0,1,127,0.1609152633548637,0.0,411.6834112459243,66.4297166424991,0.1208324887201776,0.2080596606458675,1.354397601035397,"{""rand1"": 65, ""pbest"": 70, ""closure"": 0, ""local"": 114, ""consensus"": 111}"
Annulus10,10,DCAS-noClosure,25,400,1.0,1,120,-0.055028455275345,0.0,414.8464171070564,69.21816570587998,0.126328538896855,0.3533186813186813,1.3305753557882705,"{""rand1"": 60, ""pbest"": 61, ""closure"": 0, ""local"": 113, ""consensus"": 126}"
Annulus10,10,DCAS-noClosure,26,400,1.0,1,92,0.1157350243310352,0.0,408.684533723159,61.02505333531076,0.1154563726373048,0.2391781593019983,1.3610271505856963,"{""rand1"": 62, ""pbest"": 82, ""closure"": 0, ""local"": 115, ""consensus"": 101}"
Annulus10,10,DCAS-noClosure,27,400,1.0,1,127,0.3549950917440009,0.0,404.4754219306657,63.20334796688603,0.1176216938153502,0.2628115743905218,1.3635164635669623,"{""rand1"": 64, ""pbest"": 87, ""closure"": 0, ""local"": 118, ""consensus"": 91}"
Annulus10,10,DCAS-noClosure,28,400,1.0,1,83,0.143935406133209,0.0,410.9216059253169,64.33307496908768,0.1181744291868559,0.1992857142857143,1.3542428915863034,"{""rand1"": 72, ""pbest"": 64, ""closure"": 0, ""local"": 119, ""consensus"": 105}"
Annulus10,10,DCAS-noClosure,29,400,1.0,1,84,0.2073475626156106,0.0,412.905359287717,61.18860880221749,0.1182895741837123,0.4890312432665373,1.3492411849491417,"{""rand1"": 62, ""pbest"": 70, ""closure"": 0, ""local"": 110, ""consensus"": 118}"
Annulus10,10,DCAS-stationary,0,400,1.0,1,143,0.1651153934803398,0.0,407.987543010316,71.92930343731675,0.1216716810569286,0.2395238095238095,1.4697543559547104,"{""rand1"": 28, ""pbest"": 35, ""closure"": 110, ""local"": 69, ""consensus"": 118}"
Annulus10,10,DCAS-stationary,1,400,1.0,1,125,0.2686898686667512,0.0,402.33366094790057,73.44799972027893,0.1188771100415338,0.2026007326007325,1.4823202372216893,"{""rand1"": 23, ""pbest"": 57, ""closure"": 125, ""local"": 58, ""consensus"": 97}"
Annulus10,10,DCAS-stationary,2,400,1.0,1,131,-0.1171735742848051,0.0,418.0758102338976,87.4159170678954,0.1252272311781668,0.5191341991341991,1.346248919833657,"{""rand1"": 19, ""pbest"": 23, ""closure"": 89, ""local"": 66, ""consensus"": 163}"
Annulus10,10,DCAS-stationary,3,400,1.0,1,116,-0.1164298040085878,0.0,399.0421558890162,72.96611162822481,0.0877934422923978,0.1285714285714285,1.5241577245568894,"{""rand1"": 41, ""pbest"": 35, ""closure"": 96, ""local"": 105, ""consensus"": 83}"
Annulus10,10,DCAS-stationary,4,400,1.0,1,210,0.2867654904615139,0.0,397.6309010845066,78.80156672976048,0.1562560700999621,0.5572245379141931,1.29302362727592,"{""rand1"": 20, ""pbest"": 25, ""closure"": 68, ""local"": 189, ""consensus"": 58}"
Annulus10,10,DCAS-stationary,5,400,1.0,1,143,0.0653955569134663,0.0,409.35472661790936,77.29054392422233,0.1285294455032323,0.1802197802197802,1.443355815941016,"{""rand1"": 35, ""pbest"": 20, ""closure"": 105, ""local"": 77, ""consensus"": 123}"
Annulus10,10,DCAS-stationary,6,400,1.0,1,105,-0.2775052345274284,0.0,391.8667317624977,73.07622056939336,0.1368220879792544,0.2603396603396603,1.3885724116262,"{""rand1"": 31, ""pbest"": 22, ""closure"": 125, ""local"": 133, ""consensus"": 49}"
Annulus10,10,DCAS-stationary,7,400,1.0,1,134,-0.1844097289640952,0.0,414.45150424428607,82.2251944138714,0.1276533201417994,0.2785714285714286,1.391365147646168,"{""rand1"": 18, ""pbest"": 39, ""closure"": 107, ""local"": 50, ""consensus"": 146}"
Annulus10,10,DCAS-stationary,8,400,1.0,1,46,0.020146735641052,0.0,402.44952488464776,68.48309818605048,0.0994173309148168,0.4214285714285714,1.5242600046578827,"{""rand1"": 44, ""pbest"": 40, ""closure"": 113, ""local"": 62, ""consensus"": 101}"
Annulus10,10,DCAS-stationary,9,400,1.0,1,97,0.2604521207404344,0.0,403.6844192663308,73.80954647333132,0.1055640685926994,0.1577855477855478,1.491173453870377,"{""rand1"": 35, ""pbest"": 33, ""closure"": 116, ""local"": 72, ""consensus"": 104}"
Annulus10,10,DCAS-stationary,10,400,1.0,1,110,0.2557492768165744,0.0,404.9174032974972,75.48786483930793,0.1256609978503649,0.0999999999999999,1.431958424539975,"{""rand1"": 21, ""pbest"": 30, ""closure"": 121, ""local"": 77, ""consensus"": 111}"
Annulus10,10,DCAS-stationary,11,400,1.0,1,80,-0.0615178455769354,0.0,392.069691837572,82.27265931785846,0.1474500302133728,0.18,1.31211711959257,"{""rand1"": 25, ""pbest"": 25, ""closure"": 79, ""local"": 184, ""consensus"": 47}"
Annulus10,10,DCAS-stationary,12,400,1.0,1,139,-0.0241861651758918,0.0,391.370914639374,80.39174578703803,0.1458108581913657,0.5749317349317349,1.3279117002410592,"{""rand1"": 38, ""pbest"": 23, ""closure"": 85, ""local"": 179, ""consensus"": 35}"
Annulus10,10,DCAS-stationary,13,400,1.0,1,121,-0.0187682010654786,0.0,393.48191696532575,88.65884666178903,0.1177787178444644,0.2092857142857142,1.3511647189654494,"{""rand1"": 22, ""pbest"": 28, ""closure"": 90, ""local"": 168, ""consensus"": 52}"
Annulus10,10,DCAS-stationary,14,400,1.0,1,137,-0.173024173720973,0.0,406.7597705662162,79.6875216443117,0.0994762259470844,0.12,1.4803204163870451,"{""rand1"": 20, ""pbest"": 48, ""closure"": 79, ""local"": 97, ""consensus"": 116}"
Annulus10,10,DCAS-stationary,15,400,1.0,1,93,-0.0968956493159803,0.0,395.13590794231567,73.03737983169475,0.0958427943105001,0.5147252747252746,1.46282257973864,"{""rand1"": 27, ""pbest"": 48, ""closure"": 79, ""local"": 145, ""consensus"": 61}"
Annulus10,10,DCAS-stationary,16,400,1.0,1,108,0.1165696423294952,0.0,390.8649390535522,81.57687253532261,0.1384405590199445,0.4151648351648351,1.3827323964687912,"{""rand1"": 23, ""pbest"": 29, ""closure"": 127, ""local"": 133, ""consensus"": 48}"
Annulus10,10,DCAS-stationary,17,400,1.0,1,87,0.5059165340397914,0.0,403.9241703398677,77.4700649194823,0.1378907094099724,0.0,1.4493607892029257,"{""rand1"": 24, ""pbest"": 49, ""closure"": 126, ""local"": 47, ""consensus"": 114}"
Annulus10,10,DCAS-stationary,18,400,1.0,1,138,-0.0195178089496964,0.0,395.9092793550003,79.30243612349693,0.1653784145317608,0.2566666666666666,1.368190905941215,"{""rand1"": 34, ""pbest"": 23, ""closure"": 69, ""local"": 173, ""consensus"": 61}"
Annulus10,10,DCAS-stationary,19,400,1.0,1,110,0.4619331982451651,0.0,398.4058807290728,69.75721398291668,0.1299644885064296,0.4907142857142858,1.4691585933796567,"{""rand1"": 25, ""pbest"": 38, ""closure"": 129, ""local"": 87, ""consensus"": 81}"
Annulus10,10,DCAS-stationary,20,400,1.0,1,128,0.1394757406068402,0.0,393.75032485674245,82.78030172504705,0.1383163122773064,0.04,1.36529425514445,"{""rand1"": 15, ""pbest"": 44, ""closure"": 82, ""local"": 166, ""consensus"": 53}"
Annulus10,10,DCAS-stationary,21,400,1.0,1,133,-0.128391543480443,0.0,402.7576896443897,70.54948921848577,0.1021425447745662,0.230156799722017,1.4513583451325482,"{""rand1"": 22, ""pbest"": 32, ""closure"": 101, ""local"": 118, ""consensus"": 87}"
Annulus10,10,DCAS-stationary,22,400,1.0,1,204,0.7075098625407691,0.0,395.6352716085059,69.70913010089123,0.140161018442192,0.2008438067309034,1.3908743870228104,"{""rand1"": 33, ""pbest"": 23, ""closure"": 91, ""local"": 158, ""consensus"": 55}"
Annulus10,10,DCAS-stationary,23,400,1.0,1,89,0.0073042476196749,0.0,399.7134030364335,70.91102344327022,0.1002136698000974,0.0,1.5421302311652965,"{""rand1"": 35, ""pbest"": 55, ""closure"": 109, ""local"": 71, ""consensus"": 90}"
Annulus10,10,DCAS-stationary,24,400,1.0,1,121,0.4635329974866318,0.0,395.2402871908637,76.38790365049952,0.1256181162818227,0.16,1.4949455735071653,"{""rand1"": 37, ""pbest"": 36, ""closure"": 121, ""local"": 102, ""consensus"": 64}"
Annulus10,10,DCAS-stationary,25,400,1.0,1,82,-0.0714678756566707,0.0,408.3363558750255,71.13105410988999,0.1241320025026458,0.3242424242424243,1.4489192782321896,"{""rand1"": 26, ""pbest"": 37, ""closure"": 113, ""local"": 58, ""consensus"": 126}"
Annulus10,10,DCAS-stationary,26,400,1.0,1,132,0.544465175592711,0.0,413.5711013368176,75.7280633808485,0.1405396949410637,0.5133333333333333,1.4133847949505338,"{""rand1"": 24, ""pbest"": 62, ""closure"": 93, ""local"": 32, ""consensus"": 149}"
Annulus10,10,DCAS-stationary,27,400,1.0,1,103,0.0696342370998159,0.0,394.0118938484982,75.93284894590164,0.0995807419728037,0.1,1.512787687119341,"{""rand1"": 40, ""pbest"": 41, ""closure"": 102, ""local"": 117, ""consensus"": 60}"
Annulus10,10,DCAS-stationary,28,400,1.0,1,106,-0.0401491377520157,0.0,410.532531476842,84.9286802845121,0.1367191376099086,0.5290909090909091,1.3967850162621231,"{""rand1"": 16, ""pbest"": 61, ""closure"": 112, ""local"": 35, ""consensus"": 136}"
Annulus10,10,DCAS-stationary,29,400,1.0,1,158,0.1896920018549368,0.0,403.8574160183368,77.40730982363918,0.0967974085965718,0.2623809523809524,1.5482548049159546,"{""rand1"": 37, ""pbest"": 52, ""closure"": 95, ""local"": 75, ""consensus"": 101}"
Annulus10,10,DE-EPS,0,400,1.0,0,401,inf,0.0218398208932695,400.0,0.0,0.0,0.0,0.0,{}
Annulus10,10,DE-EPS,1,400,1.0,0,401,inf,0.1109699232091052,400.0,0.0,0.0,0.0,0.0,{}
Annulus10,10,DE-EPS,2,400,1.0,1,192,1.3559287927199593,0.0,400.0,0.0,0.0,0.0,0.0,{}
Annulus10,10,DE-EPS,3,400,1.0,0,401,inf,0.1091165022437891,400.0,0.0,0.0,0.0,0.0,{}
Annulus10,10,DE-EPS,4,400,1.0,0,401,inf,0.2341409810100529,400.0,0.0,0.0,0.0,0.0,{}
Annulus10,10,DE-EPS,5,400,1.0,0,401,inf,0.6813185785251764,400.0,0.0,0.0,0.0,0.0,{}
Annulus10,10,DE-EPS,6,400,1.0,0,401,inf,0.4114364988829064,400.0,0.0,0.0,0.0,0.0,{}
Annulus10,10,DE-EPS,7,400,1.0,0,401,inf,0.1392065598195183,400.0,0.0,0.0,0.0,0.0,{}
Annulus10,10,DE-EPS,8,400,1.0,0,401,inf,0.0942579222218844,400.0,0.0,0.0,0.0,0.0,{}
Annulus10,10,DE-EPS,9,400,1.0,0,401,inf,0.0452434111239613,400.0,0.0,0.0,0.0,0.0,{}
Annulus10,10,DE-EPS,10,400,1.0,0,401,inf,0.1718500830250316,400.0,0.0,0.0,0.0,0.0,{}
Annulus10,10,DE-EPS,11,400,1.0,0,401,inf,0.1340714692293872,400.0,0.0,0.0,0.0,0.0,{}
Annulus10,10,DE-EPS,12,400,1.0,0,401,inf,0.2562751784377812,400.0,0.0,0.0,0.0,0.0,{}
Annulus10,10,DE-EPS,13,400,1.0,0,401,inf,0.1038850954909209,400.0,0.0,0.0,0.0,0.0,{}
Annulus10,10,DE-EPS,14,400,1.0,0,401,inf,0.119110808417616,400.0,0.0,0.0,0.0,0.0,{}
Annulus10,10,DE-EPS,15,400,1.0,0,401,inf,0.0222339812360759,400.0,0.0,0.0,0.0,0.0,{}
Annulus10,10,DE-EPS,16,400,1.0,0,401,inf,0.2420712449724347,400.0,0.0,0.0,0.0,0.0,{}
Annulus10,10,DE-EPS,17,400,1.0,0,401,inf,0.068662645347839,400.0,0.0,0.0,0.0,0.0,{}
Annulus10,10,DE-EPS,18,400,1.0,0,401,inf,0.017706573328586,400.0,0.0,0.0,0.0,0.0,{}
Annulus10,10,DE-EPS,19,400,1.0,0,401,inf,0.1103708512669545,400.0,0.0,0.0,0.0,0.0,{}
Annulus10,10,DE-EPS,20,400,1.0,1,256,2.160757758539522,0.0,400.0,0.0,0.0,0.0,0.0,{}
Annulus10,10,DE-EPS,21,400,1.0,0,401,inf,0.0579417190310186,400.0,0.0,0.0,0.0,0.0,{}
Annulus10,10,DE-EPS,22,400,1.0,0,401,inf,0.0906678088002913,400.0,0.0,0.0,0.0,0.0,{}
Annulus10,10,DE-EPS,23,400,1.0,1,309,2.280716591588828,0.0,400.0,0.0,0.0,0.0,0.0,{}
Annulus10,10,DE-EPS,24,400,1.0,0,401,inf,0.0162740817455507,400.0,0.0,0.0,0.0,0.0,{}
Annulus10,10,DE-EPS,25,400,1.0,0,401,inf,0.1094432006311979,400.0,0.0,0.0,0.0,0.0,{}
Annulus10,10,DE-EPS,26,400,1.0,0,401,inf,0.2393541211769825,400.0,0.0,0.0,0.0,0.0,{}
Annulus10,10,DE-EPS,27,400,1.0,0,401,inf,0.1044694458908757,400.0,0.0,0.0,0.0,0.0,{}
Annulus10,10,DE-EPS,28,400,1.0,0,401,inf,0.1423493196419226,400.0,0.0,0.0,0.0,0.0,{}
Annulus10,10,DE-EPS,29,400,1.0,1,390,1.70310453578592,0.0,400.0,0.0,0.0,0.0,0.0,{}
Annulus10,10,DE-NCV,0,400,1.0,0,401,inf,0.0218398208932695,400.0,0.0,0.0,0.0,0.0,{}
Annulus10,10,DE-NCV,1,400,1.0,0,401,inf,0.1109699232091052,400.0,0.0,0.0,0.0,0.0,{}
Annulus10,10,DE-NCV,2,400,1.0,1,192,1.3559287927199593,0.0,400.0,0.0,0.0,0.0,0.0,{}
Annulus10,10,DE-NCV,3,400,1.0,0,401,inf,0.1091165022437891,400.0,0.0,0.0,0.0,0.0,{}
Annulus10,10,DE-NCV,4,400,1.0,0,401,inf,0.2341409810100529,400.0,0.0,0.0,0.0,0.0,{}
Annulus10,10,DE-NCV,5,400,1.0,0,401,inf,0.6813185785251764,400.0,0.0,0.0,0.0,0.0,{}
Annulus10,10,DE-NCV,6,400,1.0,0,401,inf,0.4114364988829064,400.0,0.0,0.0,0.0,0.0,{}
Annulus10,10,DE-NCV,7,400,1.0,0,401,inf,0.1392065598195183,400.0,0.0,0.0,0.0,0.0,{}
Annulus10,10,DE-NCV,8,400,1.0,0,401,inf,0.0942579222218844,400.0,0.0,0.0,0.0,0.0,{}
Annulus10,10,DE-NCV,9,400,1.0,0,401,inf,0.0452434111239613,400.0,0.0,0.0,0.0,0.0,{}
Annulus10,10,DE-NCV,10,400,1.0,0,401,inf,0.1718500830250316,400.0,0.0,0.0,0.0,0.0,{}
Annulus10,10,DE-NCV,11,400,1.0,0,401,inf,0.1340714692293872,400.0,0.0,0.0,0.0,0.0,{}
Annulus10,10,DE-NCV,12,400,1.0,0,401,inf,0.2562751784377812,400.0,0.0,0.0,0.0,0.0,{}
Annulus10,10,DE-NCV,13,400,1.0,0,401,inf,0.1038850954909209,400.0,0.0,0.0,0.0,0.0,{}
Annulus10,10,DE-NCV,14,400,1.0,0,401,inf,0.119110808417616,400.0,0.0,0.0,0.0,0.0,{}
Annulus10,10,DE-NCV,15,400,1.0,0,401,inf,0.0222339812360759,400.0,0.0,0.0,0.0,0.0,{}
Annulus10,10,DE-NCV,16,400,1.0,0,401,inf,0.2420712449724347,400.0,0.0,0.0,0.0,0.0,{}
Annulus10,10,DE-NCV,17,400,1.0,0,401,inf,0.068662645347839,400.0,0.0,0.0,0.0,0.0,{}
Annulus10,10,DE-NCV,18,400,1.0,0,401,inf,0.017706573328586,400.0,0.0,0.0,0.0,0.0,{}
Annulus10,10,DE-NCV,19,400,1.0,0,401,inf,0.1103708512669545,400.0,0.0,0.0,0.0,0.0,{}
Annulus10,10,DE-NCV,20,400,1.0,1,256,2.160757758539522,0.0,400.0,0.0,0.0,0.0,0.0,{}
Annulus10,10,DE-NCV,21,400,1.0,0,401,inf,0.0579417190310186,400.0,0.0,0.0,0.0,0.0,{}
Annulus10,10,DE-NCV,22,400,1.0,0,401,inf,0.0906678088002913,400.0,0.0,0.0,0.0,0.0,{}
Annulus10,10,DE-NCV,23,400,1.0,1,309,2.280716591588828,0.0,400.0,0.0,0.0,0.0,0.0,{}
Annulus10,10,DE-NCV,24,400,1.0,0,401,inf,0.0162740817455507,400.0,0.0,0.0,0.0,0.0,{}
Annulus10,10,DE-NCV,25,400,1.0,0,401,inf,0.1094432006311979,400.0,0.0,0.0,0.0,0.0,{}
Annulus10,10,DE-NCV,26,400,1.0,0,401,inf,0.2393541211769825,400.0,0.0,0.0,0.0,0.0,{}
Annulus10,10,DE-NCV,27,400,1.0,0,401,inf,0.1044694458908757,400.0,0.0,0.0,0.0,0.0,{}
Annulus10,10,DE-NCV,28,400,1.0,0,401,inf,0.1423493196419226,400.0,0.0,0.0,0.0,0.0,{}
Annulus10,10,DE-NCV,29,400,1.0,1,390,1.70310453578592,0.0,400.0,0.0,0.0,0.0,0.0,{}
Annulus10,10,DE-PEN,0,400,1.0,0,401,inf,0.0807921478235132,400.0,0.0,0.0,0.0,0.0,{}
Annulus10,10,DE-PEN,1,400,1.0,0,401,inf,0.1109699232091052,400.0,0.0,0.0,0.0,0.0,{}
Annulus10,10,DE-PEN,2,400,1.0,1,72,2.072813966010648,0.0,400.0,0.0,0.0,0.0,0.0,{}
Annulus10,10,DE-PEN,3,400,1.0,0,401,inf,0.0231658171203576,400.0,0.0,0.0,0.0,0.0,{}
Annulus10,10,DE-PEN,4,400,1.0,0,401,inf,0.2341409810100529,400.0,0.0,0.0,0.0,0.0,{}
Annulus10,10,DE-PEN,5,400,1.0,0,401,inf,0.1648234078901418,400.0,0.0,0.0,0.0,0.0,{}
Annulus10,10,DE-PEN,6,400,1.0,0,401,inf,0.4114364988829064,400.0,0.0,0.0,0.0,0.0,{}
Annulus10,10,DE-PEN,7,400,1.0,0,401,inf,0.1392065598195183,400.0,0.0,0.0,0.0,0.0,{}
Annulus10,10,DE-PEN,8,400,1.0,0,401,inf,0.0942579222218844,400.0,0.0,0.0,0.0,0.0,{}
Annulus10,10,DE-PEN,9,400,1.0,0,401,inf,0.0452434111239613,400.0,0.0,0.0,0.0,0.0,{}
Annulus10,10,DE-PEN,10,400,1.0,0,401,inf,0.1129137915588607,400.0,0.0,0.0,0.0,0.0,{}
Annulus10,10,DE-PEN,11,400,1.0,1,211,2.6004508709604472,0.0,400.0,0.0,0.0,0.0,0.0,{}
Annulus10,10,DE-PEN,12,400,1.0,0,401,inf,0.2562751784377812,400.0,0.0,0.0,0.0,0.0,{}
Annulus10,10,DE-PEN,13,400,1.0,0,401,inf,0.1038850954909209,400.0,0.0,0.0,0.0,0.0,{}
Annulus10,10,DE-PEN,14,400,1.0,0,401,inf,0.119110808417616,400.0,0.0,0.0,0.0,0.0,{}
Annulus10,10,DE-PEN,15,400,1.0,0,401,inf,0.0222339812360759,400.0,0.0,0.0,0.0,0.0,{}
Annulus10,10,DE-PEN,16,400,1.0,0,401,inf,0.2420712449724347,400.0,0.0,0.0,0.0,0.0,{}
Annulus10,10,DE-PEN,17,400,1.0,0,401,inf,0.4217860195847918,400.0,0.0,0.0,0.0,0.0,{}
Annulus10,10,DE-PEN,18,400,1.0,0,401,inf,0.017706573328586,400.0,0.0,0.0,0.0,0.0,{}
Annulus10,10,DE-PEN,19,400,1.0,1,357,2.133490246827169,0.0,400.0,0.0,0.0,0.0,0.0,{}
Annulus10,10,DE-PEN,20,400,1.0,1,256,2.132109329644877,0.0,400.0,0.0,0.0,0.0,0.0,{}
Annulus10,10,DE-PEN,21,400,1.0,1,319,2.28251309494059,0.0,400.0,0.0,0.0,0.0,0.0,{}
Annulus10,10,DE-PEN,22,400,1.0,0,401,inf,0.3661509731565232,400.0,0.0,0.0,0.0,0.0,{}
Annulus10,10,DE-PEN,23,400,1.0,1,309,2.280716591588828,0.0,400.0,0.0,0.0,0.0,0.0,{}
Annulus10,10,DE-PEN,24,400,1.0,0,401,inf,0.0162740817455507,400.0,0.0,0.0,0.0,0.0,{}
Annulus10,10,DE-PEN,25,400,1.0,0,401,inf,0.1094432006311979,400.0,0.0,0.0,0.0,0.0,{}
Annulus10,10,DE-PEN,26,400,1.0,0,401,inf,0.2393541211769825,400.0,0.0,0.0,0.0,0.0,{}
Annulus10,10,DE-PEN,27,400,1.0,0,401,inf,0.1044694458908757,400.0,0.0,0.0,0.0,0.0,{}
Annulus10,10,DE-PEN,28,400,1.0,0,401,inf,0.1423493196419226,400.0,0.0,0.0,0.0,0.0,{}
Annulus10,10,DE-PEN,29,400,1.0,1,390,1.70310453578592,0.0,400.0,0.0,0.0,0.0,0.0,{}
Annulus10,10,JADE-NCV,0,400,1.0,1,173,1.8591304637866928,0.0,400.0,0.0,0.0,0.0,0.0,{}
Annulus10,10,JADE-NCV,1,400,1.0,1,365,1.869382978797048,0.0,400.0,0.0,0.0,0.0,0.0,{}
Annulus10,10,JADE-NCV,2,400,1.0,1,263,2.142486560849084,0.0,400.0,0.0,0.0,0.0,0.0,{}
Annulus10,10,JADE-NCV,3,400,1.0,1,252,0.8527912465570563,0.0,400.0,0.0,0.0,0.0,0.0,{}
Annulus10,10,JADE-NCV,4,400,1.0,1,215,1.1887937953629866,0.0,400.0,0.0,0.0,0.0,0.0,{}
Annulus10,10,JADE-NCV,5,400,1.0,1,244,0.9538152587679528,0.0,400.0,0.0,0.0,0.0,0.0,{}
Annulus10,10,JADE-NCV,6,400,1.0,1,234,1.1191461767492237,0.0,400.0,0.0,0.0,0.0,0.0,{}
Annulus10,10,JADE-NCV,7,400,1.0,1,171,1.119734349733812,0.0,400.0,0.0,0.0,0.0,0.0,{}
Annulus10,10,JADE-NCV,8,400,1.0,1,208,0.8024072680107539,0.0,400.0,0.0,0.0,0.0,0.0,{}
Annulus10,10,JADE-NCV,9,400,1.0,1,207,1.1231782049685548,0.0,400.0,0.0,0.0,0.0,0.0,{}
Annulus10,10,JADE-NCV,10,400,1.0,1,128,1.4196668402322756,0.0,400.0,0.0,0.0,0.0,0.0,{}
Annulus10,10,JADE-NCV,11,400,1.0,1,322,1.16895074799081,0.0,400.0,0.0,0.0,0.0,0.0,{}
Annulus10,10,JADE-NCV,12,400,1.0,1,277,1.378019638754489,0.0,400.0,0.0,0.0,0.0,0.0,{}
Annulus10,10,JADE-NCV,13,400,1.0,1,186,1.422386586919996,0.0,400.0,0.0,0.0,0.0,0.0,{}
Annulus10,10,JADE-NCV,14,400,1.0,1,241,0.7050994206086046,0.0,400.0,0.0,0.0,0.0,0.0,{}
Annulus10,10,JADE-NCV,15,400,1.0,1,231,1.2948942416613778,0.0,400.0,0.0,0.0,0.0,0.0,{}
Annulus10,10,JADE-NCV,16,400,1.0,1,170,0.9449057680775516,0.0,400.0,0.0,0.0,0.0,0.0,{}
Annulus10,10,JADE-NCV,17,400,1.0,1,101,0.981526292051094,0.0,400.0,0.0,0.0,0.0,0.0,{}
Annulus10,10,JADE-NCV,18,400,1.0,1,247,0.9726977257992262,0.0,400.0,0.0,0.0,0.0,0.0,{}
Annulus10,10,JADE-NCV,19,400,1.0,1,248,0.7214944247289958,0.0,400.0,0.0,0.0,0.0,0.0,{}
Annulus10,10,JADE-NCV,20,400,1.0,1,197,0.9706927648913924,0.0,400.0,0.0,0.0,0.0,0.0,{}
Annulus10,10,JADE-NCV,21,400,1.0,1,244,1.2946204032928332,0.0,400.0,0.0,0.0,0.0,0.0,{}
Annulus10,10,JADE-NCV,22,400,1.0,1,383,1.1064187129602463,0.0,400.0,0.0,0.0,0.0,0.0,{}
Annulus10,10,JADE-NCV,23,400,1.0,1,152,0.7607386445629463,0.0,400.0,0.0,0.0,0.0,0.0,{}
Annulus10,10,JADE-NCV,24,400,1.0,1,250,1.0910867132951645,0.0,400.0,0.0,0.0,0.0,0.0,{}
Annulus10,10,JADE-NCV,25,400,1.0,1,294,2.265719491050296,0.0,400.0,0.0,0.0,0.0,0.0,{}
Annulus10,10,JADE-NCV,26,400,1.0,1,164,1.020446289667369,0.0,400.0,0.0,0.0,0.0,0.0,{}
Annulus10,10,JADE-NCV,27,400,1.0,1,309,1.2780341508564954,0.0,400.0,0.0,0.0,0.0,0.0,{}
Annulus10,10,JADE-NCV,28,400,1.0,1,372,1.5770593277213285,0.0,400.0,0.0,0.0,0.0,0.0,{}
Annulus10,10,JADE-NCV,29,400,1.0,1,299,1.469097726424285,0.0,400.0,0.0,0.0,0.0,0.0,{}
Annulus10,10,UCB-Objective,0,400,1.0,1,96,-0.2700760316670689,0.0,404.7340022019948,66.74442998413599,0.0233159994365982,0.4372294372294372,1.599302240457242,"{""rand1"": 65, ""pbest"": 72, ""closure"": 57, ""local"": 84, ""consensus"": 82}"
Annulus10,10,UCB-Objective,1,400,1.0,1,191,0.0544607376575635,0.0,408.2309390828878,72.52124927925458,0.0482164995993296,0.2495795662682847,1.58347022556923,"{""rand1"": 76, ""pbest"": 77, ""closure"": 42, ""local"": 78, ""consensus"": 87}"
Annulus10,10,UCB-Objective,2,400,1.0,1,124,0.109614943203825,0.0,405.811153842778,62.7975057774152,0.0292620148360957,0.4993908393396884,1.5962289225362951,"{""rand1"": 70, ""pbest"": 72, ""closure"": 52, ""local"": 85, ""consensus"": 81}"
Annulus10,10,UCB-Objective,3,400,1.0,1,60,0.0630987603325908,0.0,402.294103431024,66.43506201891836,0.0121708597509152,0.1697744360902255,1.6038513402228136,"{""rand1"": 62, ""pbest"": 80, ""closure"": 64, ""local"": 75, ""consensus"": 79}"
Annulus10,10,UCB-Objective,4,400,1.0,1,98,0.0025065468856727,0.0,405.9325574131515,59.936824823624406,0.0216761822939534,0.1911229946524064,1.6017593683461275,"{""rand1"": 68, ""pbest"": 72, ""closure"": 58, ""local"": 78, ""consensus"": 84}"
Annulus10,10,UCB-Objective,5,400,1.0,1,132,-0.0392221610056991,0.0,404.8725007721022,66.59151592739403,0.0259002374491443,0.358593161402492,1.5993007474528331,"{""rand1"": 73, ""pbest"": 73, ""closure"": 54, ""local"": 85, ""consensus"": 75}"
Annulus10,10,UCB-Objective,6,400,1.0,1,84,-0.4120327740830244,0.0,404.169074894859,67.87078770676594,0.0215583660167272,0.1696703296703296,1.601299474665104,"{""rand1"": 70, ""pbest"": 72, ""closure"": 57, ""local"": 76, ""consensus"": 85}"
Annulus10,10,UCB-Objective,7,400,1.0,1,150,0.025662701058492,0.0,407.8429643063848,61.40414940275558,0.0346002962687371,0.3731127121695073,1.5938303930145992,"{""rand1"": 70, ""pbest"": 81, ""closure"": 49, ""local"": 78, ""consensus"": 82}"
Annulus10,10,UCB-Objective,8,400,1.0,1,131,0.114344469159852,0.0,402.95252851171415,60.17589274559037,0.0305033250411014,0.6247929606625259,1.5957120317996265,"{""rand1"": 70, ""pbest"": 75, ""closure"": 51, ""local"": 85, ""consensus"": 79}"
Annulus10,10,UCB-Objective,9,400,1.0,1,164,0.2689939465667038,0.0,406.0442908221602,62.298923025507726,0.0397821260743345,0.421343181888909,1.5908918467324138,"{""rand1"": 74, ""pbest"": 75, ""closure"": 47, ""local"": 87, ""consensus"": 77}"
Annulus10,10,UCB-Objective,10,400,1.0,1,207,0.2544897161460906,0.0,408.6179778891216,63.57550989330608,0.0542734674543416,0.3460269268997921,1.578559100662933,"{""rand1"": 74, ""pbest"": 74, ""closure"": 40, ""local"": 87, ""consensus"": 85}"
Annulus10,10,UCB-Objective,11,400,1.0,1,176,-0.004654719181647,0.0,405.5078063194366,64.69567649249825,0.0422537734808583,0.3325426896941139,1.5912577842066016,"{""rand1"": 71, ""pbest"": 81, ""closure"": 47, ""local"": 83, ""consensus"": 78}"
Annulus10,10,UCB-Objective,12,400,1.0,1,140,0.2867882308571986,0.0,405.8946199798511,66.04979897859403,0.0302930503207115,0.2643736263736264,1.5988343179674849,"{""rand1"": 70, ""pbest"": 78, ""closure"": 53, ""local"": 81, ""consensus"": 78}"
Annulus10,10,UCB-Objective,13,400,1.0,1,112,-0.245359217543662,0.0,404.7276638578376,61.17577504911506,0.0277046793218048,0.6212999745352686,1.5989318219181234,"{""rand1"": 69, ""pbest"": 75, ""closure"": 54, ""local"": 78, ""consensus"": 84}"
Annulus10,10,UCB-Objective,14,400,1.0,1,124,0.0737273462304774,0.0,404.86143861673975,59.43965682332649,0.0280895563781116,0.3279197994987468,1.5996486806848018,"{""rand1"": 70, ""pbest"": 75, ""closure"": 54, ""local"": 81, ""consensus"": 80}"
Annulus10,10,UCB-Objective,15,400,1.0,1,87,0.0730412083905586,0.0,401.34988997764816,69.53500725940812,0.0172209017413954,0.6325210084033613,1.6032462437140071,"{""rand1"": 65, ""pbest"": 79, ""closure"": 60, ""local"": 78, ""consensus"": 78}"
Annulus10,10,UCB-Objective,16,400,1.0,1,207,0.205122583593661,0.0,407.14377602323066,59.59678264962015,0.0539708689002184,0.1867691397103162,1.580009964323153,"{""rand1"": 74, ""pbest"": 81, ""closure"": 40, ""local"": 85, ""consensus"": 80}"
Annulus10,10,UCB-Objective,17,400,1.0,1,138,0.190853096561529,0.0,404.8962903261832,62.74848486028196,0.0317497439265601,0.5776962168266516,1.5973174631530562,"{""rand1"": 73, ""pbest"": 79, ""closure"": 52, ""local"": 72, ""consensus"": 84}"
Annulus10,10,UCB-Objective,18,400,1.0,1,111,-0.2846265093694611,0.0,404.1280943926616,65.96868519739405,0.0282824586223553,0.2188515406162465,1.5983991323332505,"{""rand1"": 69, ""pbest"": 79, ""closure"": 54, ""local"": 73, ""consensus"": 85}"
Annulus10,10,UCB-Objective,19,400,1.0,1,95,0.3699349798505819,0.0,404.64156704051385,63.80584779714248,0.0179096312660511,0.6908225108225109,1.6042045965285583,"{""rand1"": 67, ""pbest"": 71, ""closure"": 62, ""local"": 77, ""consensus"": 83}"
Annulus10,10,UCB-Objective,20,400,1.0,1,127,0.0983817211044966,0.0,404.8948463473945,67.56029467336589,0.026790927464904,0.4974025974025974,1.6003144982374078,"{""rand1"": 72, ""pbest"": 76, ""closure"": 54, ""local"": 77, ""consensus"": 81}"
Annulus10,10,UCB-Objective,21,400,1.0,1,60,-0.0212066759290373,0.0,402.4799018689587,63.69397355963079,0.0107818417582035,0.4497619047619047,1.6056408632204513,"{""rand1"": 66, ""pbest"": 77, ""closure"": 63, ""local"": 76, ""consensus"": 78}"
Annulus10,10,UCB-Objective,22,400,1.0,1,87,0.1217532948413198,0.0,404.6040604309224,62.437300590031306,0.0196708065208756,0.4292503987240829,1.602838750076638,"{""rand1"": 71, ""pbest"": 67, ""closure"": 60, ""local"": 79, ""consensus"": 83}"
Annulus10,10,UCB-Objective,23,400,1.0,1,128,0.3567963707870789,0.0,404.7665123473437,63.754006864256375,0.0280771309126022,0.1530278672733915,1.598709364114516,"{""rand1"": 72, ""pbest"": 73, ""closure"": 53, ""local"": 80, ""consensus"": 82}"
Annulus10,10,UCB-Objective,24,400,1.0,1,254,0.4465301138676875,0.0,407.51655315551807,55.07939452678912,0.0708101778797238,0.3385278738226113,1.5678802519930808,"{""rand1"": 81, ""pbest"": 83, ""closure"": 34, ""local"": 83, ""consensus"": 79}"
Annulus10,10,UCB-Objective,25,400,1.0,1,148,-0.0564451316423656,0.0,405.48704724480086,63.61445351530397,0.0344395597484265,0.3214652738565782,1.5945966428740057,"{""rand1"": 68, ""pbest"": 76, ""closure"": 51, ""local"": 87, ""consensus"": 78}"
Annulus10,10,UCB-Objective,26,400,1.0,1,124,-0.0524268526463953,0.0,406.2848478905328,67.99379484655208,0.0283817723627966,0.36800508057474,1.5971766458193375,"{""rand1"": 68, ""pbest"": 73, ""closure"": 54, ""local"": 77, ""consensus"": 88}"
Annulus10,10,UCB-Objective,27,400,1.0,1,139,0.1513281375556585,0.0,404.6564342899492,66.38896416468287,0.0344337257202648,0.5046078431372549,1.5949227009677798,"{""rand1"": 67, ""pbest"": 77, ""closure"": 51, ""local"": 82, ""consensus"": 83}"
Annulus10,10,UCB-Objective,28,400,1.0,1,132,0.3611230179461507,0.0,404.3651970197448,60.31337969039106,0.0290522352163479,0.4430611493769388,1.5998308167962896,"{""rand1"": 75, ""pbest"": 75, ""closure"": 53, ""local"": 79, ""consensus"": 78}"
Annulus10,10,UCB-Objective,29,400,1.0,1,99,0.2124028450386159,0.0,403.0727199165141,69.82842948682112,0.0200476794272612,0.1468983957219251,1.6023725553730177,"{""rand1"": 68, ""pbest"": 76, ""closure"": 58, ""local"": 75, ""consensus"": 83}"
Annulus10,10,UCB-Success,0,400,1.0,1,108,-0.0146662495517781,0.0,412.6250390264847,78.23737358184634,0.1171009263430677,0.2333333333333333,1.4662554504029948,"{""rand1"": 22, ""pbest"": 52, ""closure"": 76, ""local"": 71, ""consensus"": 139}"
Annulus10,10,UCB-Success,1,400,1.0,1,205,0.462455268292518,0.0,410.91466635310286,69.29100932242937,0.1189457814690129,0.4582963819805926,1.4913019180732352,"{""rand1"": 30, ""pbest"": 40, ""closure"": 80, ""local"": 83, ""consensus"": 127}"
Annulus10,10,UCB-Success,2,400,1.0,1,124,0.1295672361265648,0.0,413.7831644821882,81.17769585968574,0.1153213240516794,0.3549450549450549,1.459848534625113,"{""rand1"": 24, ""pbest"": 45, ""closure"": 81, ""local"": 69, ""consensus"": 141}"
Annulus10,10,UCB-Success,3,400,1.0,1,92,0.1790480718147942,0.0,423.7654735059961,80.69673718130774,0.1497677075533911,0.2142857142857142,1.3386283094930325,"{""rand1"": 35, ""pbest"": 35, ""closure"": 52, ""local"": 48, ""consensus"": 190}"
Annulus10,10,UCB-Success,4,400,1.0,1,148,-0.0665786735604852,0.0,419.0225269077293,79.9574982409421,0.1304249558163294,0.19,1.384220108480324,"{""rand1"": 17, ""pbest"": 55, ""closure"": 48, ""local"": 75, ""consensus"": 165}"
Annulus10,10,UCB-Success,5,400,1.0,1,89,0.4705143987871203,0.0,413.3630962614864,62.63517170754956,0.1073665477602602,0.1581003310415074,1.4912905419835596,"{""rand1"": 30, ""pbest"": 61, ""closure"": 65, ""local"": 64, ""consensus"": 140}"
Annulus10,10,UCB-Success,6,400,1.0,1,94,-0.2966400722491416,0.0,422.1073841811863,76.76137070136667,0.1522724664730739,0.1476190476190476,1.3397429102957863,"{""rand1"": 22, ""pbest"": 31, ""closure"": 59, ""local"": 68, ""consensus"": 180}"
Annulus10,10,UCB-Success,7,400,1.0,1,92,-0.0838783467674789,0.0,413.3792520876918,71.38147589156411,0.1111024529814304,0.3120879120879121,1.4731381033982531,"{""rand1"": 24, ""pbest"": 54, ""closure"": 61, ""local"": 84, ""consensus"": 137}"
Annulus10,10,UCB-Success,8,400,1.0,1,46,-0.0611970811936561,0.0,408.6904108026407,64.53870316380082,0.109492810365418,0.1571428571428571,1.4824261156078224,"{""rand1"": 23, ""pbest"": 58, ""closure"": 81, ""local"": 65, ""consensus"": 133}"
Annulus10,10,UCB-Success,9,400,1.0,1,139,0.0032982440183287,0.0,420.4312351386752,81.38029062246686,0.1370201011193793,0.7641758241758241,1.373658801570348,"{""rand1"": 21, ""pbest"": 38, ""closure"": 56, ""local"": 75, ""consensus"": 170}"
Annulus10,10,UCB-Success,10,400,1.0,1,126,-0.1380090468006922,0.0,415.27277913245103,77.19049117087688,0.1244609742027856,0.2047619047619047,1.4364956006829972,"{""rand1"": 20, ""pbest"": 58, ""closure"": 62, ""local"": 68, ""consensus"": 152}"
Annulus10,10,UCB-Success,11,400,1.0,1,170,0.1246750611756644,0.0,416.0152808650733,70.97624283454456,0.1211653281666344,0.3900440503625329,1.477329453315062,"{""rand1"": 38, ""pbest"": 41, ""closure"": 59, ""local"": 77, ""consensus"": 145}"
Annulus10,10,UCB-Success,12,400,1.0,1,92,0.153055011700886,0.0,420.4479086192901,78.51878336484158,0.1413025151316299,0.1785714285714285,1.3621937424770971,"{""rand1"": 24, ""pbest"": 44, ""closure"": 72, ""local"": 43, ""consensus"": 177}"
Annulus10,10,UCB-Success,13,400,1.0,1,110,-0.0195708967774597,0.0,418.2314731292959,72.28196224386916,0.1225833740298535,0.2727272727272727,1.4315033542961266,"{""rand1"": 27, ""pbest"": 55, ""closure"": 51, ""local"": 67, ""consensus"": 160}"
Annulus10,10,UCB-Success,14,400,1.0,1,81,0.044576275050296,0.0,420.2560413606471,74.79763461633655,0.1346138863778768,0.0285714285714285,1.360648918431957,"{""rand1"": 32, ""pbest"": 28, ""closure"": 76, ""local"": 48, ""consensus"": 176}"
Annulus10,10,UCB-Success,15,400,1.0,1,107,-0.0181196124205171,0.0,416.005961309462,68.58081797619319,0.1288410603574118,0.4307142857142857,1.4296109121598342,"{""rand1"": 23, ""pbest"": 51, ""closure"": 56, ""local"": 74, ""consensus"": 156}"
Annulus10,10,UCB-Success,16,400,1.0,1,170,0.0463772701073231,0.0,409.1352278336514,78.25091304870881,0.1051288416287059,0.5756527682843473,1.4524403843606717,"{""rand1"": 22, ""pbest"": 42, ""closure"": 61, ""local"": 123, ""consensus"": 112}"
Annulus10,10,UCB-Success,17,400,1.0,1,146,0.1274290253665725,0.0,411.3549674141684,73.4165664817351,0.1132037111939408,0.335222816399287,1.5049422233907177,"{""rand1"": 30, ""pbest"": 58, ""closure"": 65, ""local"": 75, ""consensus"": 132}"
Annulus10,10,UCB-Success,18,400,1.0,1,111,0.248066769193274,0.0,409.1056647157034,66.85623281947007,0.1014335582813691,0.1435828877005347,1.4812798529992943,"{""rand1"": 28, ""pbest"": 38, ""closure"": 76, ""local"": 93, ""consensus"": 125}"
Annulus10,10,UCB-Success,19,400,1.0,1,80,-0.0277897936594936,0.0,415.54946332034126,73.40237585921507,0.1171279119821327,0.097142857142857,1.4574692204824446,"{""rand1"": 38, ""pbest"": 36, ""closure"": 68, ""local"": 66, ""consensus"": 152}"
Annulus10,10,UCB-Success,20,400,1.0,1,163,0.4829497089411917,0.0,411.2285186908823,75.65513539614902,0.1259950111537856,0.3312585659954081,1.472596206779329,"{""rand1"": 21, ""pbest"": 55, ""closure"": 75, ""local"": 74, ""consensus"": 135}"
Annulus10,10,UCB-Success,21,400,1.0,1,129,-0.1057805866082348,0.0,414.2298107993647,72.25960351786762,0.1207874123587369,0.7717794486215539,1.450788239618945,"{""rand1"": 26, ""pbest"": 48, ""closure"": 84, ""local"": 55, ""consensus"": 147}"
Annulus10,10,UCB-Success,22,400,1.0,1,107,0.0251377076345508,0.0,414.2812785964873,76.6623097516846,0.1230865661126479,0.1466883116883117,1.447777538936859,"{""rand1"": 28, ""pbest"": 42, ""closure"": 59, ""local"": 82, ""consensus"": 149}"
Annulus10,10,UCB-Success,23,400,1.0,1,144,0.3945364431412991,0.0,407.6986914728979,75.69440374782495,0.0870835135042696,0.6095238095238095,1.5430124662812603,"{""rand1"": 42, ""pbest"": 46, ""closure"": 76, ""local"": 82, ""consensus"": 114}"
Annulus10,10,UCB-Success,24,400,1.0,1,87,0.0560803060037296,0.0,409.8656175804112,74.74217978256273,0.1114913564081247,0.0952380952380952,1.460327565185874,"{""rand1"": 18, ""pbest"": 63, ""closure"": 82, ""local"": 61, ""consensus"": 136}"
Annulus10,10,UCB-Success,25,400,1.0,1,86,-0.1015300384601639,0.0,421.5827295056808,70.79587168026666,0.1356656252060395,0.2672727272727273,1.3698707394538392,"{""rand1"": 23, ""pbest"": 42, ""closure"": 65, ""local"": 54, ""consensus"": 176}"
Annulus10,10,UCB-Success,26,400,1.0,1,131,-0.0902808296957539,0.0,417.8288998016759,79.44479079702155,0.146822909508373,0.1373426573426573,1.4077997719541235,"{""rand1"": 21, ""pbest"": 45, ""closure"": 57, ""local"": 77, ""consensus"": 160}"
Annulus10,10,UCB-Success,27,400,1.0,1,69,-0.0879278515747252,0.0,418.1711515785829,81.05848835451783,0.130553444852967,0.32,1.4018037170602755,"{""rand1"": 32, ""pbest"": 37, ""closure"": 65, ""local"": 56, ""consensus"": 170}"
Annulus10,10,UCB-Success,28,400,1.0,1,107,-0.2160346735388987,0.0,426.5901080336193,81.25824758071123,0.1579309347987699,0.2,1.3126104052271397,"{""rand1"": 32, ""pbest"": 45, ""closure"": 43, ""local"": 43, ""consensus"": 197}"
Annulus10,10,UCB-Success,29,400,1.0,1,94,0.0338713882431077,0.0,408.3301155174361,72.55741169615581,0.0906544632561651,0.2630769230769231,1.525834064992161,"{""rand1"": 29, ""pbest"": 75, ""closure"": 63, ""local"": 74, ""consensus"": 119}"
Annulus10,10,UCB-Violation,0,400,1.0,1,89,-0.0764351481382361,0.0,404.0350157464208,69.63747036392922,0.0804526917436017,0.2685714285714285,1.5647862265847916,"{""rand1"": 50, ""pbest"": 51, ""closure"": 92, ""local"": 64, ""consensus"": 103}"
Annulus10,10,UCB-Violation,1,400,1.0,1,141,0.0170942003142143,0.0,395.8589936098433,72.49263614025121,0.1383375149951617,0.154978354978355,1.4932180156973265,"{""rand1"": 48, ""pbest"": 50, ""closure"": 67, ""local"": 146, ""consensus"": 49}"
Annulus10,10,UCB-Violation,2,400,1.0,1,121,0.0241714861659413,0.0,406.69944331259126,73.86486952281838,0.0821822982771859,0.4392207792207792,1.5623682784752846,"{""rand1"": 49, ""pbest"": 51, ""closure"": 64, ""local"": 91, ""consensus"": 105}"
Annulus10,10,UCB-Violation,3,400,1.0,1,76,-0.1324822327958145,0.0,395.53931109312606,66.50555599968258,0.065471671453,0.32,1.579731121818589,"{""rand1"": 50, ""pbest"": 59, ""closure"": 90, ""local"": 95, ""consensus"": 66}"
Annulus10,10,UCB-Violation,4,400,1.0,1,122,0.2154995641340676,0.0,410.3859134219712,68.17627252318859,0.1007097766306541,0.1318681318681318,1.5464591025051149,"{""rand1"": 56, ""pbest"": 52, ""closure"": 57, ""local"": 70, ""consensus"": 125}"
Annulus10,10,UCB-Violation,5,400,1.0,1,89,-0.227844559878449,0.0,402.2436222561045,67.81906386444625,0.0692321099417852,0.3871062271062271,1.57400154115241,"{""rand1"": 51, ""pbest"": 48, ""closure"": 81, ""local"": 93, ""consensus"": 87}"
Annulus10,10,UCB-Violation,6,400,1.0,1,94,0.5052075539235541,0.0,396.5399327694302,61.23065485578253,0.0790519076794309,0.3226973026973027,1.563943548430209,"{""rand1"": 43, ""pbest"": 57, ""closure"": 89, ""local"": 103, ""consensus"": 68}"
Annulus10,10,UCB-Violation,7,400,1.0,1,103,-0.250742296360762,0.0,404.64808686942433,77.05277619063965,0.0933808919639859,0.2266666666666666,1.549515671231959,"{""rand1"": 49, ""pbest"": 49, ""closure"": 98, ""local"": 57, ""consensus"": 107}"
Annulus10,10,UCB-Violation,8,400,1.0,1,67,-0.1848810122092598,0.0,393.5385616795284,67.9640001403532,0.0795461969132714,0.1928571428571428,1.56638746249536,"{""rand1"": 50, ""pbest"": 55, ""closure"": 88, ""local"": 106, ""consensus"": 61}"
Annulus10,10,UCB-Violation,9,400,1.0,1,138,0.1912866650270299,0.0,400.7767341589615,67.60349670108182,0.1085398256351504,0.3248058608058607,1.5348066359622932,"{""rand1"": 46, ""pbest"": 53, ""closure"": 60, ""local"": 128, ""consensus"": 73}"
Annulus10,10,UCB-Violation,10,400,1.0,1,150,0.2160038988947208,0.0,394.6722193279314,70.82468104576073,0.1072030813485462,0.3551514759750053,1.5386808729224082,"{""rand1"": 56, ""pbest"": 48, ""closure"": 73, ""local"": 127, ""consensus"": 56}"
Annulus10,10,UCB-Violation,11,400,1.0,1,118,0.1361431279088301,0.0,402.2060258131005,71.54115382925558,0.0812958432645353,0.3211471861471862,1.561638760403121,"{""rand1"": 50, ""pbest"": 45, ""closure"": 72, ""local"": 99, ""consensus"": 94}"
Annulus10,10,UCB-Violation,12,400,1.0,1,147,0.006228879310503,0.0,412.4916264529949,67.56226005653568,0.1132016421523262,0.3289177489177489,1.530495998717889,"{""rand1"": 51, ""pbest"": 54, ""closure"": 64, ""local"": 58, ""consensus"": 133}"
Annulus10,10,UCB-Violation,13,400,1.0,1,123,0.1014682676772567,0.0,399.78678801957824,68.02070048384894,0.0875913501895597,0.2516483516483516,1.5571951723235689,"{""rand1"": 50, ""pbest"": 50, ""closure"": 67, ""local"": 115, ""consensus"": 78}"
Annulus10,10,UCB-Violation,14,400,1.0,1,97,-0.1966015489088838,0.0,401.9835137865975,71.2261997869866,0.078823772633119,0.1285714285714285,1.565098395224434,"{""rand1"": 47, ""pbest"": 49, ""closure"": 91, ""local"": 74, ""consensus"": 99}"
Annulus10,10,UCB-Violation,15,400,1.0,1,132,0.135397927331013,0.0,406.4363396916369,70.51773164805438,0.087772221436913,0.2042997198879551,1.5579412419271206,"{""rand1"": 53, ""pbest"": 52, ""closure"": 55, ""local"": 91, ""consensus"": 109}"
Annulus10,10,UCB-Violation,16,400,1.0,1,134,-0.1559216087761206,0.0,400.7665674733162,69.91270404037537,0.0795643757608479,0.1985605505605505,1.5647136577820515,"{""rand1"": 52, ""pbest"": 47, ""closure"": 76, ""local"": 108, ""consensus"": 77}"
Annulus10,10,UCB-Violation,17,400,1.0,1,96,0.0177638280007345,0.0,395.2117023370736,66.64436806226983,0.0847165636214287,0.6861738261738262,1.5610466333677722,"{""rand1"": 49, ""pbest"": 52, ""closure"": 83, ""local"": 111, ""consensus"": 65}"
Annulus10,10,UCB-Violation,18,400,1.0,1,115,0.1826075825685228,0.0,400.2953389522905,65.80209488800024,0.1103772443466248,0.3607843137254902,1.5296893493814534,"{""rand1"": 45, ""pbest"": 47, ""closure"": 63, ""local"": 127, ""consensus"": 78}"
Annulus10,10,UCB-Violation,19,400,1.0,1,82,-0.0021689489371332,0.0,394.0342103082152,69.12449011195812,0.1011384628912778,0.2714285714285714,1.5426251028913276,"{""rand1"": 49, ""pbest"": 49, ""closure"": 123, ""local"": 77, ""consensus"": 62}"
Annulus10,10,UCB-Violation,20,400,1.0,1,99,0.5866024198174946,0.0,402.5768253913626,60.92072546896875,0.091799326850871,0.5279034009468792,1.5523219969455466,"{""rand1"": 48, ""pbest"": 51, ""closure"": 59, ""local"": 111, ""consensus"": 91}"
Annulus10,10,UCB-Violation,21,400,1.0,1,92,0.0461122671393976,0.0,402.6994099054991,67.63065411586146,0.0918197424696474,0.4738461538461538,1.5515547094055844,"{""rand1"": 49, ""pbest"": 49, ""closure"": 104, ""local"": 58, ""consensus"": 100}"
Annulus10,10,UCB-Violation,22,400,1.0,1,129,0.3845720571386751,0.0,408.9862983267898,68.53573187825782,0.0958822580642454,0.2950980392156863,1.549039065780898,"{""rand1"": 52, ""pbest"": 51, ""closure"": 54, ""local"": 87, ""consensus"": 116}"
Annulus10,10,UCB-Violation,23,400,1.0,1,82,0.0156157351939895,0.0,398.1232496230924,62.32305926770916,0.083488217415024,0.5768831168831168,1.562792790746915,"{""rand1"": 47, ""pbest"": 53, ""closure"": 80, ""local"": 110, ""consensus"": 70}"
Annulus10,10,UCB-Violation,24,400,1.0,1,127,-0.0697976084654713,0.0,408.9634796660919,69.49493274011976,0.1024071267586879,0.2329411764705882,1.5388032817393522,"{""rand1"": 48, ""pbest"": 50, ""closure"": 54, ""local"": 89, ""consensus"": 119}"
Annulus10,10,UCB-Violation,25,400,1.0,1,118,0.4412713537155532,0.0,404.4479061889787,69.49749697320583,0.0826838426342869,0.7335294117647059,1.5610863580075114,"{""rand1"": 47, ""pbest"": 49, ""closure"": 69, ""local"": 94, ""consensus"": 101}"
Annulus10,10,UCB-Violation,26,400,1.0,1,59,-0.0618706890413095,0.0,391.7745372569668,62.15479068900508,0.0968329440695523,0.1034965034965035,1.5481213717372715,"{""rand1"": 49, ""pbest"": 53, ""closure"": 118, ""local"": 84, ""consensus"": 56}"
Annulus10,10,UCB-Violation,27,400,1.0,1,71,0.0606824647583301,0.0,390.0461108641419,66.73965660109225,0.0983218281559966,0.16,1.543141120315173,"{""rand1"": 49, ""pbest"": 52, ""closure"": 106, ""local"": 103, ""consensus"": 50}"
Annulus10,10,UCB-Violation,28,400,1.0,1,101,-0.2253112962289115,0.0,403.1560415149843,67.74366300102169,0.0915620781104403,0.1485714285714285,1.5483194270894771,"{""rand1"": 50, ""pbest"": 42, ""closure"": 106, ""local"": 66, ""consensus"": 96}"
Annulus10,10,UCB-Violation,29,400,1.0,1,127,0.2150433379062786,0.0,405.18252766358586,78.20787796314413,0.0680687539213971,0.239313725490196,1.5779710037888564,"{""rand1"": 50, ""pbest"": 57, ""closure"": 70, ""local"": 82, ""consensus"": 101}"
ChainConstraint30,30,DCAS,0,400,1.0,1,180,4.72673901894094,0.0,421.9563325901926,69.12449175224214,0.052073592697158,0.5583409555337429,1.5794956887725506,"{""rand1"": 46, ""pbest"": 60, ""closure"": 77, ""local"": 96, ""consensus"": 81}"
ChainConstraint30,30,DCAS,1,400,1.0,1,209,4.641700130469508,0.0,424.3197341674152,81.99213910234957,0.0739804879047758,0.6823161351655,1.548439187930038,"{""rand1"": 50, ""pbest"": 55, ""closure"": 53, ""local"": 118, ""consensus"": 84}"
ChainConstraint30,30,DCAS,2,400,1.0,1,248,4.394889160499277,0.0,430.6925094189312,70.32446953640975,0.0831395264249118,0.7204655811787231,1.5632975046093405,"{""rand1"": 49, ""pbest"": 60, ""closure"": 56, ""local"": 86, ""consensus"": 109}"
ChainConstraint30,30,DCAS,3,400,1.0,1,217,5.107289908872168,0.0,433.2949608181231,65.66406630244612,0.08094822842875,0.6625968414716146,1.5627496119729662,"{""rand1"": 54, ""pbest"": 55, ""closure"": 57, ""local"": 81, ""consensus"": 113}"
ChainConstraint30,30,DCAS,4,400,1.0,1,220,3.147145629999613,0.0,429.7753324838823,70.91917937378821,0.0727516087966173,0.5429847602944646,1.5733245335226873,"{""rand1"": 54, ""pbest"": 58, ""closure"": 57, ""local"": 89, ""consensus"": 102}"
ChainConstraint30,30,DCAS,5,400,1.0,1,214,6.535467966782319,0.0,427.5251616418249,66.91939712417631,0.0641322323932578,0.6796203891212965,1.5836120369664162,"{""rand1"": 57, ""pbest"": 62, ""closure"": 57, ""local"": 89, ""consensus"": 95}"
ChainConstraint30,30,DCAS,6,400,1.0,1,207,4.741100462643065,0.0,423.9784072589303,74.14312550531598,0.0597204146323566,0.217859381997313,1.583967126784644,"{""rand1"": 53, ""pbest"": 64, ""closure"": 60, ""local"": 90, ""consensus"": 93}"
ChainConstraint30,30,DCAS,7,400,1.0,1,249,4.538433364239979,0.0,428.49194715942815,70.26871768495234,0.0824879807102099,0.7148140977769308,1.560504252650177,"{""rand1"": 55, ""pbest"": 62, ""closure"": 46, ""local"": 106, ""consensus"": 91}"
ChainConstraint30,30,DCAS,8,400,1.0,1,201,4.123263095386998,0.0,426.81672393047296,69.71316330258125,0.0628536171493702,0.5500172694290342,1.5762698574321077,"{""rand1"": 50, ""pbest"": 57, ""closure"": 65, ""local"": 93, ""consensus"": 95}"
ChainConstraint30,30,DCAS,9,400,1.0,1,222,3.740730023991214,0.0,432.2850042024557,70.55698933225251,0.0848666424669493,0.7357970035740659,1.5654782007702075,"{""rand1"": 57, ""pbest"": 55, ""closure"": 58, ""local"": 76, ""consensus"": 114}"
ChainConstraint30,30,DCAS,10,400,1.0,1,249,6.5505413389274185,0.0,430.5442993692808,63.83965186708104,0.0743644221355258,0.4207562011195288,1.5776743777830828,"{""rand1"": 52, ""pbest"": 62, ""closure"": 58, ""local"": 96, ""consensus"": 92}"
ChainConstraint30,30,DCAS,11,400,1.0,1,228,4.63205327406232,0.0,425.95258172273566,68.23913733912956,0.0694956303983272,0.5420900850986567,1.5723640794358018,"{""rand1"": 47, ""pbest"": 70, ""closure"": 57, ""local"": 83, ""consensus"": 103}"
ChainConstraint30,30,DCAS,12,400,1.0,1,281,5.827550151113774,0.0,428.8868873599623,70.98324691370547,0.0854209961030963,0.5782500108587065,1.568121445216831,"{""rand1"": 52, ""pbest"": 73, ""closure"": 46, ""local"": 95, ""consensus"": 94}"
ChainConstraint30,30,DCAS,13,400,1.0,1,241,6.9831353327456185,0.0,427.955063649993,66.28357086331903,0.0775875050225052,0.656292413468884,1.5752825642838642,"{""rand1"": 51, ""pbest"": 63, ""closure"": 59, ""local"": 83, ""consensus"": 104}"
ChainConstraint30,30,DCAS,14,400,1.0,1,206,5.702207410972165,0.0,429.5203216875968,65.10918930635168,0.0612678226292669,0.3712696453872924,1.5810384556392654,"{""rand1"": 51, ""pbest"": 63, ""closure"": 62, ""local"": 86, ""consensus"": 98}"
ChainConstraint30,30,DCAS,15,400,1.0,1,235,4.706438833820257,0.0,430.3112897427109,68.04655637981368,0.0730150612221471,0.7165995971506807,1.5841270692524343,"{""rand1"": 61, ""pbest"": 58, ""closure"": 59, ""local"": 82, ""consensus"": 100}"
ChainConstraint30,30,DCAS,16,400,1.0,1,214,3.382145713970659,0.0,430.0865501174944,70.54694483554053,0.0753155310975411,0.5642737393325629,1.5649248162215166,"{""rand1"": 49, ""pbest"": 69, ""closure"": 52, ""local"": 81, ""consensus"": 109}"
ChainConstraint30,30,DCAS,17,400,1.0,1,266,7.349348725820278,0.0,431.4437556563884,65.65719535636481,0.0894827240975004,0.4578141517476555,1.5607913405574,"{""rand1"": 52, ""pbest"": 63, ""closure"": 48, ""local"": 91, ""consensus"": 106}"
ChainConstraint30,30,DCAS,18,400,1.0,1,216,5.837579123775249,0.0,428.5636299531204,65.86163485787739,0.0645187286478547,0.7435137822113168,1.5790678766012958,"{""rand1"": 53, ""pbest"": 57, ""closure"": 67, ""local"": 80, ""consensus"": 103}"
ChainConstraint30,30,DCAS,19,400,1.0,1,213,5.557706924716549,0.0,430.4219198809484,76.72087814200417,0.0655680377738729,0.4537549886446321,1.5712975536255915,"{""rand1"": 51, ""pbest"": 62, ""closure"": 55, ""local"": 92, ""consensus"": 100}"
ChainConstraint30,30,DCAS,20,400,1.0,1,331,4.73815069189712,0.0,436.9421010401956,62.665586636428735,0.1068118526752884,0.167798606622136,1.5208574234644077,"{""rand1"": 58, ""pbest"": 65, ""closure"": 29, ""local"": 94, ""consensus"": 114}"
ChainConstraint30,30,DCAS,21,400,1.0,1,254,5.417464698347559,0.0,422.4928658642922,68.77415116438426,0.0914637693689643,0.5936895811061309,1.554209783556527,"{""rand1"": 50, ""pbest"": 71, ""closure"": 46, ""local"": 114, ""consensus"": 79}"
ChainConstraint30,30,DCAS,22,400,1.0,1,252,3.251139979542771,0.0,431.4721335883724,70.53787394819112,0.0954854327070706,0.4737109860629457,1.5516054302665316,"{""rand1"": 56, ""pbest"": 57, ""closure"": 45, ""local"": 91, ""consensus"": 111}"
ChainConstraint30,30,DCAS,23,400,1.0,1,272,3.685681656840571,0.0,432.3487215592597,64.62821815610086,0.0898143148591959,0.4731813246880713,1.5620177496682266,"{""rand1"": 54, ""pbest"": 63, ""closure"": 48, ""local"": 86, ""consensus"": 109}"
ChainConstraint30,30,DCAS,24,400,1.0,1,196,7.390378540471031,0.0,422.557976853276,64.91709947676445,0.0656373357808766,0.8061819028536297,1.5719513726573122,"{""rand1"": 53, ""pbest"": 63, ""closure"": 56, ""local"": 108, ""consensus"": 80}"
ChainConstraint30,30,DCAS,25,400,1.0,1,211,5.341317286798287,0.0,421.5159237543588,67.31488732663294,0.0652011488104966,0.6501237049843862,1.5843169872897884,"{""rand1"": 56, ""pbest"": 62, ""closure"": 60, ""local"": 99, ""consensus"": 83}"
ChainConstraint30,30,DCAS,26,400,1.0,1,269,7.481055359192626,0.0,427.7810529746795,63.71453106149959,0.0872303326066345,0.4975729584475714,1.560881479659732,"{""rand1"": 56, ""pbest"": 68, ""closure"": 42, ""local"": 102, ""consensus"": 92}"
ChainConstraint30,30,DCAS,27,400,1.0,1,181,4.976523480669098,0.0,426.0814555464143,76.09893894403426,0.0724518593622948,0.7800621339444869,1.563767228907162,"{""rand1"": 48, ""pbest"": 58, ""closure"": 57, ""local"": 100, ""consensus"": 97}"
ChainConstraint30,30,DCAS,28,400,1.0,1,298,4.163908346575709,0.0,434.599304213005,68.25032266574665,0.1073947434237971,0.3195421024928665,1.5345197162567734,"{""rand1"": 49, ""pbest"": 70, ""closure"": 38, ""local"": 86, ""consensus"": 117}"
ChainConstraint30,30,DCAS,29,400,1.0,1,235,5.735445383449564,0.0,429.1650729636157,65.14216270095811,0.0835125354611219,0.662900281435935,1.5581122106132046,"{""rand1"": 49, ""pbest"": 60, ""closure"": 51, ""local"": 96, ""consensus"": 104}"
ChainConstraint30,30,DCAS-noClosure,0,400,1.0,1,180,4.753064941904252,0.0,432.7663809747122,62.19514232727507,0.1279356043925319,0.5930046019210106,1.3413014245294823,"{""rand1"": 61, ""pbest"": 66, ""closure"": 0, ""local"": 122, ""consensus"": 111}"
ChainConstraint30,30,DCAS-noClosure,1,400,1.0,1,209,4.893902030488892,0.0,432.6820673813798,66.89192247369151,0.123446899712544,0.6618479045360651,1.3502600060962917,"{""rand1"": 63, ""pbest"": 70, ""closure"": 0, ""local"": 120, ""consensus"": 107}"
ChainConstraint30,30,DCAS-noClosure,2,400,1.0,1,248,4.55262048244809,0.0,438.23432402185335,63.482301865477055,0.1285137421226236,0.5761969495195303,1.3383672230740544,"{""rand1"": 59, ""pbest"": 67, ""closure"": 0, ""local"": 109, ""consensus"": 125}"
ChainConstraint30,30,DCAS-noClosure,3,400,1.0,1,217,3.3347941018482192,0.0,439.6382709531444,67.79106694846953,0.1369486115591756,0.7264077153984274,1.3299399459143415,"{""rand1"": 54, ""pbest"": 71, ""closure"": 0, ""local"": 102, ""consensus"": 133}"
ChainConstraint30,30,DCAS-noClosure,4,400,1.0,1,220,3.791846652660249,0.0,438.1178932063781,63.54936154919108,0.1293141680872804,0.5343069918197253,1.3366715967297316,"{""rand1"": 56, ""pbest"": 71, ""closure"": 0, ""local"": 105, ""consensus"": 128}"
ChainConstraint30,30,DCAS-noClosure,5,400,1.0,1,214,5.593001477146545,0.0,437.0203219545345,63.60547686747539,0.1295335092960183,0.6620519044084272,1.3292446114268992,"{""rand1"": 59, ""pbest"": 61, ""closure"": 0, ""local"": 124, ""consensus"": 116}"
ChainConstraint30,30,DCAS-noClosure,6,400,1.0,1,207,5.621465285702047,0.0,432.3720725902423,67.20713668320599,0.1245494633552571,0.6126703698508973,1.343710950419681,"{""rand1"": 60, ""pbest"": 69, ""closure"": 0, ""local"": 122, ""consensus"": 109}"
ChainConstraint30,30,DCAS-noClosure,7,400,1.0,1,249,4.56180996646839,0.0,435.53625252653313,65.67746334955082,0.1250259707009428,0.3102883873342277,1.3400374820349097,"{""rand1"": 61, ""pbest"": 65, ""closure"": 0, ""local"": 121, ""consensus"": 113}"
ChainConstraint30,30,DCAS-noClosure,8,400,1.0,1,201,4.184510526611146,0.0,436.07073845935446,64.49839872715704,0.1281948706041222,0.7809670523323774,1.3439196004287075,"{""rand1"": 58, ""pbest"": 72, ""closure"": 0, ""local"": 108, ""consensus"": 122}"
ChainConstraint30,30,DCAS-noClosure,9,400,1.0,1,222,3.101449954909496,0.0,439.572442661653,64.3462392847149,0.1361327026074273,0.6790603249547925,1.3341953703066434,"{""rand1"": 59, ""pbest"": 69, ""closure"": 0, ""local"": 97, ""consensus"": 135}"
ChainConstraint30,30,DCAS-noClosure,10,400,1.0,1,249,5.905609591574645,0.0,437.3329976747845,62.07634157787589,0.1221105127159923,0.532404124383751,1.3416453770801435,"{""rand1"": 55, ""pbest"": 74, ""closure"": 0, ""local"": 117, ""consensus"": 114}"
ChainConstraint30,30,DCAS-noClosure,11,400,1.0,1,228,4.421720050281497,0.0,434.644524567712,62.65198628719308,0.1227893906325757,0.4917979490734908,1.341158443852848,"{""rand1"": 53, ""pbest"": 85, ""closure"": 0, ""local"": 94, ""consensus"": 128}"
ChainConstraint30,30,DCAS-noClosure,12,400,1.0,1,281,7.754528115874217,0.0,435.227235039074,66.82687871761317,0.1163485243545665,0.2968966309835875,1.35868094175563,"{""rand1"": 60, ""pbest"": 82, ""closure"": 0, ""local"": 105, ""consensus"": 113}"
ChainConstraint30,30,DCAS-noClosure,13,400,1.0,1,241,5.096065978613666,0.0,434.8995689884778,60.63539762078612,0.1238957640006818,0.5396307126145923,1.352156967054719,"{""rand1"": 62, ""pbest"": 74, ""closure"": 0, ""local"": 102, ""consensus"": 122}"
ChainConstraint30,30,DCAS-noClosure,14,400,1.0,1,206,5.083516140182168,0.0,436.3966925950095,64.99229307798558,0.1295296516240159,0.4512126083643111,1.3330828887862889,"{""rand1"": 55, ""pbest"": 68, ""closure"": 0, ""local"": 122, ""consensus"": 115}"
ChainConstraint30,30,DCAS-noClosure,15,400,1.0,1,235,5.601062076744089,0.0,437.740028531445,63.75934572927549,0.1281352368480457,0.6571111353165963,1.3366955818742543,"{""rand1"": 64, ""pbest"": 60, ""closure"": 0, ""local"": 121, ""consensus"": 115}"
ChainConstraint30,30,DCAS-noClosure,16,400,1.0,1,214,3.6319255921037614,0.0,439.5176390125114,64.14654727195396,0.1355507437808704,0.6439156553100152,1.3351110984892571,"{""rand1"": 61, ""pbest"": 71, ""closure"": 0, ""local"": 90, ""consensus"": 138}"
ChainConstraint30,30,DCAS-noClosure,17,400,1.0,1,266,6.866868886585984,0.0,437.7081192834986,64.88713849100313,0.1278905237816898,0.4486481877992914,1.3326714329564882,"{""rand1"": 57, ""pbest"": 66, ""closure"": 0, ""local"": 110, ""consensus"": 127}"
ChainConstraint30,30,DCAS-noClosure,18,400,1.0,1,216,5.429596655026557,0.0,439.1805819743178,63.5014209518414,0.133153296376727,0.3916805061945727,1.332883177880624,"{""rand1"": 60, ""pbest"": 65, ""closure"": 0, ""local"": 102, ""consensus"": 133}"
ChainConstraint30,30,DCAS-noClosure,19,400,1.0,1,213,5.153835183651933,0.0,436.8347974684722,74.42735244600446,0.1251336140428053,0.5851598136056341,1.347393925167262,"{""rand1"": 66, ""pbest"": 65, ""closure"": 0, ""local"": 107, ""consensus"": 122}"
ChainConstraint30,30,DCAS-noClosure,20,400,1.0,1,331,6.14116744431562,0.0,440.5161640606934,59.08786591916563,0.1187072824204893,0.1586532720403688,1.3517205788537994,"{""rand1"": 63, ""pbest"": 75, ""closure"": 0, ""local"": 96, ""consensus"": 126}"
ChainConstraint30,30,DCAS-noClosure,21,400,1.0,1,254,6.27578558632678,0.0,430.2583973574282,64.10082592699062,0.1270754513780966,0.6001043473630633,1.3426273246579616,"{""rand1"": 53, ""pbest"": 81, ""closure"": 0, ""local"": 123, ""consensus"": 103}"
ChainConstraint30,30,DCAS-noClosure,22,400,1.0,1,252,3.870415507995584,0.0,439.6741726233074,66.95977709507223,0.1326196883636668,0.6341322990734757,1.3276830531455772,"{""rand1"": 56, ""pbest"": 71, ""closure"": 0, ""local"": 94, ""consensus"": 139}"
ChainConstraint30,30,DCAS-noClosure,23,400,1.0,1,272,3.141752561391911,0.0,439.6572139822706,60.6515876594028,0.1250344757143426,0.5179229698362082,1.3433522080856766,"{""rand1"": 60, ""pbest"": 73, ""closure"": 0, ""local"": 97, ""consensus"": 130}"
ChainConstraint30,30,DCAS-noClosure,24,400,1.0,1,196,7.4071795522903985,0.0,428.79609491869866,62.56099109450232,0.1267763190772945,0.6095275040553678,1.348976513360164,"{""rand1"": 61, ""pbest"": 77, ""closure"": 0, ""local"": 128, ""consensus"": 94}"
ChainConstraint30,30,DCAS-noClosure,25,400,1.0,1,211,5.977947230393126,0.0,430.8019110783048,64.25767117315998,0.129115386953792,0.4208332275851457,1.3404929546936648,"{""rand1"": 55, ""pbest"": 75, ""closure"": 0, ""local"": 125, ""consensus"": 105}"
ChainConstraint30,30,DCAS-noClosure,26,400,1.0,1,269,7.295977101171097,0.0,432.5177476552904,63.79585114678792,0.1239621705506471,0.3154084607810686,1.3344392372844762,"{""rand1"": 61, ""pbest"": 64, ""closure"": 0, ""local"": 131, ""consensus"": 104}"
ChainConstraint30,30,DCAS-noClosure,27,400,1.0,1,181,5.570516935575524,0.0,433.87946729894367,69.58202523218021,0.1325024154432123,0.5751087916206021,1.3297175449765908,"{""rand1"": 52, ""pbest"": 70, ""closure"": 0, ""local"": 120, ""consensus"": 118}"
ChainConstraint30,30,DCAS-noClosure,28,400,1.0,1,298,3.1167125203513235,0.0,439.96260064422654,64.75444620798257,0.1304976927123325,0.2738714888748106,1.330720711100064,"{""rand1"": 56, ""pbest"": 71, ""closure"": 0, ""local"": 97, ""consensus"": 136}"
ChainConstraint30,30,DCAS-noClosure,29,400,1.0,1,235,4.004953044176803,0.0,435.30041463832833,61.08044306991005,0.1210276217563608,0.5906039760451526,1.3484173078145572,"{""rand1"": 59, ""pbest"": 74, ""closure"": 0, ""local"": 107, ""consensus"": 120}"
ChainConstraint30,30,DCAS-stationary,0,400,1.0,1,172,4.725719156176689,0.0,423.7984059964048,68.54260094735447,0.1171352768797759,0.5236438264322464,1.48416857871959,"{""rand1"": 41, ""pbest"": 36, ""closure"": 119, ""local"": 51, ""consensus"": 113}"
ChainConstraint30,30,DCAS-stationary,1,400,1.0,1,224,5.024018797148464,0.0,417.89665424585473,74.07063630515194,0.1167763133104617,0.5459871841713275,1.4606591268315912,"{""rand1"": 24, ""pbest"": 33, ""closure"": 113, ""local"": 109, ""consensus"": 81}"
ChainConstraint30,30,DCAS-stationary,2,400,1.0,1,177,3.251756273002808,0.0,424.3404636773749,71.05303255554006,0.1389998723898623,0.6266512535535306,1.4160019226867502,"{""rand1"": 26, ""pbest"": 35, ""closure"": 119, ""local"": 47, ""consensus"": 133}"
ChainConstraint30,30,DCAS-stationary,3,400,1.0,1,213,4.576053890399496,0.0,419.2480661387821,76.9298861830677,0.1181892000924896,0.5530419264479984,1.4438638840793336,"{""rand1"": 20, ""pbest"": 34, ""closure"": 99, ""local"": 124, ""consensus"": 83}"
ChainConstraint30,30,DCAS-stationary,4,400,1.0,1,173,5.958038893336124,0.0,418.3470018242263,88.57299417168058,0.1215057644121657,0.5818781218781218,1.4248069125192724,"{""rand1"": 21, ""pbest"": 28, ""closure"": 116, ""local"": 118, ""consensus"": 77}"
ChainConstraint30,30,DCAS-stationary,5,400,1.0,1,262,4.7153150354810425,0.0,431.0185404059408,65.35558618262509,0.1421695318260854,0.4783063214884456,1.4385491726059088,"{""rand1"": 32, ""pbest"": 24, ""closure"": 95, ""local"": 73, ""consensus"": 136}"
ChainConstraint30,30,DCAS-stationary,6,400,1.0,1,201,5.29056646653774,0.0,422.2644548447504,72.438017033337,0.1236391167270152,0.8190769445608155,1.4494666790835151,"{""rand1"": 23, ""pbest"": 34, ""closure"": 120, ""local"": 72, ""consensus"": 111}"
ChainConstraint30,30,DCAS-stationary,7,400,1.0,1,248,2.7502376088302385,0.0,440.2622879535963,69.55408385983289,0.2011473093514252,0.6731112365894975,1.3103096047881704,"{""rand1"": 27, ""pbest"": 36, ""closure"": 72, ""local"": 35, ""consensus"": 190}"
ChainConstraint30,30,DCAS-stationary,8,400,1.0,1,157,4.306109077655561,0.0,420.2890235615636,82.32524738404726,0.1367977334786062,0.4570803109933544,1.4152439053329224,"{""rand1"": 18, ""pbest"": 28, ""closure"": 125, ""local"": 85, ""consensus"": 104}"
ChainConstraint30,30,DCAS-stationary,9,400,1.0,1,206,5.121829361059441,0.0,430.1793649599802,75.17206344667893,0.1222064544406198,0.2938259441707717,1.4480132780742594,"{""rand1"": 22, ""pbest"": 40, ""closure"": 98, ""local"": 66, ""consensus"": 134}"
ChainConstraint30,30,DCAS-stationary,10,400,1.0,1,208,5.768840401916921,0.0,424.4253051711924,75.77611742711235,0.1227819997562042,0.2756640869034757,1.4641242553114973,"{""rand1"": 23, ""pbest"": 55, ""closure"": 120, ""local"": 49, ""consensus"": 113}"
ChainConstraint30,30,DCAS-stationary,11,400,1.0,1,209,3.5609137589268527,0.0,433.4967510765848,77.16961487648008,0.1324734324391954,0.8528046398046399,1.4096518006696566,"{""rand1"": 18, ""pbest"": 46, ""closure"": 69, ""local"": 70, ""consensus"": 157}"
ChainConstraint30,30,DCAS-stationary,12,400,1.0,1,189,4.950114669295286,0.0,425.135162650285,81.30531712985517,0.1096180559355616,0.4393263908434187,1.4475968893260949,"{""rand1"": 24, ""pbest"": 27, ""closure"": 100, ""local"": 98, ""consensus"": 111}"
ChainConstraint30,30,DCAS-stationary,13,400,1.0,1,185,3.107763769910517,0.0,417.4722992593751,88.01905771772076,0.1095504179370745,0.2917582417582417,1.4858464974171286,"{""rand1"": 16, ""pbest"": 66, ""closure"": 115, ""local"": 77, ""consensus"": 86}"
ChainConstraint30,30,DCAS-stationary,14,400,1.0,1,137,3.2651805637186406,0.0,415.6272076292452,83.05678339362679,0.135507931597607,0.786948051948052,1.4773490670685367,"{""rand1"": 23, ""pbest"": 48, ""closure"": 128, ""local"": 69, ""consensus"": 92}"
ChainConstraint30,30,DCAS-stationary,15,400,1.0,1,180,3.8896459091041966,0.0,426.0886783909743,87.72592560080332,0.1105693794440591,0.2857172342621258,1.4659036819356803,"{""rand1"": 27, ""pbest"": 30, ""closure"": 94, ""local"": 92, ""consensus"": 117}"
ChainConstraint30,30,DCAS-stationary,16,400,1.0,1,203,4.934771825611233,0.0,423.6862266388114,85.61614915580225,0.1292300491706083,0.4184694875017456,1.4266230095282,"{""rand1"": 19, ""pbest"": 27, ""closure"": 103, ""local"": 102, ""consensus"": 109}"
ChainConstraint30,30,DCAS-stationary,17,400,1.0,1,218,5.486793309716525,0.0,432.29758237713327,81.88043274425898,0.137637090188236,0.2944615537718985,1.4290117511323066,"{""rand1"": 35, ""pbest"": 22, ""closure"": 82, ""local"": 76, ""consensus"": 145}"
ChainConstraint30,30,DCAS-stationary,18,400,1.0,1,245,7.59872425683351,0.0,422.4954608777381,81.26169777544257,0.1366209816736643,0.195366568914956,1.4131990882603884,"{""rand1"": 20, ""pbest"": 30, ""closure"": 88, ""local"": 142, ""consensus"": 80}"
ChainConstraint30,30,DCAS-stationary,19,400,1.0,1,166,6.034020662863349,0.0,424.1318817368567,85.59695164611018,0.1383267132246427,0.1872527472527472,1.4057706413850308,"{""rand1"": 20, ""pbest"": 28, ""closure"": 122, ""local"": 67, ""consensus"": 123}"
ChainConstraint30,30,DCAS-stationary,20,400,1.0,1,225,4.799533752480231,0.0,432.1412776435076,82.8133564230402,0.1443399718779906,0.4503380443086325,1.3821891432709903,"{""rand1"": 18, ""pbest"": 21, ""closure"": 97, ""local"": 89, ""consensus"": 135}"
ChainConstraint30,30,DCAS-stationary,21,400,1.0,1,149,3.881541216022048,0.0,417.1891606393638,82.5865018582442,0.1518342901489657,0.3383486079138252,1.3900662784632862,"{""rand1"": 19, ""pbest"": 22, ""closure"": 134, ""local"": 84, ""consensus"": 101}"
ChainConstraint30,30,DCAS-stationary,22,400,1.0,1,172,3.352353091814642,0.0,424.651382300336,82.29655895525237,0.1294135255173998,0.3305494505494505,1.4461230606903597,"{""rand1"": 26, ""pbest"": 33, ""closure"": 111, ""local"": 64, ""consensus"": 126}"
ChainConstraint30,30,DCAS-stationary,23,400,1.0,1,256,6.021188003653948,0.0,415.55763717945,69.38070227143355,0.1633545385256823,0.4926081661834837,1.3466228226844603,"{""rand1"": 19, ""pbest"": 23, ""closure"": 102, ""local"": 157, ""consensus"": 59}"
ChainConstraint30,30,DCAS-stationary,24,400,1.0,1,196,3.660980886377419,0.0,427.1792964975029,77.52914912069713,0.1263411062457053,0.2591119991119991,1.4866699209731773,"{""rand1"": 47, ""pbest"": 43, ""closure"": 92, ""local"": 42, ""consensus"": 136}"
ChainConstraint30,30,DCAS-stationary,25,400,1.0,1,210,6.3149269727298005,0.0,418.98079051068254,69.55890242783805,0.1093699220398303,0.4249509958565686,1.4371255918597048,"{""rand1"": 22, ""pbest"": 35, ""closure"": 139, ""local"": 75, ""consensus"": 89}"
ChainConstraint30,30,DCAS-stationary,26,400,1.0,1,170,4.443425297666371,0.0,419.95084520657457,84.7833511648109,0.1387488373140629,0.1486967418546365,1.4349920329628223,"{""rand1"": 44, ""pbest"": 19, ""closure"": 139, ""local"": 62, ""consensus"": 96}"
ChainConstraint30,30,DCAS-stationary,27,400,1.0,1,165,3.7265381974194183,0.0,422.124147584331,102.03534255251728,0.1324617845317349,0.2129411764705882,1.408925654436509,"{""rand1"": 15, ""pbest"": 28, ""closure"": 97, ""local"": 109, ""consensus"": 111}"
ChainConstraint30,30,DCAS-stationary,28,400,1.0,1,205,3.6028453925067008,0.0,430.853160554388,80.17152265288765,0.1456136952804558,0.4415359807589736,1.4116167988643555,"{""rand1"": 21, ""pbest"": 29, ""closure"": 85, ""local"": 81, ""consensus"": 144}"
ChainConstraint30,30,DCAS-stationary,29,400,1.0,1,205,4.259427309274247,0.0,427.4486425734403,79.84420078403237,0.1306973238060679,0.3391958015295263,1.4340431468063322,"{""rand1"": 23, ""pbest"": 30, ""closure"": 101, ""local"": 75, ""consensus"": 131}"
ChainConstraint30,30,DE-EPS,0,400,1.0,0,401,inf,1.6442275146305088,400.0,0.0,0.0,0.0,0.0,{}
ChainConstraint30,30,DE-EPS,1,400,1.0,0,401,inf,1.366729536616692,400.0,0.0,0.0,0.0,0.0,{}
ChainConstraint30,30,DE-EPS,2,400,1.0,0,401,inf,1.0524758353166956,400.0,0.0,0.0,0.0,0.0,{}
ChainConstraint30,30,DE-EPS,3,400,1.0,0,401,inf,1.2672751859286904,400.0,0.0,0.0,0.0,0.0,{}
ChainConstraint30,30,DE-EPS,4,400,1.0,0,401,inf,1.5707026406740858,400.0,0.0,0.0,0.0,0.0,{}
ChainConstraint30,30,DE-EPS,5,400,1.0,0,401,inf,1.5924564635329408,400.0,0.0,0.0,0.0,0.0,{}
ChainConstraint30,30,DE-EPS,6,400,1.0,0,401,inf,1.2047494960280418,400.0,0.0,0.0,0.0,0.0,{}
ChainConstraint30,30,DE-EPS,7,400,1.0,0,401,inf,1.5605464820114998,400.0,0.0,0.0,0.0,0.0,{}
ChainConstraint30,30,DE-EPS,8,400,1.0,0,401,inf,1.439088157190254,400.0,0.0,0.0,0.0,0.0,{}
ChainConstraint30,30,DE-EPS,9,400,1.0,0,401,inf,1.277895085993745,400.0,0.0,0.0,0.0,0.0,{}
ChainConstraint30,30,DE-EPS,10,400,1.0,0,401,inf,0.7965716372057067,400.0,0.0,0.0,0.0,0.0,{}
ChainConstraint30,30,DE-EPS,11,400,1.0,0,401,inf,1.0856851269693322,400.0,0.0,0.0,0.0,0.0,{}
ChainConstraint30,30,DE-EPS,12,400,1.0,0,401,inf,0.5865455109830129,400.0,0.0,0.0,0.0,0.0,{}
ChainConstraint30,30,DE-EPS,13,400,1.0,0,401,inf,0.9790636028515328,400.0,0.0,0.0,0.0,0.0,{}
ChainConstraint30,30,DE-EPS,14,400,1.0,0,401,inf,1.3255223222057464,400.0,0.0,0.0,0.0,0.0,{}
ChainConstraint30,30,DE-EPS,15,400,1.0,0,401,inf,0.932226771519752,400.0,0.0,0.0,0.0,0.0,{}
ChainConstraint30,30,DE-EPS,16,400,1.0,0,401,inf,1.351227995644397,400.0,0.0,0.0,0.0,0.0,{}
ChainConstraint30,30,DE-EPS,17,400,1.0,0,401,inf,1.207162719512057,400.0,0.0,0.0,0.0,0.0,{}
ChainConstraint30,30,DE-EPS,18,400,1.0,0,401,inf,1.941715077964256,400.0,0.0,0.0,0.0,0.0,{}
ChainConstraint30,30,DE-EPS,19,400,1.0,0,401,inf,1.277144034657214,400.0,0.0,0.0,0.0,0.0,{}
ChainConstraint30,30,DE-EPS,20,400,1.0,0,401,inf,1.8601023462245991,400.0,0.0,0.0,0.0,0.0,{}
ChainConstraint30,30,DE-EPS,21,400,1.0,0,401,inf,0.7749351463130472,400.0,0.0,0.0,0.0,0.0,{}
ChainConstraint30,30,DE-EPS,22,400,1.0,0,401,inf,1.3677512430216816,400.0,0.0,0.0,0.0,0.0,{}
ChainConstraint30,30,DE-EPS,23,400,1.0,0,401,inf,1.5774768630056355,400.0,0.0,0.0,0.0,0.0,{}
ChainConstraint30,30,DE-EPS,24,400,1.0,0,401,inf,0.8796834482615402,400.0,0.0,0.0,0.0,0.0,{}
ChainConstraint30,30,DE-EPS,25,400,1.0,0,401,inf,1.0830090361650186,400.0,0.0,0.0,0.0,0.0,{}
ChainConstraint30,30,DE-EPS,26,400,1.0,0,401,inf,1.4659731564448402,400.0,0.0,0.0,0.0,0.0,{}
ChainConstraint30,30,DE-EPS,27,400,1.0,0,401,inf,1.6794903349096553,400.0,0.0,0.0,0.0,0.0,{}
ChainConstraint30,30,DE-EPS,28,400,1.0,0,401,inf,1.4554825560607472,400.0,0.0,0.0,0.0,0.0,{}
ChainConstraint30,30,DE-EPS,29,400,1.0,0,401,inf,0.980432007827462,400.0,0.0,0.0,0.0,0.0,{}
ChainConstraint30,30,DE-NCV,0,400,1.0,0,401,inf,1.6442275146305088,400.0,0.0,0.0,0.0,0.0,{}
ChainConstraint30,30,DE-NCV,1,400,1.0,0,401,inf,1.366729536616692,400.0,0.0,0.0,0.0,0.0,{}
ChainConstraint30,30,DE-NCV,2,400,1.0,0,401,inf,1.0524758353166956,400.0,0.0,0.0,0.0,0.0,{}
ChainConstraint30,30,DE-NCV,3,400,1.0,0,401,inf,1.2672751859286904,400.0,0.0,0.0,0.0,0.0,{}
ChainConstraint30,30,DE-NCV,4,400,1.0,0,401,inf,1.5707026406740858,400.0,0.0,0.0,0.0,0.0,{}
ChainConstraint30,30,DE-NCV,5,400,1.0,0,401,inf,1.5924564635329408,400.0,0.0,0.0,0.0,0.0,{}
ChainConstraint30,30,DE-NCV,6,400,1.0,0,401,inf,1.2047494960280418,400.0,0.0,0.0,0.0,0.0,{}
ChainConstraint30,30,DE-NCV,7,400,1.0,0,401,inf,1.5605464820114998,400.0,0.0,0.0,0.0,0.0,{}
ChainConstraint30,30,DE-NCV,8,400,1.0,0,401,inf,1.439088157190254,400.0,0.0,0.0,0.0,0.0,{}
ChainConstraint30,30,DE-NCV,9,400,1.0,0,401,inf,1.277895085993745,400.0,0.0,0.0,0.0,0.0,{}
ChainConstraint30,30,DE-NCV,10,400,1.0,0,401,inf,0.7965716372057067,400.0,0.0,0.0,0.0,0.0,{}
ChainConstraint30,30,DE-NCV,11,400,1.0,0,401,inf,1.0856851269693322,400.0,0.0,0.0,0.0,0.0,{}
ChainConstraint30,30,DE-NCV,12,400,1.0,0,401,inf,0.5865455109830129,400.0,0.0,0.0,0.0,0.0,{}
ChainConstraint30,30,DE-NCV,13,400,1.0,0,401,inf,0.9790636028515328,400.0,0.0,0.0,0.0,0.0,{}
ChainConstraint30,30,DE-NCV,14,400,1.0,0,401,inf,1.3255223222057464,400.0,0.0,0.0,0.0,0.0,{}
ChainConstraint30,30,DE-NCV,15,400,1.0,0,401,inf,0.932226771519752,400.0,0.0,0.0,0.0,0.0,{}
ChainConstraint30,30,DE-NCV,16,400,1.0,0,401,inf,1.351227995644397,400.0,0.0,0.0,0.0,0.0,{}
ChainConstraint30,30,DE-NCV,17,400,1.0,0,401,inf,1.207162719512057,400.0,0.0,0.0,0.0,0.0,{}
ChainConstraint30,30,DE-NCV,18,400,1.0,0,401,inf,1.941715077964256,400.0,0.0,0.0,0.0,0.0,{}
ChainConstraint30,30,DE-NCV,19,400,1.0,0,401,inf,1.277144034657214,400.0,0.0,0.0,0.0,0.0,{}
ChainConstraint30,30,DE-NCV,20,400,1.0,0,401,inf,1.8601023462245991,400.0,0.0,0.0,0.0,0.0,{}
ChainConstraint30,30,DE-NCV,21,400,1.0,0,401,inf,0.7749351463130472,400.0,0.0,0.0,0.0,0.0,{}
ChainConstraint30,30,DE-NCV,22,400,1.0,0,401,inf,1.3677512430216816,400.0,0.0,0.0,0.0,0.0,{}
ChainConstraint30,30,DE-NCV,23,400,1.0,0,401,inf,1.5774768630056355,400.0,0.0,0.0,0.0,0.0,{}
ChainConstraint30,30,DE-NCV,24,400,1.0,0,401,inf,0.8796834482615402,400.0,0.0,0.0,0.0,0.0,{}
ChainConstraint30,30,DE-NCV,25,400,1.0,0,401,inf,1.0830090361650186,400.0,0.0,0.0,0.0,0.0,{}
ChainConstraint30,30,DE-NCV,26,400,1.0,0,401,inf,1.4659731564448402,400.0,0.0,0.0,0.0,0.0,{}
ChainConstraint30,30,DE-NCV,27,400,1.0,0,401,inf,1.6794903349096553,400.0,0.0,0.0,0.0,0.0,{}
ChainConstraint30,30,DE-NCV,28,400,1.0,0,401,inf,1.4554825560607472,400.0,0.0,0.0,0.0,0.0,{}
ChainConstraint30,30,DE-NCV,29,400,1.0,0,401,inf,0.980432007827462,400.0,0.0,0.0,0.0,0.0,{}
ChainConstraint30,30,DE-PEN,0,400,1.0,0,401,inf,1.6367831775021309,400.0,0.0,0.0,0.0,0.0,{}
ChainConstraint30,30,DE-PEN,1,400,1.0,0,401,inf,1.4037554167677675,400.0,0.0,0.0,0.0,0.0,{}
ChainConstraint30,30,DE-PEN,2,400,1.0,0,401,inf,0.7587690295014207,400.0,0.0,0.0,0.0,0.0,{}
ChainConstraint30,30,DE-PEN,3,400,1.0,0,401,inf,1.2672751859286904,400.0,0.0,0.0,0.0,0.0,{}
ChainConstraint30,30,DE-PEN,4,400,1.0,0,401,inf,1.0694198657887537,400.0,0.0,0.0,0.0,0.0,{}
ChainConstraint30,30,DE-PEN,5,400,1.0,0,401,inf,1.5924564635329408,400.0,0.0,0.0,0.0,0.0,{}
ChainConstraint30,30,DE-PEN,6,400,1.0,0,401,inf,1.2047494960280418,400.0,0.0,0.0,0.0,0.0,{}
ChainConstraint30,30,DE-PEN,7,400,1.0,0,401,inf,1.9247122822224816,400.0,0.0,0.0,0.0,0.0,{}
ChainConstraint30,30,DE-PEN,8,400,1.0,0,401,inf,1.8832426727340987,400.0,0.0,0.0,0.0,0.0,{}
ChainConstraint30,30,DE-PEN,9,400,1.0,0,401,inf,1.059845359661591,400.0,0.0,0.0,0.0,0.0,{}
ChainConstraint30,30,DE-PEN,10,400,1.0,0,401,inf,0.7445892032217276,400.0,0.0,0.0,0.0,0.0,{}
ChainConstraint30,30,DE-PEN,11,400,1.0,0,401,inf,1.0856851269693322,400.0,0.0,0.0,0.0,0.0,{}
ChainConstraint30,30,DE-PEN,12,400,1.0,0,401,inf,0.5787454773781795,400.0,0.0,0.0,0.0,0.0,{}
ChainConstraint30,30,DE-PEN,13,400,1.0,0,401,inf,1.3056130774137515,400.0,0.0,0.0,0.0,0.0,{}
ChainConstraint30,30,DE-PEN,14,400,1.0,0,401,inf,1.3255223222057464,400.0,0.0,0.0,0.0,0.0,{}
ChainConstraint30,30,DE-PEN,15,400,1.0,0,401,inf,1.3384169320875294,400.0,0.0,0.0,0.0,0.0,{}
ChainConstraint30,30,DE-PEN,16,400,1.0,0,401,inf,1.2958849659979068,400.0,0.0,0.0,0.0,0.0,{}
ChainConstraint30,30,DE-PEN,17,400,1.0,0,401,inf,1.0006784914515172,400.0,0.0,0.0,0.0,0.0,{}
ChainConstraint30,30,DE-PEN,18,400,1.0,0,401,inf,1.8287010563471764,400.0,0.0,0.0,0.0,0.0,{}
ChainConstraint30,30,DE-PEN,19,400,1.0,0,401,inf,1.277144034657214,400.0,0.0,0.0,0.0,0.0,{}
ChainConstraint30,30,DE-PEN,20,400,1.0,0,401,inf,2.099936588685699,400.0,0.0,0.0,0.0,0.0,{}
ChainConstraint30,30,DE-PEN,21,400,1.0,0,401,inf,0.7749351463130472,400.0,0.0,0.0,0.0,0.0,{}
ChainConstraint30,30,DE-PEN,22,400,1.0,0,401,inf,1.3677512430216816,400.0,0.0,0.0,0.0,0.0,{}
ChainConstraint30,30,DE-PEN,23,400,1.0,0,401,inf,1.5803940435415471,400.0,0.0,0.0,0.0,0.0,{}
ChainConstraint30,30,DE-PEN,24,400,1.0,0,401,inf,0.5818271716425347,400.0,0.0,0.0,0.0,0.0,{}
ChainConstraint30,30,DE-PEN,25,400,1.0,0,401,inf,1.0329016865144265,400.0,0.0,0.0,0.0,0.0,{}
ChainConstraint30,30,DE-PEN,26,400,1.0,0,401,inf,1.4659731564448402,400.0,0.0,0.0,0.0,0.0,{}
ChainConstraint30,30,DE-PEN,27,400,1.0,0,401,inf,1.1252003405703883,400.0,0.0,0.0,0.0,0.0,{}
ChainConstraint30,30,DE-PEN,28,400,1.0,0,401,inf,1.4291645615594366,400.0,0.0,0.0,0.0,0.0,{}
ChainConstraint30,30,DE-PEN,29,400,1.0,0,401,inf,1.2224075771346647,400.0,0.0,0.0,0.0,0.0,{}
ChainConstraint30,30,JADE-NCV,0,400,1.0,1,308,8.092823115657787,0.0,400.0,0.0,0.0,0.0,0.0,{}
ChainConstraint30,30,JADE-NCV,1,400,1.0,0,401,inf,0.2963636261641925,400.0,0.0,0.0,0.0,0.0,{}
ChainConstraint30,30,JADE-NCV,2,400,1.0,0,401,inf,0.335713899585256,400.0,0.0,0.0,0.0,0.0,{}
ChainConstraint30,30,JADE-NCV,3,400,1.0,0,401,inf,0.1836133162615228,400.0,0.0,0.0,0.0,0.0,{}
ChainConstraint30,30,JADE-NCV,4,400,1.0,0,401,inf,0.0579867915070673,400.0,0.0,0.0,0.0,0.0,{}
ChainConstraint30,30,JADE-NCV,5,400,1.0,0,401,inf,0.1515340990885074,400.0,0.0,0.0,0.0,0.0,{}
ChainConstraint30,30,JADE-NCV,6,400,1.0,0,401,inf,0.1857270596531766,400.0,0.0,0.0,0.0,0.0,{}
ChainConstraint30,30,JADE-NCV,7,400,1.0,0,401,inf,0.1209414796929685,400.0,0.0,0.0,0.0,0.0,{}
ChainConstraint30,30,JADE-NCV,8,400,1.0,0,401,inf,0.0009526199262005,400.0,0.0,0.0,0.0,0.0,{}
ChainConstraint30,30,JADE-NCV,9,400,1.0,0,401,inf,0.0664835078474675,400.0,0.0,0.0,0.0,0.0,{}
ChainConstraint30,30,JADE-NCV,10,400,1.0,0,401,inf,0.1207008278514862,400.0,0.0,0.0,0.0,0.0,{}
ChainConstraint30,30,JADE-NCV,11,400,1.0,0,401,inf,0.0625648716313478,400.0,0.0,0.0,0.0,0.0,{}
ChainConstraint30,30,JADE-NCV,12,400,1.0,0,401,inf,0.0312140145588134,400.0,0.0,0.0,0.0,0.0,{}
ChainConstraint30,30,JADE-NCV,13,400,1.0,0,401,inf,0.07992043422224,400.0,0.0,0.0,0.0,0.0,{}
ChainConstraint30,30,JADE-NCV,14,400,1.0,0,401,inf,0.1706598820616476,400.0,0.0,0.0,0.0,0.0,{}
ChainConstraint30,30,JADE-NCV,15,400,1.0,0,401,inf,0.3370694796757006,400.0,0.0,0.0,0.0,0.0,{}
ChainConstraint30,30,JADE-NCV,16,400,1.0,1,350,10.809005953712145,0.0,400.0,0.0,0.0,0.0,0.0,{}
ChainConstraint30,30,JADE-NCV,17,400,1.0,0,401,inf,0.1725472516592071,400.0,0.0,0.0,0.0,0.0,{}
ChainConstraint30,30,JADE-NCV,18,400,1.0,0,401,inf,0.3681690099075181,400.0,0.0,0.0,0.0,0.0,{}
ChainConstraint30,30,JADE-NCV,19,400,1.0,0,401,inf,0.2460368599163867,400.0,0.0,0.0,0.0,0.0,{}
ChainConstraint30,30,JADE-NCV,20,400,1.0,0,401,inf,0.0569078323647419,400.0,0.0,0.0,0.0,0.0,{}
ChainConstraint30,30,JADE-NCV,21,400,1.0,0,401,inf,0.0490587519999207,400.0,0.0,0.0,0.0,0.0,{}
ChainConstraint30,30,JADE-NCV,22,400,1.0,0,401,inf,0.192754608428683,400.0,0.0,0.0,0.0,0.0,{}
ChainConstraint30,30,JADE-NCV,23,400,1.0,0,401,inf,0.2037203162969648,400.0,0.0,0.0,0.0,0.0,{}
ChainConstraint30,30,JADE-NCV,24,400,1.0,0,401,inf,0.4747294045728105,400.0,0.0,0.0,0.0,0.0,{}
ChainConstraint30,30,JADE-NCV,25,400,1.0,0,401,inf,0.1989190315408849,400.0,0.0,0.0,0.0,0.0,{}
ChainConstraint30,30,JADE-NCV,26,400,1.0,0,401,inf,0.165871169827643,400.0,0.0,0.0,0.0,0.0,{}
ChainConstraint30,30,JADE-NCV,27,400,1.0,0,401,inf,0.0003220662325034,400.0,0.0,0.0,0.0,0.0,{}
ChainConstraint30,30,JADE-NCV,28,400,1.0,0,401,inf,0.1305479416124761,400.0,0.0,0.0,0.0,0.0,{}
ChainConstraint30,30,JADE-NCV,29,400,1.0,0,401,inf,0.2848778680739146,400.0,0.0,0.0,0.0,0.0,{}
ChainConstraint30,30,UCB-Objective,0,400,1.0,1,231,5.016919306321212,0.0,433.7632035930277,63.30076649451588,0.0602540077443928,0.2846708300503366,1.5791160368688908,"{""rand1"": 80, ""pbest"": 80, ""closure"": 39, ""local"": 81, ""consensus"": 80}"
ChainConstraint30,30,UCB-Objective,1,400,1.0,1,227,5.955490597966338,0.0,432.52984797639743,60.87716710770222,0.0590300289330157,0.4070682660255526,1.5790813137423874,"{""rand1"": 81, ""pbest"": 79, ""closure"": 39, ""local"": 81, ""consensus"": 80}"
ChainConstraint30,30,UCB-Objective,2,400,1.0,1,296,6.7625336366077065,0.0,435.5608695116978,62.605220421768976,0.0829234146275195,0.2720464664485481,1.5454729810846328,"{""rand1"": 85, ""pbest"": 83, ""closure"": 26, ""local"": 83, ""consensus"": 83}"
ChainConstraint30,30,UCB-Objective,3,400,1.0,1,140,3.727315273438073,0.0,428.19307200306537,58.1254649102514,0.0284330862198654,0.3603333830920038,1.6026200472830556,"{""rand1"": 75, ""pbest"": 76, ""closure"": 56, ""local"": 74, ""consensus"": 79}"
ChainConstraint30,30,UCB-Objective,4,400,1.0,1,215,4.901177637734205,0.0,433.8715198739761,62.09294582092068,0.0543712146844699,0.3735513403870402,1.5847031839585934,"{""rand1"": 79, ""pbest"": 80, ""closure"": 42, ""local"": 78, ""consensus"": 81}"
ChainConstraint30,30,UCB-Objective,5,400,1.0,1,243,4.654719926943528,0.0,433.5068355287344,62.31097048710736,0.0680700472120507,0.3469549885958554,1.5726454333728606,"{""rand1"": 80, ""pbest"": 81, ""closure"": 36, ""local"": 83, ""consensus"": 80}"
ChainConstraint30,30,UCB-Objective,6,400,1.0,1,224,6.045656106536909,0.0,431.2658724052623,60.042613328090255,0.0571530365965017,0.3872440973693274,1.5829325655417,"{""rand1"": 79, ""pbest"": 79, ""closure"": 41, ""local"": 81, ""consensus"": 80}"
ChainConstraint30,30,UCB-Objective,7,400,1.0,1,207,4.796553331661143,0.0,432.40009995038014,59.83395560828561,0.0525107895782077,0.4255889140425329,1.5864775443686916,"{""rand1"": 80, ""pbest"": 78, ""closure"": 43, ""local"": 79, ""consensus"": 80}"
ChainConstraint30,30,UCB-Objective,8,400,1.0,1,108,4.794683882465775,0.0,421.0422298428752,59.347675869457895,0.0168334589839249,0.5168221252431779,1.606767244410824,"{""rand1"": 72, ""pbest"": 75, ""closure"": 62, ""local"": 75, ""consensus"": 76}"
ChainConstraint30,30,UCB-Objective,9,400,1.0,1,279,4.832090737484339,0.0,436.7530120552105,58.963948632754274,0.0793866814247726,0.4019641272272851,1.5575889789628294,"{""rand1"": 82, ""pbest"": 82, ""closure"": 30, ""local"": 83, ""consensus"": 83}"
ChainConstraint30,30,UCB-Objective,10,400,1.0,1,224,7.240673283140727,0.0,434.18166321524,63.730654924162,0.0581040433814757,0.4483630914538886,1.5810590270453204,"{""rand1"": 80, ""pbest"": 80, ""closure"": 40, ""local"": 79, ""consensus"": 81}"
ChainConstraint30,30,UCB-Objective,11,400,1.0,1,148,6.370666829090546,0.0,426.1345777854936,58.23935187530942,0.0305064661211149,0.8924980536704675,1.6009685124057749,"{""rand1"": 76, ""pbest"": 78, ""closure"": 54, ""local"": 75, ""consensus"": 77}"
ChainConstraint30,30,UCB-Objective,12,400,1.0,1,188,3.7822210342525246,0.0,430.8096438211095,60.80476048198738,0.0456788805244471,0.4871750911627072,1.5912086944450852,"{""rand1"": 79, ""pbest"": 77, ""closure"": 46, ""local"": 78, ""consensus"": 80}"
ChainConstraint30,30,UCB-Objective,13,400,1.0,1,272,4.816284807964557,0.0,434.68349216012166,58.25849120287682,0.0754364792031818,0.278510560467017,1.5575889789628294,"{""rand1"": 82, ""pbest"": 83, ""closure"": 30, ""local"": 82, ""consensus"": 83}"
ChainConstraint30,30,UCB-Objective,14,400,1.0,1,259,4.5718987843460965,0.0,432.8975614848732,61.4802466529141,0.0721323604186544,0.3946803490772133,1.5655477500387245,"{""rand1"": 81, ""pbest"": 83, ""closure"": 33, ""local"": 81, ""consensus"": 82}"
ChainConstraint30,30,UCB-Objective,15,400,1.0,1,251,4.120208248748969,0.0,434.30767612534936,65.35217865995867,0.0704791357387482,0.2898873706938223,1.5674376576497455,"{""rand1"": 79, ""pbest"": 78, ""closure"": 34, ""local"": 84, ""consensus"": 85}"
ChainConstraint30,30,UCB-Objective,16,400,1.0,1,248,5.8195300161364845,0.0,433.5800636521554,60.50212821299639,0.0694209894003723,0.3380731699617149,1.570371124699898,"{""rand1"": 81, ""pbest"": 81, ""closure"": 35, ""local"": 80, ""consensus"": 83}"
ChainConstraint30,30,UCB-Objective,17,400,1.0,1,192,3.429089234084808,0.0,428.986559947121,55.36682117142701,0.0467205509921876,0.4642549037434634,1.5926276887705852,"{""rand1"": 77, ""pbest"": 77, ""closure"": 47, ""local"": 80, ""consensus"": 79}"
ChainConstraint30,30,UCB-Objective,18,400,1.0,1,316,3.7597922053883046,0.0,435.19537395929353,56.45947669331578,0.0874986534023685,0.2016178705577659,1.5352497062374824,"{""rand1"": 84, ""pbest"": 84, ""closure"": 23, ""local"": 85, ""consensus"": 84}"
ChainConstraint30,30,UCB-Objective,19,400,1.0,1,132,6.177584870966622,0.0,424.62891523505454,58.482847360229066,0.0236249997728885,0.4602326417620535,1.605071363114805,"{""rand1"": 75, ""pbest"": 77, ""closure"": 59, ""local"": 74, ""consensus"": 75}"
ChainConstraint30,30,UCB-Objective,20,400,1.0,1,255,5.165137493495885,0.0,435.5131640616134,60.10775551984225,0.0707665831747067,0.2012805284439057,1.5680174401460731,"{""rand1"": 81, ""pbest"": 83, ""closure"": 34, ""local"": 81, ""consensus"": 81}"
ChainConstraint30,30,UCB-Objective,21,400,1.0,1,256,5.297310004607782,0.0,434.55785357681896,56.47595159315286,0.070482289114454,0.237161053520407,1.5704392953023754,"{""rand1"": 81, ""pbest"": 81, ""closure"": 35, ""local"": 81, ""consensus"": 82}"
ChainConstraint30,30,UCB-Objective,22,400,1.0,1,168,4.107696344398993,0.0,430.5740035704901,63.06284643577222,0.0378874523514111,0.5250332020920256,1.5966052246651974,"{""rand1"": 78, ""pbest"": 76, ""closure"": 50, ""local"": 77, ""consensus"": 79}"
ChainConstraint30,30,UCB-Objective,23,400,1.0,1,255,3.2162748057195625,0.0,434.021635999349,60.58480865954378,0.0708034324458997,0.3650775479485156,1.5678815071077177,"{""rand1"": 80, ""pbest"": 80, ""closure"": 34, ""local"": 84, ""consensus"": 82}"
ChainConstraint30,30,UCB-Objective,24,400,1.0,1,255,4.363459438548975,0.0,433.6823049895144,57.23072867515668,0.070482289114454,0.2106968675900565,1.5704392953023754,"{""rand1"": 82, ""pbest"": 81, ""closure"": 35, ""local"": 81, ""consensus"": 81}"
ChainConstraint30,30,UCB-Objective,25,400,1.0,1,220,4.56678715847143,0.0,431.0052940606458,58.559548524506816,0.0559474680242053,0.541389441765503,1.584773069768178,"{""rand1"": 79, ""pbest"": 79, ""closure"": 42, ""local"": 80, ""consensus"": 80}"
ChainConstraint30,30,UCB-Objective,26,400,1.0,1,320,7.929059769971923,0.0,436.29041105995,57.86232793401967,0.0895186107333937,0.2150417759241288,1.5315738376087291,"{""rand1"": 85, ""pbest"": 85, ""closure"": 22, ""local"": 84, ""consensus"": 84}"
ChainConstraint30,30,UCB-Objective,27,400,1.0,1,232,4.30350594983829,0.0,435.652789675714,63.634730838882106,0.0615502729341632,0.5701369297313569,1.574738830949011,"{""rand1"": 79, ""pbest"": 83, ""closure"": 37, ""local"": 79, ""consensus"": 82}"
ChainConstraint30,30,UCB-Objective,28,400,1.0,1,300,4.96817793962927,0.0,437.0878340740018,59.5037424524287,0.0835895868681194,0.2612925980108643,1.5455060506488487,"{""rand1"": 83, ""pbest"": 83, ""closure"": 26, ""local"": 84, ""consensus"": 84}"
ChainConstraint30,30,UCB-Objective,29,400,1.0,1,307,5.201037201492177,0.0,430.3757923289662,57.58329136005039,0.0848154504711066,0.2238809838809839,1.5387716942756504,"{""rand1"": 84, ""pbest"": 85, ""closure"": 24, ""local"": 84, ""consensus"": 83}"
ChainConstraint30,30,UCB-Success,0,400,1.0,1,182,2.5696665940254872,0.0,435.0349416705029,76.03863459488201,0.1417132369864477,0.2165551349071685,1.3905181318430404,"{""rand1"": 20, ""pbest"": 49, ""closure"": 66, ""local"": 57, ""consensus"": 168}"
ChainConstraint30,30,UCB-Success,1,400,1.0,1,175,5.29259020710977,0.0,432.1110764817222,72.51670156438797,0.103910514353504,0.5885205794672835,1.4819668384891609,"{""rand1"": 29, ""pbest"": 44, ""closure"": 71, ""local"": 80, ""consensus"": 136}"
ChainConstraint30,30,UCB-Success,2,400,1.0,1,152,3.804334929585239,0.0,440.1408948022534,73.47507081996122,0.1639835832277437,0.51196313668183,1.2651713662631727,"{""rand1"": 14, ""pbest"": 39, ""closure"": 72, ""local"": 40, ""consensus"": 195}"
ChainConstraint30,30,UCB-Success,3,400,1.0,1,169,4.365971953721562,0.0,438.4159982947941,77.69936087987473,0.1411169417829223,0.5540220226021443,1.371710412730524,"{""rand1"": 23, ""pbest"": 46, ""closure"": 47, ""local"": 69, ""consensus"": 175}"
ChainConstraint30,30,UCB-Success,4,400,1.0,1,204,2.730371862155709,0.0,434.2513531921637,81.91458672122246,0.130445555686206,0.3239782276546982,1.408653025336216,"{""rand1"": 28, ""pbest"": 38, ""closure"": 49, ""local"": 85, ""consensus"": 160}"
ChainConstraint30,30,UCB-Success,5,400,1.0,1,192,3.25774399046135,0.0,435.66301995582046,67.34960038538911,0.1582042646506729,0.3930885369889578,1.3583253800924802,"{""rand1"": 21, ""pbest"": 40, ""closure"": 68, ""local"": 54, ""consensus"": 177}"
ChainConstraint30,30,UCB-Success,6,400,1.0,1,178,4.207340125030701,0.0,435.6016560629686,77.67055601350441,0.1631316461143749,0.1881189398836458,1.36286412593186,"{""rand1"": 18, ""pbest"": 53, ""closure"": 58, ""local"": 55, ""consensus"": 176}"
ChainConstraint30,30,UCB-Success,7,400,1.0,1,178,5.104473238310686,0.0,438.970540809652,77.9905940768839,0.1365470890464703,0.493040293040293,1.351170712360574,"{""rand1"": 24, ""pbest"": 34, ""closure"": 64, ""local"": 58, ""consensus"": 180}"
ChainConstraint30,30,UCB-Success,8,400,1.0,1,121,3.885244775043238,0.0,435.8883881245423,80.11411336982573,0.1297894773021946,0.3542583732057416,1.3436870860933066,"{""rand1"": 31, ""pbest"": 21, ""closure"": 77, ""local"": 55, ""consensus"": 176}"
ChainConstraint30,30,UCB-Success,9,400,1.0,1,200,2.784433692929463,0.0,445.333985626821,76.62226500472511,0.2092394673673698,0.4670053475935828,1.1647585123090316,"{""rand1"": 22, ""pbest"": 35, ""closure"": 45, ""local"": 32, ""consensus"": 226}"
ChainConstraint30,30,UCB-Success,10,400,1.0,1,186,3.869759298230076,0.0,441.27706876666775,71.86908128585928,0.1564175873731579,0.3699907914582837,1.3606808301088664,"{""rand1"": 33, ""pbest"": 43, ""closure"": 42, ""local"": 58, ""consensus"": 184}"
ChainConstraint30,30,UCB-Success,11,400,1.0,1,163,5.736904196914177,0.0,431.053780835572,66.79510840634725,0.1092864934349583,0.7022263045509889,1.46989945504766,"{""rand1"": 34, ""pbest"": 45, ""closure"": 67, ""local"": 65, ""consensus"": 149}"
ChainConstraint30,30,UCB-Success,12,400,1.0,1,172,3.7823631331742,0.0,438.9493751709494,78.4405781181036,0.1430094842968447,0.5009444803562451,1.3940610882657791,"{""rand1"": 34, ""pbest"": 37, ""closure"": 58, ""local"": 57, ""consensus"": 174}"
ChainConstraint30,30,UCB-Success,13,400,1.0,1,172,3.38998910328824,0.0,438.2202148920868,80.40086277638757,0.1362459465873898,0.467091575091575,1.3860592022333231,"{""rand1"": 30, ""pbest"": 49, ""closure"": 55, ""local"": 49, ""consensus"": 177}"
ChainConstraint30,30,UCB-Success,14,400,1.0,1,227,3.9881946327463695,0.0,439.7793144085005,76.90023084034885,0.1738323105018271,0.426422469536074,1.2876188337549404,"{""rand1"": 24, ""pbest"": 45, ""closure"": 30, ""local"": 65, ""consensus"": 196}"
ChainConstraint30,30,UCB-Success,15,400,1.0,1,223,4.61503745166408,0.0,436.95544101484165,71.11201042619861,0.1377058490608564,0.434116539896591,1.414949890784449,"{""rand1"": 28, ""pbest"": 45, ""closure"": 60, ""local"": 61, ""consensus"": 166}"
ChainConstraint30,30,UCB-Success,16,400,1.0,1,193,5.034285981118399,0.0,438.0400263536621,78.15910464405152,0.162359106467103,0.5846886446886448,1.29121726338523,"{""rand1"": 20, ""pbest"": 27, ""closure"": 44, ""local"": 83, ""consensus"": 186}"
ChainConstraint30,30,UCB-Success,17,400,1.0,1,180,4.583290462660791,0.0,436.8144588201126,74.58614572906707,0.1409054919868302,0.5015396258368394,1.3552824652266977,"{""rand1"": 23, ""pbest"": 28, ""closure"": 55, ""local"": 84, ""consensus"": 170}"
ChainConstraint30,30,UCB-Success,18,400,1.0,1,190,3.515699477146602,0.0,433.1325020339056,72.2643834146898,0.1191954565502522,0.7575160883996789,1.4316622231707974,"{""rand1"": 19, ""pbest"": 64, ""closure"": 64, ""local"": 60, ""consensus"": 153}"
ChainConstraint30,30,UCB-Success,19,400,1.0,1,157,2.8206372268581945,0.0,435.9796057233215,76.17941568053585,0.1460432428334891,0.4768561084055424,1.3707359034087028,"{""rand1"": 28, ""pbest"": 33, ""closure"": 58, ""local"": 65, ""consensus"": 176}"
ChainConstraint30,30,UCB-Success,20,400,1.0,1,201,3.821666801049479,0.0,439.4709005186465,81.93258119112303,0.1464478523193931,0.4336354118955702,1.3581362666092196,"{""rand1"": 22, ""pbest"": 36, ""closure"": 55, ""local"": 71, ""consensus"": 176}"
ChainConstraint30,30,UCB-Success,21,400,1.0,1,244,4.75499092553045,0.0,437.6289436863768,63.77385117447747,0.1832161752814891,0.6150672244585158,1.3324938291765984,"{""rand1"": 20, ""pbest"": 26, ""closure"": 74, ""local"": 64, ""consensus"": 176}"
ChainConstraint30,30,UCB-Success,22,400,1.0,1,185,4.764640826318459,0.0,436.0156545796545,69.24912971533163,0.1438136063132374,0.316993961638992,1.362748672423848,"{""rand1"": 27, ""pbest"": 27, ""closure"": 50, ""local"": 88, ""consensus"": 168}"
ChainConstraint30,30,UCB-Success,23,400,1.0,1,250,4.113627669376729,0.0,436.95123692616767,66.96791071936002,0.1662339461983159,0.4425093173080789,1.3783680535881593,"{""rand1"": 20, ""pbest"": 53, ""closure"": 56, ""local"": 58, ""consensus"": 173}"
ChainConstraint30,30,UCB-Success,24,400,1.0,1,186,4.107911356348976,0.0,440.3867480081615,74.4047464552204,0.1745857547183114,0.9885027082891532,1.3304020270337935,"{""rand1"": 32, ""pbest"": 36, ""closure"": 44, ""local"": 57, ""consensus"": 191}"
ChainConstraint30,30,UCB-Success,25,400,1.0,1,212,4.550990913677363,0.0,433.9481747201484,73.27390320917745,0.1369900828639875,0.4856630950748598,1.4318685257580213,"{""rand1"": 27, ""pbest"": 58, ""closure"": 56, ""local"": 58, ""consensus"": 161}"
ChainConstraint30,30,UCB-Success,26,400,1.0,1,152,4.135244311059177,0.0,436.6015209215664,78.34391327349184,0.165835286464363,0.3853956043956044,1.3540322839042254,"{""rand1"": 25, ""pbest"": 60, ""closure"": 54, ""local"": 39, ""consensus"": 182}"
ChainConstraint30,30,UCB-Success,27,400,1.0,1,217,3.130670000378345,0.0,438.9652414071176,73.36735566466362,0.1534276254660657,0.3544797544797544,1.3431224348377158,"{""rand1"": 27, ""pbest"": 29, ""closure"": 50, ""local"": 74, ""consensus"": 180}"
ChainConstraint30,30,UCB-Success,28,400,1.0,1,188,7.018251061884604,0.0,427.4323776770309,65.83543876431304,0.1091361434369843,0.5488514163380974,1.4914126311558875,"{""rand1"": 33, ""pbest"": 42, ""closure"": 97, ""local"": 61, ""consensus"": 127}"
ChainConstraint30,30,UCB-Success,29,400,1.0,1,177,4.437151803877329,0.0,438.5414901689391,77.5936592862853,0.1479348667030962,0.3834317316670258,1.3309805491485789,"{""rand1"": 24, ""pbest"": 44, ""closure"": 47, ""local"": 56, ""consensus"": 189}"
ChainConstraint30,30,UCB-Violation,0,400,1.0,1,152,3.104783994980397,0.0,421.9045878964069,67.45272284906079,0.0996691647245631,0.6164144809438927,1.5366668798638077,"{""rand1"": 42, ""pbest"": 42, ""closure"": 71, ""local"": 105, ""consensus"": 100}"
ChainConstraint30,30,UCB-Violation,1,400,1.0,1,156,4.581255057893097,0.0,428.8722519972657,63.94246503155679,0.1309462832418113,0.5473412464315827,1.496935084110591,"{""rand1"": 45, ""pbest"": 42, ""closure"": 50, ""local"": 88, ""consensus"": 135}"
ChainConstraint30,30,UCB-Violation,2,400,1.0,1,229,4.9715999823178665,0.0,430.47033256474776,71.74250911908484,0.1333278224801833,0.9504512691609464,1.4931654331065676,"{""rand1"": 47, ""pbest"": 40, ""closure"": 46, ""local"": 96, ""consensus"": 131}"
ChainConstraint30,30,UCB-Violation,3,400,1.0,1,276,4.435381702441251,0.0,431.9081632558628,66.08063666231011,0.1331157062192918,0.4722530590951644,1.491520785923841,"{""rand1"": 49, ""pbest"": 48, ""closure"": 36, ""local"": 97, ""consensus"": 130}"
ChainConstraint30,30,UCB-Violation,4,400,1.0,1,185,4.262452983091274,0.0,431.03714140356186,70.29729490239738,0.1313375958312267,0.4756056346117198,1.502836038881736,"{""rand1"": 46, ""pbest"": 49, ""closure"": 52, ""local"": 72, ""consensus"": 141}"
ChainConstraint30,30,UCB-Violation,5,400,1.0,1,164,3.094043783920038,0.0,430.1580402989962,70.2772663060538,0.1541478742663926,0.6569046674000235,1.4699524479984478,"{""rand1"": 42, ""pbest"": 50, ""closure"": 63, ""local"": 51, ""consensus"": 154}"
ChainConstraint30,30,UCB-Violation,6,400,1.0,1,205,4.394631934761281,0.0,428.9275371443374,71.55707769473582,0.1234645930936655,0.5669994736056442,1.5102123988095653,"{""rand1"": 39, ""pbest"": 62, ""closure"": 47, ""local"": 79, ""consensus"": 133}"
ChainConstraint30,30,UCB-Violation,7,400,1.0,1,207,4.023082772301012,0.0,429.8110462058353,68.65537296641084,0.1205443349834231,1.1259101085865255,1.5142272424470564,"{""rand1"": 53, ""pbest"": 48, ""closure"": 41, ""local"": 92, ""consensus"": 126}"
ChainConstraint30,30,UCB-Violation,8,400,1.0,1,137,3.58327653952638,0.0,426.3302526195528,73.41721661245363,0.1115369744030391,0.7379340659340659,1.526255814319379,"{""rand1"": 48, ""pbest"": 48, ""closure"": 52, ""local"": 86, ""consensus"": 126}"
ChainConstraint30,30,UCB-Violation,9,400,1.0,1,189,1.7401762206724316,0.0,432.1566319161868,63.36864208697549,0.1641870686861343,1.005675011796502,1.4538936248461554,"{""rand1"": 43, ""pbest"": 47, ""closure"": 53, ""local"": 57, ""consensus"": 160}"
ChainConstraint30,30,UCB-Violation,10,400,1.0,1,252,6.767521363955791,0.0,434.11468722329954,63.70820966237603,0.1482720758865146,0.4842788289885064,1.4571954245582324,"{""rand1"": 35, ""pbest"": 51, ""closure"": 38, ""local"": 93, ""consensus"": 143}"
ChainConstraint30,30,UCB-Violation,11,400,1.0,1,141,3.5520303740629258,0.0,427.3349073852083,74.08520804992348,0.1467335845406721,0.4927898188767754,1.4769277982532856,"{""rand1"": 51, ""pbest"": 42, ""closure"": 77, ""local"": 43, ""consensus"": 147}"
ChainConstraint30,30,UCB-Violation,12,400,1.0,1,164,6.102778580807406,0.0,422.504959674077,75.12947157615801,0.130496971273251,0.4576800976800976,1.499561199294004,"{""rand1"": 42, ""pbest"": 43, ""closure"": 57, ""local"": 137, ""consensus"": 81}"
ChainConstraint30,30,UCB-Violation,13,400,1.0,1,133,2.162986468965884,0.0,424.62246456542056,73.27033924331255,0.1253533602046836,0.509477101845523,1.505240375459492,"{""rand1"": 44, ""pbest"": 49, ""closure"": 87, ""local"": 47, ""consensus"": 133}"
ChainConstraint30,30,UCB-Violation,14,400,1.0,1,121,3.95634010700345,0.0,422.52262015068806,74.39843787688018,0.1050116830196311,0.3771891266628108,1.5375119977259333,"{""rand1"": 45, ""pbest"": 55, ""closure"": 86, ""local"": 53, ""consensus"": 121}"
ChainConstraint30,30,UCB-Violation,15,400,1.0,1,124,2.9757118413287102,0.0,422.8242513115048,67.9765392721411,0.1187159605910601,0.634266615737204,1.5183410551902043,"{""rand1"": 41, ""pbest"": 55, ""closure"": 86, ""local"": 50, ""consensus"": 128}"
ChainConstraint30,30,UCB-Violation,16,400,1.0,1,250,8.386276844391922,0.0,421.4560376976592,62.55943479012238,0.1491005519192318,0.4853578205475738,1.4827381680866154,"{""rand1"": 44, ""pbest"": 45, ""closure"": 53, ""local"": 148, ""consensus"": 70}"
ChainConstraint30,30,UCB-Violation,17,400,1.0,1,145,4.926197721057759,0.0,421.9079773013473,71.11799250322886,0.0874646643375162,0.6695305708490292,1.5523579955207678,"{""rand1"": 42, ""pbest"": 47, ""closure"": 76, ""local"": 97, ""consensus"": 98}"
ChainConstraint30,30,UCB-Violation,18,400,1.0,1,336,7.915758947984051,0.0,423.1831486374763,61.13144231956338,0.2013173318058412,0.2027349121466768,1.3434867642128712,"{""rand1"": 38, ""pbest"": 42, ""closure"": 22, ""local"": 177, ""consensus"": 81}"
ChainConstraint30,30,UCB-Violation,19,400,1.0,1,220,7.342308107900138,0.0,419.8172740180928,67.04133195577444,0.1432833328284826,0.6941759047235256,1.489260878988035,"{""rand1"": 39, ""pbest"": 49, ""closure"": 58, ""local"": 145, ""consensus"": 69}"
ChainConstraint30,30,UCB-Violation,20,400,1.0,1,252,5.046199163140114,0.0,426.5331494277483,68.19588575271722,0.1246724133348368,0.745051646961514,1.5018356089219036,"{""rand1"": 41, ""pbest"": 60, ""closure"": 37, ""local"": 99, ""consensus"": 123}"
ChainConstraint30,30,UCB-Violation,21,400,1.0,1,238,6.648096200494439,0.0,427.19480443577794,61.75611206657593,0.1376364163881825,0.4764656291294704,1.483794929525848,"{""rand1"": 42, ""pbest"": 41, ""closure"": 45, ""local"": 103, ""consensus"": 129}"
ChainConstraint30,30,UCB-Violation,22,400,1.0,1,130,5.508746631635341,0.0,419.83915899779424,69.29720741237612,0.0828640801744376,0.6180353559483994,1.5620260870317306,"{""rand1"": 44, ""pbest"": 52, ""closure"": 71, ""local"": 100, ""consensus"": 93}"
ChainConstraint30,30,UCB-Violation,23,400,1.0,1,221,5.2061567765673065,0.0,434.2159714528042,69.01917012551185,0.1641995718164155,0.499592089537391,1.4475598101587552,"{""rand1"": 46, ""pbest"": 47, ""closure"": 41, ""local"": 66, ""consensus"": 160}"
ChainConstraint30,30,UCB-Violation,24,400,1.0,1,244,5.936469216088248,0.0,429.004142012222,63.20591062096673,0.1353898718490194,0.630584720853165,1.484566096355599,"{""rand1"": 40, ""pbest"": 43, ""closure"": 44, ""local"": 121, ""consensus"": 112}"
ChainConstraint30,30,UCB-Violation,25,400,1.0,0,401,inf,0.0106395791482743,427.6541602649403,49.71921180954738,0.1893812554932572,0.0,1.2531703821459617,"{""rand1"": 50, ""pbest"": 54, ""closure"": 0, ""local"": 171, ""consensus"": 85}"
ChainConstraint30,30,UCB-Violation,26,400,1.0,1,139,4.582608720255512,0.0,422.2846191426635,74.01967337053975,0.0979262279739127,0.3450291813449707,1.5394179215924806,"{""rand1"": 46, ""pbest"": 40, ""closure"": 70, ""local"": 97, ""consensus"": 107}"
ChainConstraint30,30,UCB-Violation,27,400,1.0,1,164,4.951585875841274,0.0,427.79556916576274,72.29629542147644,0.1033237287537088,0.8125596625596625,1.538764977567553,"{""rand1"": 46, ""pbest"": 46, ""closure"": 63, ""local"": 86, ""consensus"": 119}"
ChainConstraint30,30,UCB-Violation,28,400,1.0,1,192,4.1286386636258205,0.0,433.05403647023246,73.91337185472224,0.1643813975880329,0.7232840362252128,1.4479493211316226,"{""rand1"": 46, ""pbest"": 40, ""closure"": 43, ""local"": 74, ""consensus"": 157}"
ChainConstraint30,30,UCB-Violation,29,400,1.0,1,212,4.818460412094201,0.0,427.37623355142506,64.11904468451117,0.109205720586692,0.4352882214993883,1.530041613615886,"{""rand1"": 43, ""pbest"": 48, ""closure"": 60, ""local"": 86, ""consensus"": 123}"
G06,2,DCAS,0,400,1.0,1,331,-5890.366841885637,0.0,381.2759044632305,101.5349238024424,0.1490062037307166,0.3505273427100052,1.4542150103695104,"{""rand1"": 81, ""pbest"": 57, ""closure"": 22, ""local"": 144, ""consensus"": 56}"
G06,2,DCAS,1,400,1.0,1,339,-4508.755346441913,0.0,382.18136234916335,101.97570265519008,0.1765530042113445,0.3045993361782836,1.411058989482021,"{""rand1"": 59, ""pbest"": 62, ""closure"": 20, ""local"": 162, ""consensus"": 57}"
G06,2,DCAS,2,400,1.0,1,391,-5892.332104386469,0.0,383.4679927115511,97.20234076517214,0.1624848514637026,0.1896487580698106,1.3887588163673588,"{""rand1"": 68, ""pbest"": 66, ""closure"": 9, ""local"": 153, ""consensus"": 64}"
G06,2,DCAS,3,400,1.0,0,401,inf,0.0111126995742159,382.26687378624894,99.88337475669915,0.1596969311523416,0.0,1.308059411657879,"{""rand1"": 85, ""pbest"": 65, ""closure"": 0, ""local"": 152, ""consensus"": 58}"
G06,2,DCAS,4,400,1.0,0,401,inf,0.0099456944245016,383.588271561325,103.12749158235044,0.1457461712961552,0.0,1.3303247359052714,"{""rand1"": 95, ""pbest"": 68, ""closure"": 0, ""local"": 138, ""consensus"": 59}"
G06,2,DCAS,5,400,1.0,0,401,inf,0.004476890069783,383.4312658563056,105.63010250506376,0.1795079941819617,0.0,1.2752701446235477,"{""rand1"": 60, ""pbest"": 71, ""closure"": 0, ""local"": 168, ""consensus"": 61}"
G06,2,DCAS,6,400,1.0,1,278,-6262.397402414937,0.0,380.8342780772088,101.216213058071,0.1627999397678882,0.2882973770839545,1.4632682416842084,"{""rand1"": 66, ""pbest"": 50, ""closure"": 36, ""local"": 154, ""consensus"": 54}"
G06,2,DCAS,7,400,1.0,1,373,-5291.745166900247,0.0,382.8155278225869,97.29432676232176,0.1475471234319253,0.1479021879021879,1.4192484368606133,"{""rand1"": 81, ""pbest"": 61, ""closure"": 12, ""local"": 144, ""consensus"": 62}"
G06,2,DCAS,8,400,1.0,1,362,-6560.717864284065,0.0,380.2641359048045,93.8588073275763,0.1569368853116666,0.0,1.416406423212307,"{""rand1"": 85, ""pbest"": 58, ""closure"": 14, ""local"": 147, ""consensus"": 56}"
G06,2,DCAS,9,400,1.0,1,264,-3375.411740443521,0.0,382.0758477569319,99.47801310767277,0.1313173163883065,0.5225054319791163,1.511406200043745,"{""rand1"": 62, ""pbest"": 64, ""closure"": 38, ""local"": 137, ""consensus"": 59}"
G06,2,DCAS,10,400,1.0,0,401,inf,0.0021450670410854,383.26614223809344,99.411110739424,0.1483394698974604,0.0,1.3234154877376376,"{""rand1"": 80, ""pbest"": 70, ""closure"": 0, ""local"": 147, ""consensus"": 63}"
G06,2,DCAS,11,400,1.0,1,155,-4081.769070224292,0.0,379.7415219895196,80.47201697601383,0.0832037620475813,0.3318025602540094,1.5636737618079126,"{""rand1"": 82, ""pbest"": 63, ""closure"": 53, ""local"": 111, ""consensus"": 51}"
G06,2,DCAS,12,400,1.0,0,401,inf,0.0011891049287781,382.1921224016663,102.01918908623088,0.1348999956834388,0.0,1.3395983683747406,"{""rand1"": 86, ""pbest"": 81, ""closure"": 0, ""local"": 135, ""consensus"": 58}"
G06,2,DCAS,13,400,1.0,1,288,-6515.66747786114,0.0,381.83316573596994,102.56419746138582,0.1542656882847702,0.2433387486638261,1.4630963489070878,"{""rand1"": 61, ""pbest"": 64, ""closure"": 28, ""local"": 150, ""consensus"": 57}"
G06,2,DCAS,14,400,1.0,0,401,inf,0.0068515944568354,382.0709392372779,99.31279138796302,0.1366863942465261,0.0,1.3323461904017724,"{""rand1"": 87, ""pbest"": 77, ""closure"": 0, ""local"": 139, ""consensus"": 57}"
G06,2,DCAS,15,400,1.0,1,262,-4414.049765386363,0.0,380.5711469556869,96.66135450593426,0.1194879910074223,0.6203389971811024,1.5161430480342584,"{""rand1"": 89, ""pbest"": 60, ""closure"": 34, ""local"": 124, ""consensus"": 53}"
G06,2,DCAS,16,400,1.0,1,150,-6423.780622886387,0.0,380.0351992642456,85.0627559151168,0.109369009758998,0.4578167689003602,1.5379003786240015,"{""rand1"": 59, ""pbest"": 64, ""closure"": 54, ""local"": 130, ""consensus"": 53}"
G06,2,DCAS,17,400,1.0,1,309,-4682.55291269591,0.0,380.81206793665,93.82546460969272,0.1240116423361352,0.2118466644782434,1.5045644577638475,"{""rand1"": 87, ""pbest"": 67, ""closure"": 27, ""local"": 124, ""consensus"": 55}"
G06,2,DCAS,18,400,1.0,1,263,-6161.8926273865,0.0,382.30579698850863,99.01995940740008,0.1393261600326037,0.4756913685706255,1.4957703453413098,"{""rand1"": 63, ""pbest"": 61, ""closure"": 35, ""local"": 142, ""consensus"": 59}"
G06,2,DCAS,19,400,1.0,1,288,-5617.399044777633,0.0,380.3276358857442,101.04071525718834,0.1328713688598781,0.3970026888293142,1.4961127616495415,"{""rand1"": 87, ""pbest"": 57, ""closure"": 31, ""local"": 132, ""consensus"": 53}"
G06,2,DCAS,20,400,1.0,0,401,inf,0.0023084399718503,382.6158240103069,95.71030958333088,0.1490082232511715,0.0,1.3290774928336069,"{""rand1"": 69, ""pbest"": 78, ""closure"": 0, ""local"": 145, ""consensus"": 68}"
G06,2,DCAS,21,400,1.0,1,249,-3660.47024193752,0.0,381.03188207586095,94.91400494694422,0.1233746712114349,0.2842213642213642,1.5184761257198862,"{""rand1"": 74, ""pbest"": 56, ""closure"": 40, ""local"": 133, ""consensus"": 57}"
G06,2,DCAS,22,400,1.0,1,300,-6244.839909019639,0.0,381.6129041762047,99.985068886087,0.1375469605007798,0.4533756428493271,1.481662707570151,"{""rand1"": 68, ""pbest"": 71, ""closure"": 26, ""local"": 139, ""consensus"": 56}"
G06,2,DCAS,23,400,1.0,1,341,-4542.864469074923,0.0,380.9637413850833,100.89901043673385,0.1673789192780626,0.0726994200678411,1.417458930169652,"{""rand1"": 79, ""pbest"": 55, ""closure"": 18, ""local"": 154, ""consensus"": 54}"
G06,2,DCAS,24,400,1.0,0,401,inf,0.0044305377351035,383.52732342986326,98.67834789507432,0.1435826003751656,0.0,1.3380206574439324,"{""rand1"": 80, ""pbest"": 73, ""closure"": 0, ""local"": 140, ""consensus"": 67}"
G06,2,DCAS,25,400,1.0,1,382,-6606.967497146056,0.0,385.0352876608343,93.4922005856532,0.1460937896534414,0.1579166210745158,1.418810804662395,"{""rand1"": 63, ""pbest"": 73, ""closure"": 10, ""local"": 141, ""consensus"": 73}"
G06,2,DCAS,26,400,1.0,1,274,-5385.514347492433,0.0,382.2715803904403,100.07986254649528,0.1366069338382678,0.2842674244336222,1.4913666106507968,"{""rand1"": 73, ""pbest"": 54, ""closure"": 32, ""local"": 140, ""consensus"": 61}"
G06,2,DCAS,27,400,1.0,1,107,-5705.628412734891,0.0,380.5477273427902,73.78582006817378,0.1092540444227906,0.6177885872932658,1.5411104913903555,"{""rand1"": 59, ""pbest"": 56, ""closure"": 62, ""local"": 129, ""consensus"": 54}"
G06,2,DCAS,28,400,1.0,0,401,inf,0.0227242863464297,384.4538805647754,101.3348946837406,0.156450966681593,0.0,1.316413412264387,"{""rand1"": 71, ""pbest"": 75, ""closure"": 0, ""local"": 151, ""consensus"": 63}"
G06,2,DCAS,29,400,1.0,0,401,inf,0.0015563537601157,382.3372147515532,97.22344494691676,0.1502125314121541,0.0,1.324103668656858,"{""rand1"": 97, ""pbest"": 64, ""closure"": 0, ""local"": 140, ""consensus"": 59}"
G06,2,DCAS-noClosure,0,400,1.0,1,331,-5806.719926256946,0.0,382.6696096203238,100.30804595514444,0.1559413393088386,0.2682381629750051,1.316600580129322,"{""rand1"": 87, ""pbest"": 63, ""closure"": 0, ""local"": 148, ""consensus"": 62}"
G06,2,DCAS-noClosure,1,400,1.0,1,339,-3883.372884731853,0.0,383.7067133984389,101.3566922288238,0.1820711081935288,0.2793741109530583,1.2790726140583903,"{""rand1"": 62, ""pbest"": 68, ""closure"": 0, ""local"": 167, ""consensus"": 63}"
G06,2,DCAS-noClosure,2,400,1.0,1,391,-5293.442761680495,0.0,383.9865024205152,96.8165340606882,0.1642042633303776,0.1750300908195645,1.3088925818476742,"{""rand1"": 70, ""pbest"": 69, ""closure"": 0, ""local"": 155, ""consensus"": 66}"
G06,2,DCAS-noClosure,3,400,1.0,0,401,inf,0.0111126995742159,382.26687378624894,99.88337475669915,0.1596969311523416,0.0,1.308059411657879,"{""rand1"": 85, ""pbest"": 65, ""closure"": 0, ""local"": 152, ""consensus"": 58}"
G06,2,DCAS-noClosure,4,400,1.0,0,401,inf,0.0099456944245016,383.588271561325,103.12749158235044,0.1457461712961552,0.0,1.3303247359052714,"{""rand1"": 95, ""pbest"": 68, ""closure"": 0, ""local"": 138, ""consensus"": 59}"
G06,2,DCAS-noClosure,5,400,1.0,0,401,inf,0.004476890069783,383.4312658563056,105.63010250506376,0.1795079941819617,0.0,1.2752701446235477,"{""rand1"": 60, ""pbest"": 71, ""closure"": 0, ""local"": 168, ""consensus"": 61}"
G06,2,DCAS-noClosure,6,400,1.0,1,278,-4134.059236270615,0.0,382.6147166847649,99.32701723116408,0.1765422292764008,0.0,1.2843993588771283,"{""rand1"": 75, ""pbest"": 60, ""closure"": 0, ""local"": 164, ""consensus"": 61}"
G06,2,DCAS-noClosure,7,400,1.0,1,373,-5846.396867270186,0.0,383.5631647034396,97.06016074817592,0.1498536283609089,0.1527081737608053,1.322949549646463,"{""rand1"": 85, ""pbest"": 64, ""closure"": 0, ""local"": 146, ""consensus"": 65}"
G06,2,DCAS-noClosure,8,400,1.0,1,362,-6560.717864284065,0.0,381.122923740297,93.14901746813194,0.1598020734825591,0.0,1.3071154004217571,"{""rand1"": 89, ""pbest"": 61, ""closure"": 0, ""local"": 151, ""consensus"": 59}"
G06,2,DCAS-noClosure,9,400,1.0,1,264,-5757.3726171322205,0.0,384.3047192308288,99.55201235025474,0.1512283657983989,0.1938223938223938,1.3237348364964732,"{""rand1"": 71, ""pbest"": 74, ""closure"": 0, ""local"": 148, ""consensus"": 67}"
G06,2,DCAS-noClosure,10,400,1.0,0,401,inf,0.0021450670410854,383.26614223809344,99.411110739424,0.1483394698974604,0.0,1.3234154877376376,"{""rand1"": 80, ""pbest"": 70, ""closure"": 0, ""local"": 147, ""consensus"": 63}"
G06,2,DCAS-noClosure,11,400,1.0,1,155,-6016.505891542577,0.0,384.0726663244865,80.60899894644369,0.123103396001942,0.4137448984507808,1.3630282029218126,"{""rand1"": 93, ""pbest"": 80, ""closure"": 0, ""local"": 120, ""consensus"": 67}"
G06,2,DCAS-noClosure,12,400,1.0,0,401,inf,0.0011891049287781,382.1921224016663,102.01918908623088,0.1348999956834388,0.0,1.3395983683747406,"{""rand1"": 86, ""pbest"": 81, ""closure"": 0, ""local"": 135, ""consensus"": 58}"
G06,2,DCAS-noClosure,13,400,1.0,1,288,-6272.415938117173,0.0,383.6523044083119,102.4132154441838,0.1653769274123341,0.1247401247401247,1.306283508247775,"{""rand1"": 70, ""pbest"": 70, ""closure"": 0, ""local"": 156, ""consensus"": 64}"
G06,2,DCAS-noClosure,14,400,1.0,0,401,inf,0.0068515944568354,382.0709392372779,99.31279138796302,0.1366863942465261,0.0,1.3323461904017724,"{""rand1"": 87, ""pbest"": 77, ""closure"": 0, ""local"": 139, ""consensus"": 57}"
G06,2,DCAS-noClosure,15,400,1.0,1,262,-2997.5740370681774,0.0,383.2373556418635,96.37727016803149,0.1383672327439992,0.5638691322901849,1.3371060991834605,"{""rand1"": 95, ""pbest"": 68, ""closure"": 0, ""local"": 135, ""consensus"": 62}"
G06,2,DCAS-noClosure,16,400,1.0,1,150,-5609.766415343172,0.0,383.59907185392126,84.27808746658759,0.1478865095704863,0.5955757376810008,1.3301953485888949,"{""rand1"": 70, ""pbest"": 80, ""closure"": 0, ""local"": 144, ""consensus"": 66}"
G06,2,DCAS-noClosure,17,400,1.0,1,309,-3021.977679623104,0.0,382.43663118795615,92.97565457579586,0.1361280145613324,0.3212167633220265,1.3451109302490476,"{""rand1"": 93, ""pbest"": 75, ""closure"": 0, ""local"": 131, ""consensus"": 61}"
G06,2,DCAS-noClosure,18,400,1.0,1,263,-5838.523076559511,0.0,384.4686617492572,96.94278567832554,0.1557335728852501,0.246547762337236,1.318993367631853,"{""rand1"": 76, ""pbest"": 67, ""closure"": 0, ""local"": 150, ""consensus"": 67}"
G06,2,DCAS-noClosure,19,400,1.0,1,288,-4846.339441789454,0.0,382.1016407049166,100.1839219751114,0.145919509494183,0.4991005580479265,1.3296132940305243,"{""rand1"": 94, ""pbest"": 67, ""closure"": 0, ""local"": 139, ""consensus"": 60}"
G06,2,DCAS-noClosure,20,400,1.0,0,401,inf,0.0023084399718503,382.6158240103069,95.71030958333088,0.1490082232511715,0.0,1.3290774928336069,"{""rand1"": 69, ""pbest"": 78, ""closure"": 0, ""local"": 145, ""consensus"": 68}"
G06,2,DCAS-noClosure,21,400,1.0,1,249,-6054.085422088864,0.0,383.6867623166052,93.94041358837664,0.1442556825423023,0.3313272786956997,1.3358367386219627,"{""rand1"": 85, ""pbest"": 68, ""closure"": 0, ""local"": 140, ""consensus"": 67}"
G06,2,DCAS-noClosure,22,400,1.0,1,300,-5303.859357647129,0.0,383.41981218556896,99.03555412812166,0.148337089256795,0.0,1.329554586606784,"{""rand1"": 74, ""pbest"": 79, ""closure"": 0, ""local"": 144, ""consensus"": 63}"
G06,2,DCAS-noClosure,23,400,1.0,1,341,-4757.899181115012,0.0,381.9796765826521,100.19177866376468,0.1722192209078607,0.2485446464393833,1.2937568240442738,"{""rand1"": 84, ""pbest"": 60, ""closure"": 0, ""local"": 158, ""consensus"": 58}"
G06,2,DCAS-noClosure,24,400,1.0,0,401,inf,0.0044305377351035,383.52732342986326,98.67834789507432,0.1435826003751656,0.0,1.3380206574439324,"{""rand1"": 80, ""pbest"": 73, ""closure"": 0, ""local"": 140, ""consensus"": 67}"
G06,2,DCAS-noClosure,25,400,1.0,1,382,-6606.967497146056,0.0,385.7604594038726,92.84353033641378,0.1481336992051966,0.1407156143998249,1.3329058717893356,"{""rand1"": 66, ""pbest"": 75, ""closure"": 0, ""local"": 143, ""consensus"": 76}"
G06,2,DCAS-noClosure,26,400,1.0,1,274,-6531.197601171724,0.0,384.6377899024132,100.9969486690356,0.1522176671076029,0.3649185905637518,1.3226303688139427,"{""rand1"": 84, ""pbest"": 60, ""closure"": 0, ""local"": 146, ""consensus"": 70}"
G06,2,DCAS-noClosure,27,400,1.0,1,107,-4673.5377101106415,0.0,384.4357512056091,70.98481031176543,0.1530690099209387,0.5264470948681476,1.321979710958661,"{""rand1"": 72, ""pbest"": 71, ""closure"": 0, ""local"": 149, ""consensus"": 68}"
G06,2,DCAS-noClosure,28,400,1.0,0,401,inf,0.0227242863464297,384.4538805647754,101.3348946837406,0.156450966681593,0.0,1.316413412264387,"{""rand1"": 71, ""pbest"": 75, ""closure"": 0, ""local"": 151, ""consensus"": 63}"
G06,2,DCAS-noClosure,29,400,1.0,0,401,inf,0.0015563537601157,382.3372147515532,97.22344494691676,0.1502125314121541,0.0,1.324103668656858,"{""rand1"": 97, ""pbest"": 64, ""closure"": 0, ""local"": 140, ""consensus"": 59}"
G06,2,DCAS-stationary,0,400,1.0,0,401,inf,0.0100666301132511,371.6743355748936,96.01599260839517,0.3420212001739228,0.0,0.5634507186492488,"{""rand1"": 18, ""pbest"": 17, ""closure"": 0, ""local"": 309, ""consensus"": 16}"
G06,2,DCAS-stationary,1,400,1.0,1,202,-3225.190976581481,0.0,373.7135373938846,89.847285181696,0.2908105524146469,0.4801436022488653,0.896607066378122,"{""rand1"": 15, ""pbest"": 26, ""closure"": 26, ""local"": 271, ""consensus"": 22}"
G06,2,DCAS-stationary,2,400,1.0,0,401,inf,0.0093570445469772,374.66514309923485,95.20214089688456,0.2968976822587557,0.0,0.7992184851688715,"{""rand1"": 26, ""pbest"": 30, ""closure"": 0, ""local"": 276, ""consensus"": 28}"
G06,2,DCAS-stationary,3,400,1.0,1,315,-4302.002773898684,0.0,372.3353919332735,94.88187831444206,0.3053216335508229,0.2195426195426195,0.8829115853887592,"{""rand1"": 19, ""pbest"": 29, ""closure"": 22, ""local"": 273, ""consensus"": 17}"
G06,2,DCAS-stationary,4,400,1.0,1,331,-5699.930480775497,0.0,371.6078518770267,103.6616948858184,0.2672244578317,0.0938395885764306,0.9995043404450052,"{""rand1"": 59, ""pbest"": 24, ""closure"": 17, ""local"": 247, ""consensus"": 13}"
G06,2,DCAS-stationary,5,400,1.0,0,401,inf,0.0066141469870413,374.55905529580497,100.0542622124614,0.3021955165209456,0.0,0.7711946602412281,"{""rand1"": 38, ""pbest"": 20, ""closure"": 0, ""local"": 279, ""consensus"": 23}"
G06,2,DCAS-stationary,6,400,1.0,1,230,-4615.999985178049,0.0,371.79860693018907,92.01126768738143,0.2874073339640167,0.5163305352779036,0.8938825898021348,"{""rand1"": 16, ""pbest"": 40, ""closure"": 19, ""local"": 269, ""consensus"": 16}"
G06,2,DCAS-stationary,7,400,1.0,0,401,inf,0.0173139389579226,372.1615844716935,94.90357816623296,0.3116414602644594,0.0,0.7156669480405258,"{""rand1"": 20, ""pbest"": 36, ""closure"": 0, ""local"": 287, ""consensus"": 17}"
G06,2,DCAS-stationary,8,400,1.0,1,357,-2432.822403443835,0.0,372.7307032312706,90.39851723633824,0.2998203163615797,0.1480687164897691,0.9234349738624252,"{""rand1"": 20, ""pbest"": 32, ""closure"": 19, ""local"": 267, ""consensus"": 22}"
G06,2,DCAS-stationary,9,400,1.0,1,263,-3648.53935828122,0.0,374.69317062680045,92.45460933925575,0.2467732495766652,0.3819337692402708,1.1042191753910586,"{""rand1"": 45, ""pbest"": 27, ""closure"": 24, ""local"": 237, ""consensus"": 27}"
G06,2,DCAS-stationary,10,400,1.0,1,370,-3845.8609719548494,0.0,372.54655124852377,99.3988313409046,0.2955551205989234,0.1205148005148005,0.9424056733305988,"{""rand1"": 34, ""pbest"": 21, ""closure"": 21, ""local"": 264, ""consensus"": 20}"
G06,2,DCAS-stationary,11,400,1.0,1,344,-4043.235270770968,0.0,374.8011335516296,91.33684817233338,0.2927292719800399,0.293336251230988,0.9392434627255184,"{""rand1"": 26, ""pbest"": 21, ""closure"": 19, ""local"": 265, ""consensus"": 29}"
G06,2,DCAS-stationary,12,400,1.0,0,401,inf,0.0026695761647324,374.1403733825888,98.73601751558192,0.3240996677156756,0.0,0.67769646553344,"{""rand1"": 21, ""pbest"": 22, ""closure"": 0, ""local"": 294, ""consensus"": 23}"
G06,2,DCAS-stationary,13,400,1.0,1,172,-5133.112457121748,0.0,372.3612518556286,90.63033964494498,0.3144639202345388,0.7184705618761347,0.7889567551256791,"{""rand1"": 16, ""pbest"": 17, ""closure"": 25, ""local"": 286, ""consensus"": 16}"
G06,2,DCAS-stationary,14,400,1.0,1,356,-5392.384345776023,0.0,371.5781818683044,100.54227033590232,0.2988141695387093,0.3226074369108425,0.9184808636778432,"{""rand1"": 29, ""pbest"": 30, ""closure"": 20, ""local"": 267, ""consensus"": 14}"
G06,2,DCAS-stationary,15,400,1.0,1,257,-2281.532448267838,0.0,371.5098756589237,98.47138287380444,0.2757702588554134,0.1233833023306707,0.9701547399388653,"{""rand1"": 40, ""pbest"": 27, ""closure"": 20, ""local"": 258, ""consensus"": 15}"
G06,2,DCAS-stationary,16,400,1.0,1,265,-3148.9904014576205,0.0,375.4394403707906,94.8294502573164,0.2537406268018518,0.2979611190137506,1.0736238035604375,"{""rand1"": 34, ""pbest"": 33, ""closure"": 19, ""local"": 243, ""consensus"": 31}"
G06,2,DCAS-stationary,17,400,1.0,1,108,-3573.788559143469,0.0,373.3913617692478,70.73336426026155,0.2382947709491101,0.5138240305422969,1.1431188136899524,"{""rand1"": 34, ""pbest"": 29, ""closure"": 41, ""local"": 231, ""consensus"": 25}"
G06,2,DCAS-stationary,18,400,1.0,1,206,-1361.1418297369614,0.0,371.2961595780876,104.00754365024578,0.2970704119633306,0.0881781376518218,0.8701867439567433,"{""rand1"": 18, ""pbest"": 26, ""closure"": 29, ""local"": 274, ""consensus"": 13}"
G06,2,DCAS-stationary,19,400,1.0,1,376,-1788.1497230122782,0.0,371.47427194933545,98.16143536856238,0.3286096979167058,0.0,0.8054030242971342,"{""rand1"": 19, ""pbest"": 17, ""closure"": 24, ""local"": 284, ""consensus"": 16}"
G06,2,DCAS-stationary,20,400,1.0,1,231,-4980.610636446457,0.0,371.7297729499466,91.29632350017006,0.3008483325995586,0.4092862092862093,0.8418691395643613,"{""rand1"": 26, ""pbest"": 17, ""closure"": 18, ""local"": 279, ""consensus"": 20}"
G06,2,DCAS-stationary,21,400,1.0,1,102,-5756.2642790524205,0.0,372.549371423923,72.69631362189777,0.2674550439255049,0.5703857562681092,1.0269654562928523,"{""rand1"": 31, ""pbest"": 23, ""closure"": 34, ""local"": 251, ""consensus"": 21}"
G06,2,DCAS-stationary,22,400,1.0,1,338,-4353.690394971623,0.0,372.0919743723256,103.02461732897852,0.2989629881335167,0.2014942762311183,0.8783863011062942,"{""rand1"": 14, ""pbest"": 43, ""closure"": 17, ""local"": 270, ""consensus"": 16}"
G06,2,DCAS-stationary,23,400,1.0,0,401,inf,0.0130745647000031,373.8572885264217,94.57020035074092,0.3163687359520483,0.0,0.7095793772707604,"{""rand1"": 18, ""pbest"": 29, ""closure"": 0, ""local"": 289, ""consensus"": 24}"
G06,2,DCAS-stationary,24,400,1.0,1,332,-5041.991070531912,0.0,374.8334564710103,96.05221369530136,0.2570508927660975,0.1173432541853594,1.0918885965444949,"{""rand1"": 44, ""pbest"": 28, ""closure"": 21, ""local"": 239, ""consensus"": 28}"
G06,2,DCAS-stationary,25,400,1.0,1,235,-5464.530666268916,0.0,374.5103948597531,89.65176486808863,0.2608873060782793,0.3070088943773154,1.0430038954781529,"{""rand1"": 26, ""pbest"": 33, ""closure"": 24, ""local"": 249, ""consensus"": 28}"
G06,2,DCAS-stationary,26,400,1.0,0,401,inf,0.0087047211575861,376.233759951069,96.34080675563467,0.2485105404818999,0.0,0.9878954181856988,"{""rand1"": 29, ""pbest"": 57, ""closure"": 0, ""local"": 240, ""consensus"": 34}"
G06,2,DCAS-stationary,27,400,1.0,1,222,-1828.651419228901,0.0,373.4293906015587,92.0134152183391,0.2888179225826117,0.0,0.9019959055484872,"{""rand1"": 35, ""pbest"": 14, ""closure"": 22, ""local"": 269, ""consensus"": 20}"
G06,2,DCAS-stationary,28,400,1.0,1,358,-6404.56241597649,0.0,375.5535405456003,106.05252045920447,0.2569198510304925,0.1481081081081081,1.0175564572217957,"{""rand1"": 243, ""pbest"": 62, ""closure"": 13, ""local"": 25, ""consensus"": 17}"
G06,2,DCAS-stationary,29,400,1.0,0,401,inf,0.0045906693351462,372.27080818815,93.65516719079338,0.3327367687795327,0.0,0.6299002437185269,"{""rand1"": 16, ""pbest"": 26, ""closure"": 0, ""local"": 300, ""consensus"": 18}"
G06,2,DE-EPS,0,400,1.0,0,401,inf,0.0069785326736711,400.0,0.0,0.0,0.0,0.0,{}
G06,2,DE-EPS,1,400,1.0,0,401,inf,0.0114152134733308,400.0,0.0,0.0,0.0,0.0,{}
G06,2,DE-EPS,2,400,1.0,0,226,inf,0.0042111038602055,400.0,0.0,0.0,0.0,0.0,{}
G06,2,DE-EPS,3,400,1.0,0,401,inf,0.0074263135496392,400.0,0.0,0.0,0.0,0.0,{}
G06,2,DE-EPS,4,400,1.0,1,397,-4341.744720810144,0.0,400.0,0.0,0.0,0.0,0.0,{}
G06,2,DE-EPS,5,400,1.0,0,401,inf,0.0142599094559886,400.0,0.0,0.0,0.0,0.0,{}
G06,2,DE-EPS,6,400,1.0,0,401,inf,0.0004483732851228,400.0,0.0,0.0,0.0,0.0,{}
G06,2,DE-EPS,7,400,1.0,0,401,inf,0.0070863945881963,400.0,0.0,0.0,0.0,0.0,{}
G06,2,DE-EPS,8,400,1.0,0,401,inf,0.0038742674055679,400.0,0.0,0.0,0.0,0.0,{}
G06,2,DE-EPS,9,400,1.0,1,320,-4909.162165821778,0.0,400.0,0.0,0.0,0.0,0.0,{}
G06,2,DE-EPS,10,400,1.0,0,401,inf,0.0227697925931799,400.0,0.0,0.0,0.0,0.0,{}
G06,2,DE-EPS,11,400,1.0,1,259,-6459.1395397297365,0.0,400.0,0.0,0.0,0.0,0.0,{}
G06,2,DE-EPS,12,400,1.0,0,401,inf,0.0122132483134862,400.0,0.0,0.0,0.0,0.0,{}
G06,2,DE-EPS,13,400,1.0,0,286,inf,0.002921220864088,400.0,0.0,0.0,0.0,0.0,{}
G06,2,DE-EPS,14,400,1.0,0,401,inf,0.0195850453632506,400.0,0.0,0.0,0.0,0.0,{}
G06,2,DE-EPS,15,400,1.0,1,322,-4153.896365162608,0.0,400.0,0.0,0.0,0.0,0.0,{}
G06,2,DE-EPS,16,400,1.0,0,401,inf,0.018774952568914,400.0,0.0,0.0,0.0,0.0,{}
G06,2,DE-EPS,17,400,1.0,1,334,-4297.331949197454,0.0,400.0,0.0,0.0,0.0,0.0,{}
G06,2,DE-EPS,18,400,1.0,0,401,inf,0.0036732631559625,400.0,0.0,0.0,0.0,0.0,{}
G06,2,DE-EPS,19,400,1.0,0,401,inf,0.010162686242505,400.0,0.0,0.0,0.0,0.0,{}
G06,2,DE-EPS,20,400,1.0,1,378,-5789.667250969462,0.0,400.0,0.0,0.0,0.0,0.0,{}
G06,2,DE-EPS,21,400,1.0,0,401,inf,0.0046692300999562,400.0,0.0,0.0,0.0,0.0,{}
G06,2,DE-EPS,22,400,1.0,1,338,-2706.7760017484097,0.0,400.0,0.0,0.0,0.0,0.0,{}
G06,2,DE-EPS,23,400,1.0,1,340,-3343.345205066721,0.0,400.0,0.0,0.0,0.0,0.0,{}
G06,2,DE-EPS,24,400,1.0,0,401,inf,0.0108177731564869,400.0,0.0,0.0,0.0,0.0,{}
G06,2,DE-EPS,25,400,1.0,1,362,-5005.9753749910005,0.0,400.0,0.0,0.0,0.0,0.0,{}
G06,2,DE-EPS,26,400,1.0,0,401,inf,0.001987403161565,400.0,0.0,0.0,0.0,0.0,{}
G06,2,DE-EPS,27,400,1.0,0,401,inf,0.0061457616900406,400.0,0.0,0.0,0.0,0.0,{}
G06,2,DE-EPS,28,400,1.0,1,269,-4855.707571582835,0.0,400.0,0.0,0.0,0.0,0.0,{}
G06,2,DE-EPS,29,400,1.0,0,401,inf,0.0035805496554298,400.0,0.0,0.0,0.0,0.0,{}
G06,2,DE-NCV,0,400,1.0,0,401,inf,0.0069785326736711,400.0,0.0,0.0,0.0,0.0,{}
G06,2,DE-NCV,1,400,1.0,0,401,inf,0.0114152134733308,400.0,0.0,0.0,0.0,0.0,{}
G06,2,DE-NCV,2,400,1.0,1,359,-1568.243605987142,0.0,400.0,0.0,0.0,0.0,0.0,{}
G06,2,DE-NCV,3,400,1.0,0,401,inf,0.0097792399594355,400.0,0.0,0.0,0.0,0.0,{}
G06,2,DE-NCV,4,400,1.0,0,401,inf,0.0025503423938792,400.0,0.0,0.0,0.0,0.0,{}
G06,2,DE-NCV,5,400,1.0,0,401,inf,0.0142599094559886,400.0,0.0,0.0,0.0,0.0,{}
G06,2,DE-NCV,6,400,1.0,0,401,inf,0.0004483732851228,400.0,0.0,0.0,0.0,0.0,{}
G06,2,DE-NCV,7,400,1.0,0,401,inf,0.0047341265888328,400.0,0.0,0.0,0.0,0.0,{}
G06,2,DE-NCV,8,400,1.0,0,401,inf,0.0038742674055679,400.0,0.0,0.0,0.0,0.0,{}
G06,2,DE-NCV,9,400,1.0,1,348,-1596.0050494171403,0.0,400.0,0.0,0.0,0.0,0.0,{}
G06,2,DE-NCV,10,400,1.0,0,401,inf,0.0227697925931799,400.0,0.0,0.0,0.0,0.0,{}
G06,2,DE-NCV,11,400,1.0,0,401,inf,0.0001962390121133,400.0,0.0,0.0,0.0,0.0,{}
G06,2,DE-NCV,12,400,1.0,0,401,inf,0.0122132483134862,400.0,0.0,0.0,0.0,0.0,{}
G06,2,DE-NCV,13,400,1.0,0,401,inf,0.0020549179592768,400.0,0.0,0.0,0.0,0.0,{}
G06,2,DE-NCV,14,400,1.0,0,401,inf,0.0195850453632506,400.0,0.0,0.0,0.0,0.0,{}
G06,2,DE-NCV,15,400,1.0,1,327,-1743.042866004792,0.0,400.0,0.0,0.0,0.0,0.0,{}
G06,2,DE-NCV,16,400,1.0,0,401,inf,0.018774952568914,400.0,0.0,0.0,0.0,0.0,{}
G06,2,DE-NCV,17,400,1.0,1,334,-4297.331949197454,0.0,400.0,0.0,0.0,0.0,0.0,{}
G06,2,DE-NCV,18,400,1.0,1,229,-5584.874126435434,0.0,400.0,0.0,0.0,0.0,0.0,{}
G06,2,DE-NCV,19,400,1.0,0,401,inf,0.010162686242505,400.0,0.0,0.0,0.0,0.0,{}
G06,2,DE-NCV,20,400,1.0,1,378,-5789.667250969462,0.0,400.0,0.0,0.0,0.0,0.0,{}
G06,2,DE-NCV,21,400,1.0,0,401,inf,0.0126068160278057,400.0,0.0,0.0,0.0,0.0,{}
G06,2,DE-NCV,22,400,1.0,1,277,-5240.778425397246,0.0,400.0,0.0,0.0,0.0,0.0,{}
G06,2,DE-NCV,23,400,1.0,1,340,-3343.345205066721,0.0,400.0,0.0,0.0,0.0,0.0,{}
G06,2,DE-NCV,24,400,1.0,0,401,inf,0.0108177731564869,400.0,0.0,0.0,0.0,0.0,{}
G06,2,DE-NCV,25,400,1.0,1,362,-5005.9753749910005,0.0,400.0,0.0,0.0,0.0,0.0,{}
G06,2,DE-NCV,26,400,1.0,0,401,inf,0.001987403161565,400.0,0.0,0.0,0.0,0.0,{}
G06,2,DE-NCV,27,400,1.0,0,401,inf,0.0020316739660304,400.0,0.0,0.0,0.0,0.0,{}
G06,2,DE-NCV,28,400,1.0,1,243,-2911.257167856501,0.0,400.0,0.0,0.0,0.0,0.0,{}
G06,2,DE-NCV,29,400,1.0,0,401,inf,0.0035805496554298,400.0,0.0,0.0,0.0,0.0,{}
G06,2,DE-PEN,0,400,1.0,0,401,inf,0.0100105373749761,400.0,0.0,0.0,0.0,0.0,{}
G06,2,DE-PEN,1,400,1.0,0,401,inf,0.0099044687455853,400.0,0.0,0.0,0.0,0.0,{}
G06,2,DE-PEN,2,400,1.0,0,401,inf,0.0110758258973398,400.0,0.0,0.0,0.0,0.0,{}
G06,2,DE-PEN,3,400,1.0,0,401,inf,0.0183786675753738,400.0,0.0,0.0,0.0,0.0,{}
G06,2,DE-PEN,4,400,1.0,0,401,inf,0.0356969405750044,400.0,0.0,0.0,0.0,0.0,{}
G06,2,DE-PEN,5,400,1.0,0,401,inf,0.0205490337871685,400.0,0.0,0.0,0.0,0.0,{}
G06,2,DE-PEN,6,400,1.0,0,333,inf,0.0112799816132389,400.0,0.0,0.0,0.0,0.0,{}
G06,2,DE-PEN,7,400,1.0,0,401,inf,0.11,400.0,0.0,0.0,0.0,0.0,{}
G06,2,DE-PEN,8,400,1.0,0,401,inf,0.11,400.0,0.0,0.0,0.0,0.0,{}
G06,2,DE-PEN,9,400,1.0,0,401,inf,0.11,400.0,0.0,0.0,0.0,0.0,{}
G06,2,DE-PEN,10,400,1.0,0,401,inf,0.0231104967646164,400.0,0.0,0.0,0.0,0.0,{}
G06,2,DE-PEN,11,400,1.0,0,401,inf,0.0099174614237624,400.0,0.0,0.0,0.0,0.0,{}
G06,2,DE-PEN,12,400,1.0,0,311,inf,0.0099408869581479,400.0,0.0,0.0,0.0,0.0,{}
G06,2,DE-PEN,13,400,1.0,0,401,inf,0.009905824824237,400.0,0.0,0.0,0.0,0.0,{}
G06,2,DE-PEN,14,400,1.0,0,401,inf,0.0507431500172882,400.0,0.0,0.0,0.0,0.0,{}
G06,2,DE-PEN,15,400,1.0,0,216,inf,0.009842980558079,400.0,0.0,0.0,0.0,0.0,{}
G06,2,DE-PEN,16,400,1.0,0,401,inf,0.0104927708389139,400.0,0.0,0.0,0.0,0.0,{}
G06,2,DE-PEN,17,400,1.0,0,401,inf,0.0099610634167427,400.0,0.0,0.0,0.0,0.0,{}
G06,2,DE-PEN,18,400,1.0,0,271,inf,0.0102435013483276,400.0,0.0,0.0,0.0,0.0,{}
G06,2,DE-PEN,19,400,1.0,0,253,inf,0.0394947890724495,400.0,0.0,0.0,0.0,0.0,{}
G06,2,DE-PEN,20,400,1.0,0,401,inf,0.0937428708521538,400.0,0.0,0.0,0.0,0.0,{}
G06,2,DE-PEN,21,400,1.0,0,401,inf,0.0102645982556114,400.0,0.0,0.0,0.0,0.0,{}
G06,2,DE-PEN,22,400,1.0,0,401,inf,0.0098898564223991,400.0,0.0,0.0,0.0,0.0,{}
G06,2,DE-PEN,23,400,1.0,0,401,inf,0.0101020366841307,400.0,0.0,0.0,0.0,0.0,{}
G06,2,DE-PEN,24,400,1.0,0,401,inf,0.1026524919622386,400.0,0.0,0.0,0.0,0.0,{}
G06,2,DE-PEN,25,400,1.0,0,401,inf,0.0343892159934721,400.0,0.0,0.0,0.0,0.0,{}
G06,2,DE-PEN,26,400,1.0,0,401,inf,0.0098343759831842,400.0,0.0,0.0,0.0,0.0,{}
G06,2,DE-PEN,27,400,1.0,0,401,inf,0.0099859828140377,400.0,0.0,0.0,0.0,0.0,{}
G06,2,DE-PEN,28,400,1.0,0,401,inf,0.0147500185572469,400.0,0.0,0.0,0.0,0.0,{}
G06,2,DE-PEN,29,400,1.0,0,401,inf,0.0294725688787312,400.0,0.0,0.0,0.0,0.0,{}
G06,2,JADE-NCV,0,400,1.0,1,242,-5114.875307212329,0.0,400.0,0.0,0.0,0.0,0.0,{}
G06,2,JADE-NCV,1,400,1.0,0,401,inf,0.0033632900094412,400.0,0.0,0.0,0.0,0.0,{}
G06,2,JADE-NCV,2,400,1.0,1,338,-1697.230003215417,0.0,400.0,0.0,0.0,0.0,0.0,{}
G06,2,JADE-NCV,3,400,1.0,1,376,-4081.596899806285,0.0,400.0,0.0,0.0,0.0,0.0,{}
G06,2,JADE-NCV,4,400,1.0,0,401,inf,0.0050848149846433,400.0,0.0,0.0,0.0,0.0,{}
G06,2,JADE-NCV,5,400,1.0,1,282,-2910.168729422396,0.0,400.0,0.0,0.0,0.0,0.0,{}
G06,2,JADE-NCV,6,400,1.0,0,401,inf,0.010101564009523,400.0,0.0,0.0,0.0,0.0,{}
G06,2,JADE-NCV,7,400,1.0,1,366,-3126.6847417393474,0.0,400.0,0.0,0.0,0.0,0.0,{}
G06,2,JADE-NCV,8,400,1.0,1,365,-1388.208195481737,0.0,400.0,0.0,0.0,0.0,0.0,{}
G06,2,JADE-NCV,9,400,1.0,0,401,inf,0.0082144063274513,400.0,0.0,0.0,0.0,0.0,{}
G06,2,JADE-NCV,10,400,1.0,1,316,-5231.2920574531445,0.0,400.0,0.0,0.0,0.0,0.0,{}
G06,2,JADE-NCV,11,400,1.0,0,401,inf,0.0010417177041104,400.0,0.0,0.0,0.0,0.0,{}
G06,2,JADE-NCV,12,400,1.0,1,395,-2731.867366862204,0.0,400.0,0.0,0.0,0.0,0.0,{}
G06,2,JADE-NCV,13,400,1.0,0,401,inf,0.0156025759162248,400.0,0.0,0.0,0.0,0.0,{}
G06,2,JADE-NCV,14,400,1.0,1,313,-5072.4711417293365,0.0,400.0,0.0,0.0,0.0,0.0,{}
G06,2,JADE-NCV,15,400,1.0,0,401,inf,0.0013192447578864,400.0,0.0,0.0,0.0,0.0,{}
G06,2,JADE-NCV,16,400,1.0,0,401,inf,0.0045188214025606,400.0,0.0,0.0,0.0,0.0,{}
G06,2,JADE-NCV,17,400,1.0,1,321,-4303.878623141828,0.0,400.0,0.0,0.0,0.0,0.0,{}
G06,2,JADE-NCV,18,400,1.0,1,378,-5073.394531434165,0.0,400.0,0.0,0.0,0.0,0.0,{}
G06,2,JADE-NCV,19,400,1.0,1,300,-4563.056516761814,0.0,400.0,0.0,0.0,0.0,0.0,{}
G06,2,JADE-NCV,20,400,1.0,0,401,inf,0.0102897378788516,400.0,0.0,0.0,0.0,0.0,{}
G06,2,JADE-NCV,21,400,1.0,0,401,inf,0.0104858418086445,400.0,0.0,0.0,0.0,0.0,{}
G06,2,JADE-NCV,22,400,1.0,0,401,inf,0.0012858081935118,400.0,0.0,0.0,0.0,0.0,{}
G06,2,JADE-NCV,23,400,1.0,0,401,inf,0.0118546442474851,400.0,0.0,0.0,0.0,0.0,{}
G06,2,JADE-NCV,24,400,1.0,0,401,inf,0.0030902738429251,400.0,0.0,0.0,0.0,0.0,{}
G06,2,JADE-NCV,25,400,1.0,0,401,inf,0.0037163442272726,400.0,0.0,0.0,0.0,0.0,{}
G06,2,JADE-NCV,26,400,1.0,1,391,-4977.946661038394,0.0,400.0,0.0,0.0,0.0,0.0,{}
G06,2,JADE-NCV,27,400,1.0,1,285,-2608.178714160208,0.0,400.0,0.0,0.0,0.0,0.0,{}
G06,2,JADE-NCV,28,400,1.0,0,401,inf,0.0038107279134182,400.0,0.0,0.0,0.0,0.0,{}
G06,2,JADE-NCV,29,400,1.0,1,317,-5441.232140584412,0.0,400.0,0.0,0.0,0.0,0.0,{}
G06,2,UCB-Objective,0,400,1.0,1,295,-1931.685365720043,0.0,389.44216616025983,96.70168614584225,0.0826402442412019,0.1016303753145858,1.5486942597104112,"{""rand1"": 84, ""pbest"": 83, ""closure"": 27, ""local"": 83, ""consensus"": 83}"
G06,2,UCB-Objective,1,400,1.0,1,372,-3921.007143297805,0.0,390.1072977876468,101.58286092860264,0.0966666666666666,0.1081081081081081,1.486229295091125,"{""rand1"": 87, ""pbest"": 87, ""closure"": 12, ""local"": 87, ""consensus"": 87}"
G06,2,UCB-Objective,2,400,1.0,1,269,-4544.853201345652,0.0,387.8954152886623,93.366860473234,0.074563492063492,0.3663806084858717,1.563027748138305,"{""rand1"": 82, ""pbest"": 82, ""closure"": 32, ""local"": 82, ""consensus"": 82}"
G06,2,UCB-Objective,3,400,1.0,0,401,inf,0.0022508900779234,390.9231517315792,98.94656741820648,0.1,0.0,1.3862943611198906,"{""rand1"": 90, ""pbest"": 90, ""closure"": 0, ""local"": 90, ""consensus"": 90}"
G06,2,UCB-Objective,4,400,1.0,1,338,-5121.59798369963,0.0,389.3699202131625,100.59752700656036,0.0918793721281324,0.0929824561403508,1.515478642002689,"{""rand1"": 86, ""pbest"": 86, ""closure"": 18, ""local"": 85, ""consensus"": 85}"
G06,2,UCB-Objective,5,400,1.0,0,401,inf,0.0163310020106773,391.3772303679068,103.1954987206353,0.1,0.0,1.3862943611198906,"{""rand1"": 90, ""pbest"": 90, ""closure"": 0, ""local"": 90, ""consensus"": 90}"
G06,2,UCB-Objective,6,400,1.0,1,228,-4458.014484041879,0.0,388.1785442655664,90.39642749630364,0.0593757036256,0.3145959493327914,1.5829672886682031,"{""rand1"": 80, ""pbest"": 80, ""closure"": 41, ""local"": 80, ""consensus"": 79}"
G06,2,UCB-Objective,7,400,1.0,1,296,-4968.559092804471,0.0,388.7996480486378,97.3668077463995,0.0826402442412019,0.3276939271366516,1.5486942597104112,"{""rand1"": 84, ""pbest"": 83, ""closure"": 27, ""local"": 83, ""consensus"": 83}"
G06,2,UCB-Objective,8,400,1.0,1,390,-3517.8008387180103,0.0,389.1036425172469,92.66359409206046,0.0977777777777777,0.1251778093883357,1.4620537785896908,"{""rand1"": 88, ""pbest"": 88, ""closure"": 8, ""local"": 88, ""consensus"": 88}"
G06,2,UCB-Objective,9,400,1.0,1,293,-6473.029977910538,0.0,389.1717488110675,96.61439103528474,0.0826402442412019,0.1102527628843418,1.5486942597104112,"{""rand1"": 84, ""pbest"": 83, ""closure"": 27, ""local"": 83, ""consensus"": 83}"
G06,2,UCB-Objective,10,400,1.0,0,401,inf,0.0001365521843056,391.1067780370025,99.76706562818318,0.1,0.0,1.3862943611198906,"{""rand1"": 90, ""pbest"": 90, ""closure"": 0, ""local"": 90, ""consensus"": 90}"
G06,2,UCB-Objective,11,400,1.0,1,377,-3996.520203758471,0.0,389.5996276259328,92.86273057244205,0.0969458105095967,0.0,1.480591512995404,"{""rand1"": 88, ""pbest"": 87, ""closure"": 11, ""local"": 87, ""consensus"": 87}"
G06,2,UCB-Objective,12,400,1.0,1,187,-3817.013278071905,0.0,388.2259322730334,79.97305281210308,0.042860472685745,0.531285177600967,1.596676914226681,"{""rand1"": 78, ""pbest"": 78, ""closure"": 50, ""local"": 77, ""consensus"": 77}"
G06,2,UCB-Objective,13,400,1.0,1,316,-3549.955844076749,0.0,389.4695628445946,97.71578756714852,0.0874986534023685,0.1851843746580588,1.5352497062374824,"{""rand1"": 85, ""pbest"": 84, ""closure"": 23, ""local"": 84, ""consensus"": 84}"
G06,2,UCB-Objective,14,400,1.0,1,123,-5008.955136454781,0.0,387.47527983770937,60.4685239099324,0.0205557361945853,0.496098979256874,1.6063847310130712,"{""rand1"": 75, ""pbest"": 75, ""closure"": 61, ""local"": 75, ""consensus"": 74}"
G06,2,UCB-Objective,15,400,1.0,1,360,-3172.478408101104,0.0,390.07914734918046,97.42021112026504,0.0961130267060422,0.1497756866177919,1.4967636141831708,"{""rand1"": 87, ""pbest"": 87, ""closure"": 14, ""local"": 86, ""consensus"": 86}"
G06,2,UCB-Objective,16,400,1.0,1,366,-3519.7448471467187,0.0,389.6452330274352,99.7004432841124,0.0963903012574095,0.0835006435006435,1.491603397856689,"{""rand1"": 87, ""pbest"": 87, ""closure"": 13, ""local"": 87, ""consensus"": 86}"
G06,2,UCB-Objective,17,400,1.0,1,360,-2051.4392269661566,0.0,388.0760652933627,94.14739684015994,0.0961130267060422,0.0,1.4967636141831708,"{""rand1"": 87, ""pbest"": 87, ""closure"": 14, ""local"": 86, ""consensus"": 86}"
G06,2,UCB-Objective,18,400,1.0,0,401,inf,0.0062493521367937,390.794545673911,100.68429877928637,0.1,0.0,1.3862943611198906,"{""rand1"": 90, ""pbest"": 90, ""closure"": 0, ""local"": 90, ""consensus"": 90}"
G06,2,UCB-Objective,19,400,1.0,1,380,-1883.5875578600744,0.0,390.0902427916914,100.06860454627434,0.097224014243685,0.0,1.47470085666126,"{""rand1"": 88, ""pbest"": 88, ""closure"": 10, ""local"": 87, ""consensus"": 87}"
G06,2,UCB-Objective,20,400,1.0,1,342,-3609.47156350813,0.0,389.2767754022445,97.47880374005923,0.0918793721281324,0.1738652673017998,1.515478642002689,"{""rand1"": 86, ""pbest"": 86, ""closure"": 18, ""local"": 85, ""consensus"": 85}"
G06,2,UCB-Objective,21,400,1.0,1,340,-5318.859475490203,0.0,389.46514636056935,90.7992384114128,0.0918793721281324,0.1689900426742532,1.515478642002689,"{""rand1"": 86, ""pbest"": 86, ""closure"": 18, ""local"": 85, ""consensus"": 85}"
G06,2,UCB-Objective,22,400,1.0,1,300,-5439.393775546059,0.0,389.0260324776243,98.87038796216542,0.0835895868681194,0.119021879021879,1.5455060506488487,"{""rand1"": 84, ""pbest"": 84, ""closure"": 26, ""local"": 83, ""consensus"": 83}"
G06,2,UCB-Objective,23,400,1.0,1,358,-2048.077753605012,0.0,389.7465729054938,100.06999281714585,0.0954900427301879,0.2629609366451472,1.4967636141831708,"{""rand1"": 87, ""pbest"": 87, ""closure"": 14, ""local"": 86, ""consensus"": 86}"
G06,2,UCB-Objective,24,400,1.0,0,401,inf,0.0007915643587478,390.8580971819303,100.1180257198852,0.1,0.0,1.3862943611198906,"{""rand1"": 90, ""pbest"": 90, ""closure"": 0, ""local"": 90, ""consensus"": 90}"
G06,2,UCB-Objective,25,400,1.0,1,332,-3631.104662638696,0.0,388.925948166204,92.08742877958846,0.0906944444444444,0.223780865886129,1.5238371629007463,"{""rand1"": 85, ""pbest"": 85, ""closure"": 20, ""local"": 85, ""consensus"": 85}"
G06,2,UCB-Objective,26,400,1.0,1,294,-4353.336390327972,0.0,389.05728035390655,101.52844364067664,0.0826402442412019,0.2924134660976767,1.5486942597104112,"{""rand1"": 84, ""pbest"": 83, ""closure"": 27, ""local"": 83, ""consensus"": 83}"
G06,2,UCB-Objective,27,400,1.0,1,343,-6359.879121446569,0.0,389.3474288889728,99.119644184622,0.0924684973151089,0.1548965970018601,1.5110718478833849,"{""rand1"": 86, ""pbest"": 86, ""closure"": 17, ""local"": 86, ""consensus"": 85}"
G06,2,UCB-Objective,28,400,1.0,1,313,-3485.2519585329865,0.0,389.7092519646922,104.22768805508306,0.0864294112832735,0.2906517853886275,1.5352497062374824,"{""rand1"": 85, ""pbest"": 84, ""closure"": 23, ""local"": 84, ""consensus"": 84}"
G06,2,UCB-Objective,29,400,1.0,1,261,-5679.243615943997,0.0,388.0173510576867,89.11108089092487,0.0718496742858137,0.42315351789036,1.5680513163245386,"{""rand1"": 82, ""pbest"": 82, ""closure"": 34, ""local"": 81, ""consensus"": 81}"
G06,2,UCB-Success,0,400,1.0,1,289,-3661.1126777325226,0.0,403.8422877959413,96.45065277331388,0.1262811596132214,0.4256660777925633,1.482377828909029,"{""rand1"": 48, ""pbest"": 48, ""closure"": 41, ""local"": 78, ""consensus"": 145}"
G06,2,UCB-Success,1,400,1.0,1,261,-5191.894670023999,0.0,387.1230193674981,97.00672624451796,0.0748710293917997,0.2079476272055354,1.5928068659354229,"{""rand1"": 53, ""pbest"": 62, ""closure"": 77, ""local"": 90, ""consensus"": 78}"
G06,2,UCB-Success,2,400,1.0,1,333,-4422.017403445428,0.0,391.6306237907429,97.99608089025702,0.0969682214836134,0.1091377091377091,1.5674230113255143,"{""rand1"": 65, ""pbest"": 71, ""closure"": 39, ""local"": 87, ""consensus"": 98}"
G06,2,UCB-Success,3,400,1.0,1,259,-3537.893614720047,0.0,395.86834169996575,99.7284891617763,0.0971980697927421,0.2808796162143018,1.5478063969543745,"{""rand1"": 37, ""pbest"": 64, ""closure"": 73, ""local"": 70, ""consensus"": 116}"
G06,2,UCB-Success,4,400,1.0,1,316,-4960.5156217940885,0.0,395.9568886651373,103.02713734737893,0.1149367359890679,0.2639803802032904,1.5230437761814235,"{""rand1"": 48, ""pbest"": 65, ""closure"": 35, ""local"": 99, ""consensus"": 113}"
G06,2,UCB-Success,5,400,1.0,0,401,inf,0.0072935112725947,402.2650473579596,105.6918135350863,0.1317793232833654,0.0,1.3376806651326596,"{""rand1"": 70, ""pbest"": 63, ""closure"": 0, ""local"": 90, ""consensus"": 137}"
G06,2,UCB-Success,6,400,1.0,1,201,-5811.015843871865,0.0,386.99683125881006,86.67565820401639,0.06961358802004,0.4109387780107292,1.5701000547804913,"{""rand1"": 35, ""pbest"": 80, ""closure"": 85, ""local"": 81, ""consensus"": 79}"
G06,2,UCB-Success,7,400,1.0,1,249,-5930.780634611748,0.0,387.63636417311295,96.9796688606588,0.0702823037288054,0.1976255725177126,1.5874740103206282,"{""rand1"": 48, ""pbest"": 72, ""closure"": 66, ""local"": 91, ""consensus"": 83}"
G06,2,UCB-Success,8,400,1.0,1,98,-6033.3235845715,0.0,391.3054926100971,57.49712924127026,0.0832908586465223,0.4797331478620802,1.5094402833248397,"{""rand1"": 25, ""pbest"": 58, ""closure"": 109, ""local"": 66, ""consensus"": 102}"
G06,2,UCB-Success,9,400,1.0,1,216,-5254.983139917047,0.0,391.1268636012014,92.27812309146717,0.0873668326413633,0.3814055871033869,1.5270534295762006,"{""rand1"": 38, ""pbest"": 44, ""closure"": 113, ""local"": 69, ""consensus"": 96}"
G06,2,UCB-Success,10,400,1.0,1,222,-5736.762332730053,0.0,390.4473682381318,93.52949464200242,0.0575857480301579,0.545659702903424,1.585571787886263,"{""rand1"": 49, ""pbest"": 61, ""closure"": 77, ""local"": 79, ""consensus"": 94}"
G06,2,UCB-Success,11,400,1.0,1,309,-5660.640962244836,0.0,392.4688856442915,92.08225850028376,0.0987332615343584,0.4070957018325439,1.5471890055171165,"{""rand1"": 61, ""pbest"": 80, ""closure"": 32, ""local"": 83, ""consensus"": 104}"
G06,2,UCB-Success,12,400,1.0,1,276,-4363.183121202696,0.0,391.87859801547137,104.69540016880195,0.0904881261938098,0.1741985328982233,1.575730950996071,"{""rand1"": 61, ""pbest"": 60, ""closure"": 50, ""local"": 93, ""consensus"": 96}"
G06,2,UCB-Success,13,400,1.0,1,280,-6139.0787119281895,0.0,395.2477798467697,99.16847746004096,0.101152979674208,0.2958829506197927,1.5437012855590688,"{""rand1"": 36, ""pbest"": 61, ""closure"": 63, ""local"": 88, ""consensus"": 112}"
G06,2,UCB-Success,14,400,1.0,0,401,inf,0.0030689578594872,391.81191086155786,104.25400058497998,0.1100573056866685,0.0,1.3840084846010612,"{""rand1"": 83, ""pbest"": 85, ""closure"": 0, ""local"": 97, ""consensus"": 95}"
G06,2,UCB-Success,15,400,1.0,1,293,-5651.086318543,0.0,396.4120004000344,93.0697961275322,0.1057220637630306,0.4674414175342968,1.547523929756978,"{""rand1"": 49, ""pbest"": 80, ""closure"": 45, ""local"": 69, ""consensus"": 117}"
G06,2,UCB-Success,16,400,1.0,1,273,-5025.8499940615975,0.0,399.7693089693689,95.4786153041872,0.1237697930052486,0.3192231286586125,1.5194694700935985,"{""rand1"": 35, ""pbest"": 67, ""closure"": 63, ""local"": 64, ""consensus"": 131}"
G06,2,UCB-Success,17,400,1.0,1,153,-3644.617781485205,0.0,383.1322366921177,73.71534011501083,0.0724174984534049,0.510672929103466,1.5173162560053175,"{""rand1"": 39, ""pbest"": 63, ""closure"": 134, ""local"": 55, ""consensus"": 69}"
G06,2,UCB-Success,18,400,1.0,1,393,-1347.1944025601993,0.0,414.2534620448431,98.65274370085018,0.1746435278738116,0.0,1.2386018045063272,"{""rand1"": 51, ""pbest"": 54, ""closure"": 2, ""local"": 65, ""consensus"": 188}"
G06,2,UCB-Success,19,400,1.0,1,243,-6506.364165873194,0.0,384.4788469465381,97.4893765374852,0.0536709629867273,0.3636521585128396,1.6056542339310704,"{""rand1"": 69, ""pbest"": 64, ""closure"": 82, ""local"": 76, ""consensus"": 69}"
G06,2,UCB-Success,20,400,1.0,1,126,-4705.321625496063,0.0,381.9920539909806,71.86886007622824,0.0554021627740041,0.5138285667715395,1.5683036282685752,"{""rand1"": 70, ""pbest"": 50, ""closure"": 113, ""local"": 65, ""consensus"": 62}"
G06,2,UCB-Success,21,400,1.0,1,350,-1354.7660245934087,0.0,386.2048503973221,97.02212368067984,0.1070876241753639,0.0,1.4314516434321067,"{""rand1"": 116, ""pbest"": 77, ""closure"": 6, ""local"": 87, ""consensus"": 74}"
G06,2,UCB-Success,22,400,1.0,1,349,-6357.299332023285,0.0,383.2270941459367,104.84740278159668,0.1453907361681426,0.1285917496443812,1.4899457090389665,"{""rand1"": 70, ""pbest"": 71, ""closure"": 24, ""local"": 133, ""consensus"": 62}"
G06,2,UCB-Success,23,400,1.0,1,227,-3886.47392081001,0.0,387.00593480129777,98.56654275904808,0.0524588805602249,0.3532343838642461,1.5969599367423144,"{""rand1"": 53, ""pbest"": 83, ""closure"": 78, ""local"": 66, ""consensus"": 80}"
G06,2,UCB-Success,24,400,1.0,0,401,inf,0.000922449801634,395.7548548719449,98.78632462160247,0.1253290065158187,0.0,1.3707093482615194,"{""rand1"": 72, ""pbest"": 81, ""closure"": 0, ""local"": 92, ""consensus"": 115}"
G06,2,UCB-Success,25,400,1.0,1,216,-4337.378428123987,0.0,396.4734530418838,87.46954206510549,0.0904504656063287,0.4419118021937495,1.5253727385137503,"{""rand1"": 32, ""pbest"": 54, ""closure"": 84, ""local"": 71, ""consensus"": 119}"
G06,2,UCB-Success,26,400,1.0,1,146,-5851.399838398048,0.0,389.07866533854775,77.56220563511978,0.0882867247339498,0.4413693495980208,1.50264501846999,"{""rand1"": 30, ""pbest"": 42, ""closure"": 119, ""local"": 78, ""consensus"": 91}"
G06,2,UCB-Success,27,400,1.0,1,348,-2291.7071424888804,0.0,395.581029881436,96.69997252337716,0.1179768012029511,0.2690885217201006,1.5146869827120617,"{""rand1"": 68, ""pbest"": 68, ""closure"": 23, ""local"": 90, ""consensus"": 111}"
G06,2,UCB-Success,28,400,1.0,1,223,-5809.109713863752,0.0,393.6838501343008,101.43157370817616,0.0894442527277159,0.205561602554064,1.5722643355881163,"{""rand1"": 46, ""pbest"": 76, ""closure"": 56, ""local"": 80, ""consensus"": 102}"
G06,2,UCB-Success,29,400,1.0,1,252,-5387.724481753828,0.0,402.5631430289546,88.42595829656717,0.1254190498541194,0.2673774115879379,1.493790954319435,"{""rand1"": 47, ""pbest"": 55, ""closure"": 42, ""local"": 73, ""consensus"": 143}"
G06,2,UCB-Violation,0,400,1.0,0,401,inf,0.0068478274407331,377.670841784834,98.1598967216456,0.3002768853688312,0.0,0.92859697849603,"{""rand1"": 35, ""pbest"": 32, ""closure"": 0, ""local"": 254, ""consensus"": 39}"
G06,2,UCB-Violation,1,400,1.0,0,401,inf,0.0064017772931754,375.79586252959086,99.69959862084372,0.301987269375577,0.0,0.9129311102165446,"{""rand1"": 35, ""pbest"": 34, ""closure"": 0, ""local"": 257, ""consensus"": 34}"
G06,2,UCB-Violation,2,400,1.0,1,179,-6535.718686890828,0.0,375.97106742264486,90.44012404850324,0.2881736605973552,0.2232182204318427,1.084677784883981,"{""rand1"": 26, ""pbest"": 33, ""closure"": 26, ""local"": 242, ""consensus"": 33}"
G06,2,UCB-Violation,3,400,1.0,0,401,inf,0.0057122091675859,375.4821177825736,102.2088786175667,0.2353088215465795,0.0,1.1124571068272893,"{""rand1"": 46, ""pbest"": 75, ""closure"": 0, ""local"": 209, ""consensus"": 30}"
G06,2,UCB-Violation,4,400,1.0,1,200,-2555.0041002886005,0.0,377.1891977875414,94.56296973373536,0.2805048380200051,0.5664077032498086,1.1031275492816743,"{""rand1"": 37, ""pbest"": 30, ""closure"": 21, ""local"": 238, ""consensus"": 34}"
G06,2,UCB-Violation,5,400,1.0,0,401,inf,0.0074532235671452,376.1059374214872,102.132621041978,0.2657183701986426,0.0,0.9990303673716244,"{""rand1"": 55, ""pbest"": 40, ""closure"": 0, ""local"": 238, ""consensus"": 27}"
G06,2,UCB-Violation,6,400,1.0,1,368,-1435.565926606553,0.0,376.7705958698493,95.0770177499874,0.3075107442049616,0.0,0.9697429645000938,"{""rand1"": 28, ""pbest"": 29, ""closure"": 11, ""local"": 258, ""consensus"": 34}"
G06,2,UCB-Violation,7,400,1.0,0,401,inf,0.0043442829874701,378.6427967758928,96.4823789434792,0.2938419286840648,0.0,0.9413243674263884,"{""rand1"": 34, ""pbest"": 30, ""closure"": 0, ""local"": 251, ""consensus"": 45}"
G06,2,UCB-Violation,8,400,1.0,1,280,-3773.899639164968,0.0,374.6963735761397,91.22673688659025,0.2927814705792787,0.4276639624008044,1.0895598857483588,"{""rand1"": 34, ""pbest"": 31, ""closure"": 23, ""local"": 241, ""consensus"": 31}"
G06,2,UCB-Violation,9,400,1.0,1,96,-1523.8508788340996,0.0,377.42200569141846,72.58720612002625,0.2731211962056893,0.0,1.1300081646348925,"{""rand1"": 26, ""pbest"": 34, ""closure"": 30, ""local"": 234, ""consensus"": 36}"
G06,2,UCB-Violation,10,400,1.0,1,221,-3481.348528965194,0.0,379.0925819775878,94.69736555181896,0.2518391947951456,0.1038625670204617,1.202910840600735,"{""rand1"": 30, ""pbest"": 39, ""closure"": 26, ""local"": 219, ""consensus"": 46}"
G06,2,UCB-Violation,11,400,1.0,0,401,inf,0.004664203113779,375.6076998602038,92.25220674433298,0.2034535511606723,0.0,1.1431095531159403,"{""rand1"": 28, ""pbest"": 134, ""closure"": 0, ""local"": 165, ""consensus"": 33}"
G06,2,UCB-Violation,12,400,1.0,1,287,-2052.2124629255,0.0,375.4988924667289,102.5859648658579,0.2426960753585182,0.337221431958274,1.192171817457642,"{""rand1"": 55, ""pbest"": 39, ""closure"": 22, ""local"": 218, ""consensus"": 26}"
G06,2,UCB-Violation,13,400,1.0,1,315,-2224.4026454026657,0.0,375.4290413889144,98.97779663114794,0.300135685794905,0.0,1.0217936933089031,"{""rand1"": 30, ""pbest"": 31, ""closure"": 19, ""local"": 252, ""consensus"": 28}"
G06,2,UCB-Violation,14,400,1.0,1,191,-1935.4397860345775,0.0,377.0503210319806,90.57945840574844,0.2785689332331956,0.1774811248495459,1.106496444447799,"{""rand1"": 34, ""pbest"": 29, ""closure"": 24, ""local"": 238, ""consensus"": 35}"
G06,2,UCB-Violation,15,400,1.0,0,401,inf,0.0021404498938026,382.5677346007217,100.69386728491412,0.1360544223491163,0.0,1.308404830205828,"{""rand1"": 143, ""pbest"": 57, ""closure"": 0, ""local"": 103, ""consensus"": 57}"
G06,2,UCB-Violation,16,400,1.0,0,401,inf,0.0177220963919889,378.37663295656375,94.50393502199644,0.2359308072687724,0.0,1.118820597437694,"{""rand1"": 76, ""pbest"": 34, ""closure"": 0, ""local"": 208, ""consensus"": 42}"
G06,2,UCB-Violation,17,400,1.0,0,401,inf,0.0019693339606028,387.6798818617097,92.8912484301222,0.2371500703151353,0.0,1.094611366830352,"{""rand1"": 34, ""pbest"": 33, ""closure"": 0, ""local"": 210, ""consensus"": 83}"
G06,2,UCB-Violation,18,400,1.0,0,401,inf,0.0073316048387641,375.2147618679125,96.86644472722423,0.3037864068012691,0.0,0.9153067534109184,"{""rand1"": 32, ""pbest"": 42, ""closure"": 0, ""local"": 256, ""consensus"": 30}"
G06,2,UCB-Violation,19,400,1.0,1,146,-6427.084194773004,0.0,388.596990052132,79.16040392418716,0.2188826881942715,0.346996027429464,1.2397095326588343,"{""rand1"": 28, ""pbest"": 26, ""closure"": 24, ""local"": 197, ""consensus"": 85}"
G06,2,UCB-Violation,20,400,1.0,1,274,-6659.4200575277,0.0,390.78884263433,90.14771168043552,0.2143384791734436,0.3008352482036692,1.2192837176402436,"{""rand1"": 30, ""pbest"": 25, ""closure"": 16, ""local"": 192, ""consensus"": 97}"
G06,2,UCB-Violation,21,400,1.0,0,401,inf,0.0003460411129065,375.9194276388999,95.00062622702458,0.3031484693647148,0.0,0.9237482023841604,"{""rand1"": 33, ""pbest"": 37, ""closure"": 0, ""local"": 255, ""consensus"": 35}"
G06,2,UCB-Violation,22,400,1.0,1,256,-6274.639626562822,0.0,380.3957592399567,94.8942453097149,0.2080255464141887,0.2465295254768939,1.2969359370900575,"{""rand1"": 69, ""pbest"": 33, ""closure"": 18, ""local"": 190, ""consensus"": 50}"
G06,2,UCB-Violation,23,400,1.0,0,401,inf,0.0039881943585796,376.4207760142517,96.2602442117769,0.3036752744607569,0.0,0.92301857809332,"{""rand1"": 38, ""pbest"": 31, ""closure"": 0, ""local"": 255, ""consensus"": 36}"
G06,2,UCB-Violation,24,400,1.0,1,304,-4347.6201290094095,0.0,374.7012472820222,96.92893825783604,0.3032133362990931,0.0693219535324798,1.0300964244964064,"{""rand1"": 29, ""pbest"": 29, ""closure"": 21, ""local"": 251, ""consensus"": 30}"
G06,2,UCB-Violation,25,400,1.0,1,311,-5553.492596334165,0.0,382.18959886522526,88.65439144171117,0.2370252210836702,0.0,1.173639261923486,"{""rand1"": 26, ""pbest"": 217, ""closure"": 14, ""local"": 43, ""consensus"": 60}"
G06,2,UCB-Violation,26,400,1.0,1,306,-2180.845991758189,0.0,378.6603479658808,95.30925524224104,0.2800308374459138,0.313079476237371,1.10615533793515,"{""rand1"": 28, ""pbest"": 36, ""closure"": 18, ""local"": 236, ""consensus"": 42}"
G06,2,UCB-Violation,27,400,1.0,1,234,-2045.11920798731,0.0,374.621468509456,94.30786942601576,0.2974069046870018,0.2523507312980997,1.048998151306987,"{""rand1"": 34, ""pbest"": 26, ""closure"": 26, ""local"": 248, ""consensus"": 26}"
G06,2,UCB-Violation,28,400,1.0,0,401,inf,0.0026765305734669,376.3160843106357,106.05485490188644,0.2680879388617806,0.0,0.98840059333787,"{""rand1"": 28, ""pbest"": 63, ""closure"": 0, ""local"": 238, ""consensus"": 31}"
G06,2,UCB-Violation,29,400,1.0,1,365,-1757.5471341920932,0.0,390.1415944976029,93.96388653812552,0.2003574583546761,0.0,1.2374524458258491,"{""rand1"": 28, ""pbest"": 184, ""closure"": 6, ""local"": 53, ""consensus"": 89}"
G08,2,DCAS,0,400,1.0,1,63,-0.0951007589676075,0.0,383.4146423090058,41.219319424149575,0.0208857658518758,0.1746822066822067,1.602818727667941,"{""rand1"": 72, ""pbest"": 78, ""closure"": 62, ""local"": 84, ""consensus"": 64}"
G08,2,DCAS,1,400,1.0,1,9,-0.0880708728184715,0.0,381.5455166419745,52.56907386308182,0.0520296942874305,0.3567106113700541,1.583942430764195,"{""rand1"": 68, ""pbest"": 63, ""closure"": 67, ""local"": 105, ""consensus"": 57}"
G08,2,DCAS,2,400,1.0,1,83,-0.0952842244153303,0.0,380.33624624560633,51.61553103318372,0.0544991605980522,0.4240264998159735,1.5717855805370586,"{""rand1"": 65, ""pbest"": 64, ""closure"": 67, ""local"": 112, ""consensus"": 52}"
G08,2,DCAS,3,400,1.0,1,56,-0.0950728028084916,0.0,380.79318505601714,69.63450426028986,0.0462924125849274,0.1188961038961039,1.571057716097344,"{""rand1"": 86, ""pbest"": 46, ""closure"": 77, ""local"": 98, ""consensus"": 53}"
G08,2,DCAS,4,400,1.0,1,34,-0.0908995692432205,0.0,378.199524583126,72.61973554484837,0.0628394087886782,0.1724675324675325,1.533167550352798,"{""rand1"": 59, ""pbest"": 55, ""closure"": 76, ""local"": 127, ""consensus"": 43}"
G08,2,DCAS,5,400,1.0,1,58,-0.0938279254449619,0.0,378.57518689882585,80.09011216518388,0.0688927829946753,0.5415384615384615,1.5143797321729386,"{""rand1"": 57, ""pbest"": 58, ""closure"": 64, ""local"": 138, ""consensus"": 43}"
G08,2,DCAS,6,400,1.0,1,15,-0.0860738491406899,0.0,380.4411438428126,49.54221037969705,0.0314904715457821,0.0901435406698564,1.5979854502116388,"{""rand1"": 68, ""pbest"": 85, ""closure"": 73, ""local"": 80, ""consensus"": 54}"
G08,2,DCAS,7,400,1.0,1,81,-0.0936424127318815,0.0,381.1930061264207,53.17795841724956,0.0309521636928703,0.2778418588635306,1.587785983205734,"{""rand1"": 79, ""pbest"": 69, ""closure"": 62, ""local"": 97, ""consensus"": 53}"
G08,2,DCAS,8,400,1.0,1,17,-0.09537996085084,0.0,377.80775658441775,83.29908272732882,0.0642516340523567,0.1864935064935065,1.5235310856585114,"{""rand1"": 79, ""pbest"": 53, ""closure"": 55, ""local"": 130, ""consensus"": 43}"
G08,2,DCAS,9,400,1.0,1,49,-0.0907770004352995,0.0,380.03419363614506,68.31229704486775,0.0515332076124795,0.2069513095600052,1.5400926172753533,"{""rand1"": 79, ""pbest"": 56, ""closure"": 53, ""local"": 124, ""consensus"": 48}"
G08,2,DCAS,10,400,1.0,1,80,-0.0889388254237753,0.0,381.21355576131685,55.75983359183756,0.0450927321927582,0.1983551639279193,1.5561780680886976,"{""rand1"": 70, ""pbest"": 67, ""closure"": 51, ""local"": 119, ""consensus"": 53}"
G08,2,DCAS,11,400,1.0,1,51,-0.0948878597899808,0.0,379.8148523652184,55.66368874202384,0.0414727579859083,0.3196303696303696,1.579827074707715,"{""rand1"": 81, ""pbest"": 58, ""closure"": 69, ""local"": 101, ""consensus"": 51}"
G08,2,DCAS,12,400,1.0,1,43,-0.094011996608956,0.0,383.33940676627344,50.83841479013856,0.0283860091361389,0.1025368233417769,1.5942268810258982,"{""rand1"": 70, ""pbest"": 61, ""closure"": 69, ""local"": 97, ""consensus"": 63}"
G08,2,DCAS,13,400,1.0,1,47,-0.0957947809372747,0.0,379.4141271815971,58.29146900942443,0.0406065092092806,0.1220855614973262,1.5818707547719733,"{""rand1"": 73, ""pbest"": 68, ""closure"": 72, ""local"": 100, ""consensus"": 47}"
G08,2,DCAS,14,400,1.0,1,91,-0.0904971117502596,0.0,384.3405501712169,52.53217201089495,0.0510510372365055,0.1436957779063042,1.558366878881405,"{""rand1"": 79, ""pbest"": 56, ""closure"": 46, ""local"": 114, ""consensus"": 65}"
G08,2,DCAS,15,400,1.0,1,85,-0.0913134110540537,0.0,380.58387797856255,58.211354531418415,0.0387794278588605,0.1335566188197767,1.5798704721375472,"{""rand1"": 72, ""pbest"": 74, ""closure"": 55, ""local"": 104, ""consensus"": 55}"
G08,2,DCAS,16,400,1.0,1,13,-0.0909537778894909,0.0,379.28142894582027,60.85891377183363,0.0292916656192831,0.1162907268170426,1.5897325199835683,"{""rand1"": 79, ""pbest"": 71, ""closure"": 69, ""local"": 92, ""consensus"": 49}"
G08,2,DCAS,17,400,1.0,1,11,-0.0944490058786083,0.0,382.97973325891104,53.14601859995584,0.033519886456629,0.2297402597402597,1.5892822466180072,"{""rand1"": 65, ""pbest"": 59, ""closure"": 71, ""local"": 101, ""consensus"": 64}"
G08,2,DCAS,18,400,1.0,1,152,-0.0953815017892966,0.0,382.057574158411,52.08970286491763,0.0660481893421195,0.0657416267942583,1.5420728406709647,"{""rand1"": 85, ""pbest"": 57, ""closure"": 41, ""local"": 118, ""consensus"": 59}"
G08,2,DCAS,19,400,1.0,1,90,-0.0942393330680405,0.0,384.395977948053,33.61329640963449,0.0301064572785941,0.2015174467476257,1.596239728594071,"{""rand1"": 72, ""pbest"": 65, ""closure"": 61, ""local"": 95, ""consensus"": 67}"
G08,2,DCAS,20,400,1.0,1,16,-0.0954832796937034,0.0,382.4499809738505,52.0333248228712,0.0377989649037643,0.3518847818847819,1.5900257383366951,"{""rand1"": 71, ""pbest"": 77, ""closure"": 54, ""local"": 96, ""consensus"": 62}"
G08,2,DCAS,21,400,1.0,1,53,-0.0954059591864092,0.0,379.0653819145739,58.30481936253453,0.0569084616393166,0.2220562770562771,1.561467376977171,"{""rand1"": 68, ""pbest"": 70, ""closure"": 61, ""local"": 115, ""consensus"": 46}"
G08,2,DCAS,22,400,1.0,1,70,-0.0903581422093734,0.0,380.6204569563774,54.96832643364265,0.0378572282814759,0.2097502497502497,1.5831165456744964,"{""rand1"": 86, ""pbest"": 64, ""closure"": 60, ""local"": 97, ""consensus"": 53}"
G08,2,DCAS,23,400,1.0,1,66,-0.0941403031292447,0.0,379.9666792549848,46.12569322449871,0.0342085146953117,0.2012248535777947,1.5949210878059836,"{""rand1"": 80, ""pbest"": 76, ""closure"": 64, ""local"": 87, ""consensus"": 53}"
G08,2,DCAS,24,400,1.0,1,46,-0.0943376127743086,0.0,378.1638840024468,74.68889254205887,0.0585581209242454,0.1643290043290043,1.5456474283184651,"{""rand1"": 91, ""pbest"": 49, ""closure"": 62, ""local"": 113, ""consensus"": 45}"
G08,2,DCAS,25,400,1.0,1,72,-0.0936624819611077,0.0,381.7895286301198,53.91282414729657,0.033125384498863,0.4441456582633052,1.5774190396989978,"{""rand1"": 62, ""pbest"": 66, ""closure"": 64, ""local"": 110, ""consensus"": 58}"
G08,2,DCAS,26,400,1.0,1,77,-0.0928798512888142,0.0,381.2302280744775,42.91081350313304,0.0361134430677902,0.1005915704074272,1.5900076609084028,"{""rand1"": 73, ""pbest"": 81, ""closure"": 58, ""local"": 93, ""consensus"": 55}"
G08,2,DCAS,27,400,1.0,1,57,-0.0778949897240267,0.0,380.39639056672826,61.45169939264904,0.0557996760819019,0.0430303030303031,1.5382134329282986,"{""rand1"": 64, ""pbest"": 64, ""closure"": 52, ""local"": 129, ""consensus"": 51}"
G08,2,DCAS,28,400,1.0,1,11,-0.0955050615031259,0.0,381.0969797118637,63.3671620512377,0.0512962921960988,0.1625609478241057,1.5759184365878771,"{""rand1"": 100, ""pbest"": 60, ""closure"": 62, ""local"": 88, ""consensus"": 50}"
G08,2,DCAS,29,400,1.0,1,43,-0.0951611475760856,0.0,378.5723863759147,68.68855241629227,0.0533492225770914,0.2752380952380952,1.5667348346355263,"{""rand1"": 67, ""pbest"": 74, ""closure"": 62, ""local"": 111, ""consensus"": 46}"
G08,2,DCAS-noClosure,0,400,1.0,1,63,-0.0950288255081937,0.0,387.2661834782454,39.18272012764657,0.103150069327733,0.1302046725204619,1.3756597854568515,"{""rand1"": 84, ""pbest"": 98, ""closure"": 0, ""local"": 106, ""consensus"": 72}"
G08,2,DCAS-noClosure,1,400,1.0,1,9,-0.0954772868152158,0.0,386.4141847456742,52.08005240626709,0.1158055553359328,0.0761322053905173,1.354565677097371,"{""rand1"": 106, ""pbest"": 64, ""closure"": 0, ""local"": 118, ""consensus"": 72}"
G08,2,DCAS-noClosure,2,400,1.0,1,83,-0.0950942297112802,0.0,386.1184484898977,40.82214653487416,0.1085312152546365,0.165416028759682,1.3671235313126162,"{""rand1"": 87, ""pbest"": 84, ""closure"": 0, ""local"": 119, ""consensus"": 70}"
G08,2,DCAS-noClosure,3,400,1.0,1,56,-0.0901011547071497,0.0,384.2324865203247,50.10611286772283,0.1084801338007198,0.1690909090909091,1.358827651451709,"{""rand1"": 83, ""pbest"": 88, ""closure"": 0, ""local"": 124, ""consensus"": 65}"
G08,2,DCAS-noClosure,4,400,1.0,1,34,-0.0914685894391234,0.0,383.9822787923972,58.07651533965464,0.11631761830223,0.470104405398523,1.3531847699574198,"{""rand1"": 90, ""pbest"": 77, ""closure"": 0, ""local"": 128, ""consensus"": 65}"
G08,2,DCAS-noClosure,5,400,1.0,1,58,-0.086458075157147,0.0,385.8016493008101,55.56362785012953,0.1135949059145421,0.1084456655203728,1.345629811333945,"{""rand1"": 78, ""pbest"": 77, ""closure"": 0, ""local"": 136, ""consensus"": 69}"
G08,2,DCAS-noClosure,6,400,1.0,1,15,-0.0861007643504975,0.0,383.2433351756876,64.21494823687645,0.1099925048202101,0.2066298918472831,1.351319294575374,"{""rand1"": 97, ""pbest"": 77, ""closure"": 0, ""local"": 125, ""consensus"": 61}"
G08,2,DCAS-noClosure,7,400,1.0,1,81,-0.0862063349734075,0.0,383.069129719806,62.76437228178902,0.1155679963197693,0.4138808559861192,1.3331011690212224,"{""rand1"": 91, ""pbest"": 76, ""closure"": 0, ""local"": 137, ""consensus"": 56}"
G08,2,DCAS-noClosure,8,400,1.0,1,17,-0.0931452102475784,0.0,381.8591115718456,65.37433327814753,0.1196481444489491,0.2895949148890325,1.3174861271666545,"{""rand1"": 77, ""pbest"": 76, ""closure"": 0, ""local"": 149, ""consensus"": 58}"
G08,2,DCAS-noClosure,9,400,1.0,1,49,-0.0935874831942173,0.0,383.96238955055605,62.38932694201747,0.1155264824299466,0.2312648221343874,1.3321286799776877,"{""rand1"": 92, ""pbest"": 66, ""closure"": 0, ""local"": 139, ""consensus"": 63}"
G08,2,DCAS-noClosure,10,400,1.0,1,80,-0.0927073483958713,0.0,385.1384058884116,52.11137746227648,0.1086721761260586,0.0685930735930736,1.356530275485491,"{""rand1"": 79, ""pbest"": 87, ""closure"": 0, ""local"": 127, ""consensus"": 67}"
G08,2,DCAS-noClosure,11,400,1.0,1,51,-0.0946276538738986,0.0,385.7247770110685,46.68625419527616,0.1048582494976798,0.1013325029616589,1.3702770039111811,"{""rand1"": 85, ""pbest"": 88, ""closure"": 0, ""local"": 116, ""consensus"": 71}"
G08,2,DCAS-noClosure,12,400,1.0,1,43,-0.0764515412385934,0.0,384.7905850863681,68.2081931673644,0.1110909302284252,0.086017316017316,1.337410052271682,"{""rand1"": 88, ""pbest"": 70, ""closure"": 0, ""local"": 138, ""consensus"": 64}"
G08,2,DCAS-noClosure,13,400,1.0,1,47,-0.0957777282009691,0.0,385.67843275361855,44.25530274207592,0.104101905872785,0.1209385000963948,1.3737806380760529,"{""rand1"": 101, ""pbest"": 88, ""closure"": 0, ""local"": 103, ""consensus"": 68}"
G08,2,DCAS-noClosure,14,400,1.0,1,91,-0.094121405546391,0.0,388.344365872891,36.16245185497086,0.1035530964008127,0.1525148844963086,1.3822699228162725,"{""rand1"": 97, ""pbest"": 90, ""closure"": 0, ""local"": 96, ""consensus"": 77}"
G08,2,DCAS-noClosure,15,400,1.0,1,85,-0.0860780381827377,0.0,387.82183965901856,35.951717024940855,0.1025921981459433,0.1685676937441643,1.3821652190902824,"{""rand1"": 93, ""pbest"": 84, ""closure"": 0, ""local"": 102, ""consensus"": 81}"
G08,2,DCAS-noClosure,16,400,1.0,1,13,-0.087928500149006,0.0,383.9645688787096,58.15306975323717,0.1146034702935688,0.251126345274952,1.3431317407954828,"{""rand1"": 95, ""pbest"": 69, ""closure"": 0, ""local"": 132, ""consensus"": 64}"
G08,2,DCAS-noClosure,17,400,1.0,1,11,-0.095722649855505,0.0,387.3335410031499,41.7294409158371,0.1034825626036205,0.0324904507257447,1.380910217482188,"{""rand1"": 84, ""pbest"": 88, ""closure"": 0, ""local"": 106, ""consensus"": 82}"
G08,2,DCAS-noClosure,18,400,1.0,1,152,-0.0958031981866923,0.0,385.91813549815214,41.76545299785214,0.1103999788072934,0.0573222429744168,1.3628014025301975,"{""rand1"": 74, ""pbest"": 89, ""closure"": 0, ""local"": 123, ""consensus"": 74}"
G08,2,DCAS-noClosure,19,400,1.0,1,90,-0.0937097363156689,0.0,386.7956532980659,46.02786257794612,0.1143949954309872,0.1147252747252747,1.3575939408845858,"{""rand1"": 84, ""pbest"": 73, ""closure"": 0, ""local"": 128, ""consensus"": 75}"
G08,2,DCAS-noClosure,20,400,1.0,1,16,-0.0942877443407333,0.0,387.9019294618572,38.70179439880488,0.1024943689265982,0.0922768459610564,1.3834028451810485,"{""rand1"": 89, ""pbest"": 88, ""closure"": 0, ""local"": 101, ""consensus"": 82}"
G08,2,DCAS-noClosure,21,400,1.0,1,53,-0.0903153039828229,0.0,381.580177105544,73.84147364853452,0.1227948764428287,0.1350877192982456,1.317534281603013,"{""rand1"": 105, ""pbest"": 66, ""closure"": 0, ""local"": 137, ""consensus"": 52}"
G08,2,DCAS-noClosure,22,400,1.0,1,70,-0.0746567924360752,0.0,384.3616606191878,48.30232333686908,0.1082214518744584,0.1241496047811837,1.357455200885987,"{""rand1"": 86, ""pbest"": 82, ""closure"": 0, ""local"": 126, ""consensus"": 66}"
G08,2,DCAS-noClosure,23,400,1.0,1,66,-0.0935365230322785,0.0,385.01853737128926,50.40816480584443,0.1173846193933227,0.2005783689994216,1.352100799579428,"{""rand1"": 85, ""pbest"": 75, ""closure"": 0, ""local"": 131, ""consensus"": 69}"
G08,2,DCAS-noClosure,24,400,1.0,1,46,-0.0923576314650109,0.0,385.3157543017312,50.71900764598108,0.1127321585916412,0.2009922283091301,1.358077114590274,"{""rand1"": 91, ""pbest"": 76, ""closure"": 0, ""local"": 125, ""consensus"": 68}"
G08,2,DCAS-noClosure,25,400,1.0,1,72,-0.0911319381656008,0.0,384.76035053200025,55.0733188507746,0.1086852599091024,0.0719264069264069,1.3538613287472498,"{""rand1"": 97, ""pbest"": 70, ""closure"": 0, ""local"": 125, ""consensus"": 68}"
G08,2,DCAS-noClosure,26,400,1.0,1,77,-0.0957116675576655,0.0,382.9401691516657,75.9314385895033,0.1208102911463882,0.143342972816657,1.3007032636483555,"{""rand1"": 85, ""pbest"": 62, ""closure"": 0, ""local"": 155, ""consensus"": 58}"
G08,2,DCAS-noClosure,27,400,1.0,1,57,-0.0933181031558456,0.0,387.602481002365,44.71816957859426,0.1038403937375053,0.169704475091472,1.3809772816966133,"{""rand1"": 99, ""pbest"": 84, ""closure"": 0, ""local"": 99, ""consensus"": 78}"
G08,2,DCAS-noClosure,28,400,1.0,1,11,-0.0697586848116583,0.0,385.0337414286285,56.38363892596042,0.109612318651113,0.0430899382844462,1.3518751004109424,"{""rand1"": 85, ""pbest"": 83, ""closure"": 0, ""local"": 129, ""consensus"": 63}"
G08,2,DCAS-noClosure,29,400,1.0,1,43,-0.0935734152984937,0.0,388.797147070962,39.347559758212434,0.1037600829992174,0.1342702911123964,1.3836970239210404,"{""rand1"": 89, ""pbest"": 85, ""closure"": 0, ""local"": 101, ""consensus"": 85}"
G08,2,DCAS-stationary,0,400,1.0,1,101,-0.0956697776002326,0.0,377.5047905803252,55.02439194759062,0.0917340894465026,0.0711904761904761,1.4316665812401588,"{""rand1"": 75, ""pbest"": 36, ""closure"": 51, ""local"": 160, ""consensus"": 38}"
G08,2,DCAS-stationary,1,400,1.0,1,9,-0.0940404234196015,0.0,373.956728758191,58.14196856661103,0.1303662338377769,0.2533066933066933,1.4137623817092968,"{""rand1"": 80, ""pbest"": 34, ""closure"": 65, ""local"": 156, ""consensus"": 25}"
G08,2,DCAS-stationary,2,400,1.0,1,59,-0.0949587308387806,0.0,374.92083101100894,58.59937660669003,0.0895498745829643,0.1290909090909091,1.4017676952139668,"{""rand1"": 172, ""pbest"": 40, ""closure"": 63, ""local"": 51, ""consensus"": 34}"
G08,2,DCAS-stationary,3,400,1.0,1,63,-0.0941261777691073,0.0,376.35457478408176,57.729238454613295,0.0945198455139598,0.0777922077922077,1.4717569770651433,"{""rand1"": 52, ""pbest"": 37, ""closure"": 97, ""local"": 136, ""consensus"": 38}"
G08,2,DCAS-stationary,4,400,1.0,1,34,-0.0940304310609923,0.0,375.6767352366448,65.95566628813495,0.0990126008351419,0.3932072262103222,1.4326237792240586,"{""rand1"": 41, ""pbest"": 42, ""closure"": 91, ""local"": 152, ""consensus"": 34}"
G08,2,DCAS-stationary,5,400,1.0,1,86,-0.094483971865434,0.0,376.91665513851694,59.35335721836439,0.1037396835046163,0.0549050949050948,1.4714469218707635,"{""rand1"": 122, ""pbest"": 47, ""closure"": 40, ""local"": 115, ""consensus"": 36}"
G08,2,DCAS-stationary,6,400,1.0,1,15,-0.0912730350405065,0.0,374.3890095633548,72.79060971673307,0.1176063253097404,0.0342857142857142,1.377881827008998,"{""rand1"": 150, ""pbest"": 30, ""closure"": 40, ""local"": 112, ""consensus"": 28}"
G08,2,DCAS-stationary,7,400,1.0,1,55,-0.0913384121374454,0.0,373.738331498016,71.29777086366884,0.1499189179866859,0.1026470588235294,1.2758561599541234,"{""rand1"": 172, ""pbest"": 24, ""closure"": 28, ""local"": 112, ""consensus"": 24}"
G08,2,DCAS-stationary,8,400,1.0,1,17,-0.0869211204580663,0.0,372.67682367022985,68.66996908841338,0.1144803875992975,0.0733333333333334,1.3044045546214411,"{""rand1"": 193, ""pbest"": 34, ""closure"": 48, ""local"": 62, ""consensus"": 23}"
G08,2,DCAS-stationary,9,400,1.0,1,49,-0.0931734506950729,0.0,375.8187270790932,55.73241421868979,0.116386157650884,0.1696603396603396,1.3639150555525752,"{""rand1"": 46, ""pbest"": 48, ""closure"": 50, ""local"": 184, ""consensus"": 32}"
G08,2,DCAS-stationary,10,400,1.0,1,80,-0.0928506554645178,0.0,374.7784264779104,87.03007262825136,0.1408529325896485,0.1314485514485514,1.2067573675390284,"{""rand1"": 35, ""pbest"": 42, ""closure"": 38, ""local"": 219, ""consensus"": 26}"
G08,2,DCAS-stationary,11,400,1.0,1,51,-0.0923723007553635,0.0,375.8143448212632,49.9234378084602,0.1321194511932995,0.2247513889619152,1.3620181057968348,"{""rand1"": 69, ""pbest"": 34, ""closure"": 44, ""local"": 180, ""consensus"": 33}"
G08,2,DCAS-stationary,12,400,1.0,1,43,-0.0916428091005364,0.0,379.7522054154233,41.22876133883795,0.0560220249515999,0.1839730516712613,1.5526577598626392,"{""rand1"": 45, ""pbest"": 93, ""closure"": 66, ""local"": 107, ""consensus"": 49}"
G08,2,DCAS-stationary,13,400,1.0,1,47,-0.0796257361806666,0.0,374.8047431445836,69.04868074080919,0.076393797145226,0.1258008658008657,1.475810348788493,"{""rand1"": 106, ""pbest"": 43, ""closure"": 61, ""local"": 123, ""consensus"": 27}"
G08,2,DCAS-stationary,14,400,1.0,1,110,-0.0763858860923896,0.0,375.3002529664103,57.02751406730512,0.0898646290302452,0.2013292589763177,1.4099465374958742,"{""rand1"": 56, ""pbest"": 62, ""closure"": 49, ""local"": 167, ""consensus"": 26}"
G08,2,DCAS-stationary,15,400,1.0,1,47,-0.0926581792659123,0.0,373.90023860122153,80.01712410533811,0.1321818050443221,0.3003296703296703,1.2322806300199551,"{""rand1"": 47, ""pbest"": 35, ""closure"": 40, ""local"": 213, ""consensus"": 25}"
G08,2,DCAS-stationary,16,400,1.0,1,13,-0.0943047404601577,0.0,379.7858011791589,52.79038928163959,0.0444572235076127,0.0671172305954914,1.5215696172924047,"{""rand1"": 51, ""pbest"": 70, ""closure"": 55, ""local"": 135, ""consensus"": 49}"
G08,2,DCAS-stationary,17,400,1.0,1,11,-0.0957657115059127,0.0,373.9741043129827,71.74633606154418,0.1353681821736276,0.1607092907092907,1.2211378175428294,"{""rand1"": 39, ""pbest"": 36, ""closure"": 43, ""local"": 216, ""consensus"": 26}"
G08,2,DCAS-stationary,18,400,1.0,1,88,-0.0904963853179603,0.0,372.01332537953584,84.04530147372716,0.170460064409671,0.0557142857142856,1.1131321952093371,"{""rand1"": 35, ""pbest"": 38, ""closure"": 35, ""local"": 235, ""consensus"": 17}"
G08,2,DCAS-stationary,19,400,1.0,1,70,-0.0945397667252502,0.0,375.095476285331,43.265161889258046,0.1032263529575295,0.2071579400991165,1.4681462314205225,"{""rand1"": 49, ""pbest"": 46, ""closure"": 91, ""local"": 141, ""consensus"": 33}"
G08,2,DCAS-stationary,20,400,1.0,1,16,-0.0839454630265479,0.0,374.7930778000211,57.55959021185824,0.1052026042308142,0.2453246753246754,1.3803094858904092,"{""rand1"": 52, ""pbest"": 34, ""closure"": 65, ""local"": 176, ""consensus"": 33}"
G08,2,DCAS-stationary,21,400,1.0,1,59,-0.0845450568932791,0.0,374.5847243974008,73.50719045101529,0.1134445829760698,0.1391608391608391,1.3249616597729488,"{""rand1"": 185, ""pbest"": 25, ""closure"": 72, ""local"": 48, ""consensus"": 30}"
G08,2,DCAS-stationary,22,400,1.0,1,68,-0.0916371646463685,0.0,376.63873769369246,68.01359470997994,0.1064730112464194,0.3713186813186812,1.3233649287013758,"{""rand1"": 46, ""pbest"": 34, ""closure"": 50, ""local"": 194, ""consensus"": 36}"
G08,2,DCAS-stationary,23,400,1.0,1,82,-0.089789870680696,0.0,377.1906840806224,62.68634220707819,0.0729424538246628,0.4128733031674209,1.464002114688921,"{""rand1"": 71, ""pbest"": 35, ""closure"": 63, ""local"": 150, ""consensus"": 41}"
G08,2,DCAS-stationary,24,400,1.0,1,46,-0.09483428819341,0.0,375.3251102782183,60.965738168164506,0.0995366782625777,0.3255193825782062,1.3885237763892313,"{""rand1"": 51, ""pbest"": 40, ""closure"": 60, ""local"": 176, ""consensus"": 33}"
G08,2,DCAS-stationary,25,400,1.0,1,60,-0.0924234112614005,0.0,376.7306871571412,59.53640965987077,0.1113817233987686,0.178001998001998,1.305925382618606,"{""rand1"": 52, ""pbest"": 35, ""closure"": 39, ""local"": 198, ""consensus"": 36}"
G08,2,DCAS-stationary,26,400,1.0,1,70,-0.0937887549597976,0.0,375.6765954600865,108.10299134591143,0.1580530755192465,0.113966033966034,1.1525292362774078,"{""rand1"": 24, ""pbest"": 31, ""closure"": 48, ""local"": 228, ""consensus"": 29}"
G08,2,DCAS-stationary,27,400,1.0,1,50,-0.0924418328858966,0.0,374.7344110847748,67.71305268950438,0.1104176936926683,0.348699556377575,1.3172067935992349,"{""rand1"": 43, ""pbest"": 39, ""closure"": 58, ""local"": 193, ""consensus"": 27}"
G08,2,DCAS-stationary,28,400,1.0,1,11,-0.0899963178397438,0.0,373.35790893310553,99.15947039230832,0.1594234882769328,0.2234565434565435,1.1486213702386774,"{""rand1"": 31, ""pbest"": 29, ""closure"": 55, ""local"": 226, ""consensus"": 19}"
G08,2,DCAS-stationary,29,400,1.0,1,43,-0.0832890958115448,0.0,375.6643438424134,55.15997369385226,0.1110990183443142,0.1838261738261738,1.4117226434233752,"{""rand1"": 48, ""pbest"": 52, ""closure"": 58, ""local"": 170, ""consensus"": 32}"
G08,2,DE-EPS,0,400,1.0,1,80,-0.062093685145641,0.0,400.0,0.0,0.0,0.0,0.0,{}
G08,2,DE-EPS,1,400,1.0,1,9,-0.0329753303330155,0.0,400.0,0.0,0.0,0.0,0.0,{}
G08,2,DE-EPS,2,400,1.0,1,169,-0.0517992632762703,0.0,400.0,0.0,0.0,0.0,0.0,{}
G08,2,DE-EPS,3,400,1.0,1,44,-0.0753355276231006,0.0,400.0,0.0,0.0,0.0,0.0,{}
G08,2,DE-EPS,4,400,1.0,1,34,-0.0256431873017678,0.0,400.0,0.0,0.0,0.0,0.0,{}
G08,2,DE-EPS,5,400,1.0,1,241,-0.0441903843412373,0.0,400.0,0.0,0.0,0.0,0.0,{}
G08,2,DE-EPS,6,400,1.0,1,15,-0.0205755288089311,0.0,400.0,0.0,0.0,0.0,0.0,{}
G08,2,DE-EPS,7,400,1.0,1,97,0.0210033947868082,0.0,400.0,0.0,0.0,0.0,0.0,{}
G08,2,DE-EPS,8,400,1.0,1,17,-0.0543087038265458,0.0,400.0,0.0,0.0,0.0,0.0,{}
G08,2,DE-EPS,9,400,1.0,1,165,-0.0150186671791705,0.0,400.0,0.0,0.0,0.0,0.0,{}
G08,2,DE-EPS,10,400,1.0,1,318,-0.0100914802353983,0.0,400.0,0.0,0.0,0.0,0.0,{}
G08,2,DE-EPS,11,400,1.0,1,120,-0.023109880249589,0.0,400.0,0.0,0.0,0.0,0.0,{}
G08,2,DE-EPS,12,400,1.0,0,73,inf,0.0021698668325526,400.0,0.0,0.0,0.0,0.0,{}
G08,2,DE-EPS,13,400,1.0,1,232,0.0184118558997088,0.0,400.0,0.0,0.0,0.0,0.0,{}
G08,2,DE-EPS,14,400,1.0,1,165,-0.0284499913497037,0.0,400.0,0.0,0.0,0.0,0.0,{}
G08,2,DE-EPS,15,400,1.0,1,167,-0.0670695587999708,0.0,400.0,0.0,0.0,0.0,0.0,{}
G08,2,DE-EPS,16,400,1.0,1,13,-0.0122583466420263,0.0,400.0,0.0,0.0,0.0,0.0,{}
G08,2,DE-EPS,17,400,1.0,1,11,0.0018865325217835,0.0,400.0,0.0,0.0,0.0,0.0,{}
G08,2,DE-EPS,18,400,1.0,1,145,-0.0150890128374646,0.0,400.0,0.0,0.0,0.0,0.0,{}
G08,2,DE-EPS,19,400,1.0,1,209,-0.0218328159929244,0.0,400.0,0.0,0.0,0.0,0.0,{}
G08,2,DE-EPS,20,400,1.0,1,16,-0.0438535740190822,0.0,400.0,0.0,0.0,0.0,0.0,{}
G08,2,DE-EPS,21,400,1.0,1,145,-0.0188381430738297,0.0,400.0,0.0,0.0,0.0,0.0,{}
G08,2,DE-EPS,22,400,1.0,1,75,-0.0923099938887821,0.0,400.0,0.0,0.0,0.0,0.0,{}
G08,2,DE-EPS,23,400,1.0,1,141,-0.011295977070152,0.0,400.0,0.0,0.0,0.0,0.0,{}
G08,2,DE-EPS,24,400,1.0,1,90,-0.0123610026101499,0.0,400.0,0.0,0.0,0.0,0.0,{}
G08,2,DE-EPS,25,400,1.0,1,146,-0.0038702792834398,0.0,400.0,0.0,0.0,0.0,0.0,{}
G08,2,DE-EPS,26,400,1.0,1,319,-0.0759558376260574,0.0,400.0,0.0,0.0,0.0,0.0,{}
G08,2,DE-EPS,27,400,1.0,1,70,-0.050543212203647,0.0,400.0,0.0,0.0,0.0,0.0,{}
G08,2,DE-EPS,28,400,1.0,1,11,7.146890659536303e-05,0.0,400.0,0.0,0.0,0.0,0.0,{}
G08,2,DE-EPS,29,400,1.0,1,213,-0.0131049510480569,0.0,400.0,0.0,0.0,0.0,0.0,{}
G08,2,DE-NCV,0,400,1.0,1,96,-0.0239940499041653,0.0,400.0,0.0,0.0,0.0,0.0,{}
G08,2,DE-NCV,1,400,1.0,1,9,-0.09128262752951,0.0,400.0,0.0,0.0,0.0,0.0,{}
G08,2,DE-NCV,2,400,1.0,1,161,-0.0905318906723766,0.0,400.0,0.0,0.0,0.0,0.0,{}
G08,2,DE-NCV,3,400,1.0,1,44,-0.0846212996009065,0.0,400.0,0.0,0.0,0.0,0.0,{}
G08,2,DE-NCV,4,400,1.0,1,34,-0.0804432114470666,0.0,400.0,0.0,0.0,0.0,0.0,{}
G08,2,DE-NCV,5,400,1.0,1,161,-0.0885622329037668,0.0,400.0,0.0,0.0,0.0,0.0,{}
G08,2,DE-NCV,6,400,1.0,1,15,-0.066619066939462,0.0,400.0,0.0,0.0,0.0,0.0,{}
G08,2,DE-NCV,7,400,1.0,1,133,-0.0899282526808774,0.0,400.0,0.0,0.0,0.0,0.0,{}
G08,2,DE-NCV,8,400,1.0,1,17,-0.0567518190316816,0.0,400.0,0.0,0.0,0.0,0.0,{}
G08,2,DE-NCV,9,400,1.0,1,122,-0.0864391512326048,0.0,400.0,0.0,0.0,0.0,0.0,{}
G08,2,DE-NCV,10,400,1.0,1,201,-0.0836687923721438,0.0,400.0,0.0,0.0,0.0,0.0,{}
G08,2,DE-NCV,11,400,1.0,1,113,-0.0899785402839884,0.0,400.0,0.0,0.0,0.0,0.0,{}
G08,2,DE-NCV,12,400,1.0,1,134,-0.0876869788133656,0.0,400.0,0.0,0.0,0.0,0.0,{}
G08,2,DE-NCV,13,400,1.0,1,111,-0.0762466319315347,0.0,400.0,0.0,0.0,0.0,0.0,{}
G08,2,DE-NCV,14,400,1.0,1,75,-0.0868150565318823,0.0,400.0,0.0,0.0,0.0,0.0,{}
G08,2,DE-NCV,15,400,1.0,1,83,-0.0800025839045194,0.0,400.0,0.0,0.0,0.0,0.0,{}
G08,2,DE-NCV,16,400,1.0,1,13,-0.0924195539343074,0.0,400.0,0.0,0.0,0.0,0.0,{}
G08,2,DE-NCV,17,400,1.0,1,11,-0.0872211633589701,0.0,400.0,0.0,0.0,0.0,0.0,{}
G08,2,DE-NCV,18,400,1.0,1,190,-0.0929089521048831,0.0,400.0,0.0,0.0,0.0,0.0,{}
G08,2,DE-NCV,19,400,1.0,1,137,-0.0705094614325805,0.0,400.0,0.0,0.0,0.0,0.0,{}
G08,2,DE-NCV,20,400,1.0,1,16,-0.0928335886378354,0.0,400.0,0.0,0.0,0.0,0.0,{}
G08,2,DE-NCV,21,400,1.0,1,118,-0.0900131632830301,0.0,400.0,0.0,0.0,0.0,0.0,{}
G08,2,DE-NCV,22,400,1.0,1,126,-0.0938025939430176,0.0,400.0,0.0,0.0,0.0,0.0,{}
G08,2,DE-NCV,23,400,1.0,1,124,-0.0626396177091123,0.0,400.0,0.0,0.0,0.0,0.0,{}
G08,2,DE-NCV,24,400,1.0,1,150,-0.0552180751568914,0.0,400.0,0.0,0.0,0.0,0.0,{}
G08,2,DE-NCV,25,400,1.0,1,114,-0.0628757821808029,0.0,400.0,0.0,0.0,0.0,0.0,{}
G08,2,DE-NCV,26,400,1.0,1,242,-0.0768612465546378,0.0,400.0,0.0,0.0,0.0,0.0,{}
G08,2,DE-NCV,27,400,1.0,1,171,-0.0890095394251358,0.0,400.0,0.0,0.0,0.0,0.0,{}
G08,2,DE-NCV,28,400,1.0,1,11,-0.0757049564116279,0.0,400.0,0.0,0.0,0.0,0.0,{}
G08,2,DE-NCV,29,400,1.0,1,190,-0.0941128662548549,0.0,400.0,0.0,0.0,0.0,0.0,{}
G08,2,DE-PEN,0,400,1.0,0,96,inf,0.1588965988784859,400.0,0.0,0.0,0.0,0.0,{}
G08,2,DE-PEN,1,400,1.0,0,9,inf,0.159703957319418,400.0,0.0,0.0,0.0,0.0,{}
G08,2,DE-PEN,2,400,1.0,1,229,-0.0313238440811945,0.0,400.0,0.0,0.0,0.0,0.0,{}
G08,2,DE-PEN,3,400,1.0,0,44,inf,0.1699840517595808,400.0,0.0,0.0,0.0,0.0,{}
G08,2,DE-PEN,4,400,1.0,0,34,inf,0.1640309393946556,400.0,0.0,0.0,0.0,0.0,{}
G08,2,DE-PEN,5,400,1.0,1,62,-0.0885860174116192,0.0,400.0,0.0,0.0,0.0,0.0,{}
G08,2,DE-PEN,6,400,1.0,0,15,inf,0.0002161113629818,400.0,0.0,0.0,0.0,0.0,{}
G08,2,DE-PEN,7,400,1.0,0,154,inf,0.0027617527937975,400.0,0.0,0.0,0.0,0.0,{}
G08,2,DE-PEN,8,400,1.0,0,17,inf,0.1614391621981541,400.0,0.0,0.0,0.0,0.0,{}
G08,2,DE-PEN,9,400,1.0,0,124,inf,0.1652359197402088,400.0,0.0,0.0,0.0,0.0,{}
G08,2,DE-PEN,10,400,1.0,1,201,-0.0143543984077416,0.0,400.0,0.0,0.0,0.0,0.0,{}
G08,2,DE-PEN,11,400,1.0,0,93,inf,0.1600965975342717,400.0,0.0,0.0,0.0,0.0,{}
G08,2,DE-PEN,12,400,1.0,0,73,inf,0.1584016081412024,400.0,0.0,0.0,0.0,0.0,{}
G08,2,DE-PEN,13,400,1.0,0,111,inf,0.1686476034945378,400.0,0.0,0.0,0.0,0.0,{}
G08,2,DE-PEN,14,400,1.0,0,75,inf,0.0042992720363791,400.0,0.0,0.0,0.0,0.0,{}
G08,2,DE-PEN,15,400,1.0,1,83,-0.0024507436963372,0.0,400.0,0.0,0.0,0.0,0.0,{}
G08,2,DE-PEN,16,400,1.0,0,13,inf,0.1644534078431766,400.0,0.0,0.0,0.0,0.0,{}
G08,2,DE-PEN,17,400,1.0,0,11,inf,0.1650392625804431,400.0,0.0,0.0,0.0,0.0,{}
G08,2,DE-PEN,18,400,1.0,0,136,inf,0.1597723721510071,400.0,0.0,0.0,0.0,0.0,{}
G08,2,DE-PEN,19,400,1.0,0,187,inf,0.0012077270681623,400.0,0.0,0.0,0.0,0.0,{}
G08,2,DE-PEN,20,400,1.0,1,16,-0.0256144763623552,0.0,400.0,0.0,0.0,0.0,0.0,{}
G08,2,DE-PEN,21,400,1.0,0,118,inf,0.15798489103447,400.0,0.0,0.0,0.0,0.0,{}
G08,2,DE-PEN,22,400,1.0,0,132,inf,0.1671567527450877,400.0,0.0,0.0,0.0,0.0,{}
G08,2,DE-PEN,23,400,1.0,0,200,inf,0.0149228247118195,400.0,0.0,0.0,0.0,0.0,{}
G08,2,DE-PEN,24,400,1.0,0,178,inf,0.0083315453070827,400.0,0.0,0.0,0.0,0.0,{}
G08,2,DE-PEN,25,400,1.0,1,168,-0.0584590535010785,0.0,400.0,0.0,0.0,0.0,0.0,{}
G08,2,DE-PEN,26,400,1.0,0,122,inf,0.0035219730344977,400.0,0.0,0.0,0.0,0.0,{}
G08,2,DE-PEN,27,400,1.0,0,191,inf,0.1585153665841714,400.0,0.0,0.0,0.0,0.0,{}
G08,2,DE-PEN,28,400,1.0,0,11,inf,0.0035218707731138,400.0,0.0,0.0,0.0,0.0,{}
G08,2,DE-PEN,29,400,1.0,0,202,inf,0.0034621695321154,400.0,0.0,0.0,0.0,0.0,{}
G08,2,JADE-NCV,0,400,1.0,1,226,-0.075501022317402,0.0,400.0,0.0,0.0,0.0,0.0,{}
G08,2,JADE-NCV,1,400,1.0,1,9,-0.0353370432888762,0.0,400.0,0.0,0.0,0.0,0.0,{}
G08,2,JADE-NCV,2,400,1.0,1,74,-0.0865838912083096,0.0,400.0,0.0,0.0,0.0,0.0,{}
G08,2,JADE-NCV,3,400,1.0,1,97,-0.0537799440612694,0.0,400.0,0.0,0.0,0.0,0.0,{}
G08,2,JADE-NCV,4,400,1.0,1,34,-0.0927334467060326,0.0,400.0,0.0,0.0,0.0,0.0,{}
G08,2,JADE-NCV,5,400,1.0,1,181,-0.0544420616499681,0.0,400.0,0.0,0.0,0.0,0.0,{}
G08,2,JADE-NCV,6,400,1.0,1,15,-0.0850156535036537,0.0,400.0,0.0,0.0,0.0,0.0,{}
G08,2,JADE-NCV,7,400,1.0,1,143,-0.0910725119267882,0.0,400.0,0.0,0.0,0.0,0.0,{}
G08,2,JADE-NCV,8,400,1.0,1,17,-0.0917149710605999,0.0,400.0,0.0,0.0,0.0,0.0,{}
G08,2,JADE-NCV,9,400,1.0,1,159,-0.088894664440105,0.0,400.0,0.0,0.0,0.0,0.0,{}
G08,2,JADE-NCV,10,400,1.0,1,112,-0.0587951804086565,0.0,400.0,0.0,0.0,0.0,0.0,{}
G08,2,JADE-NCV,11,400,1.0,1,68,-0.0610930431142275,0.0,400.0,0.0,0.0,0.0,0.0,{}
G08,2,JADE-NCV,12,400,1.0,1,140,-0.0735542887220423,0.0,400.0,0.0,0.0,0.0,0.0,{}
G08,2,JADE-NCV,13,400,1.0,1,69,-0.0824704148667026,0.0,400.0,0.0,0.0,0.0,0.0,{}
G08,2,JADE-NCV,14,400,1.0,1,114,-0.0860181631297848,0.0,400.0,0.0,0.0,0.0,0.0,{}
G08,2,JADE-NCV,15,400,1.0,1,90,-0.0865315942565255,0.0,400.0,0.0,0.0,0.0,0.0,{}
G08,2,JADE-NCV,16,400,1.0,1,13,-0.0953148231866696,0.0,400.0,0.0,0.0,0.0,0.0,{}
G08,2,JADE-NCV,17,400,1.0,1,11,-0.0694323566986434,0.0,400.0,0.0,0.0,0.0,0.0,{}
G08,2,JADE-NCV,18,400,1.0,1,47,-0.0887648315122528,0.0,400.0,0.0,0.0,0.0,0.0,{}
G08,2,JADE-NCV,19,400,1.0,1,115,-0.0906623373335731,0.0,400.0,0.0,0.0,0.0,0.0,{}
G08,2,JADE-NCV,20,400,1.0,1,16,-0.0832877510024078,0.0,400.0,0.0,0.0,0.0,0.0,{}
G08,2,JADE-NCV,21,400,1.0,1,144,-0.0783995022896046,0.0,400.0,0.0,0.0,0.0,0.0,{}
G08,2,JADE-NCV,22,400,1.0,1,44,-0.0500645604460461,0.0,400.0,0.0,0.0,0.0,0.0,{}
G08,2,JADE-NCV,23,400,1.0,1,120,-0.0923373782516398,0.0,400.0,0.0,0.0,0.0,0.0,{}
G08,2,JADE-NCV,24,400,1.0,1,131,-0.0652049404126713,0.0,400.0,0.0,0.0,0.0,0.0,{}
G08,2,JADE-NCV,25,400,1.0,1,90,-0.0796549020929205,0.0,400.0,0.0,0.0,0.0,0.0,{}
G08,2,JADE-NCV,26,400,1.0,1,171,-0.0871980624370708,0.0,400.0,0.0,0.0,0.0,0.0,{}
G08,2,JADE-NCV,27,400,1.0,1,110,-0.0905369697402615,0.0,400.0,0.0,0.0,0.0,0.0,{}
G08,2,JADE-NCV,28,400,1.0,1,11,-0.0846594005642689,0.0,400.0,0.0,0.0,0.0,0.0,{}
G08,2,JADE-NCV,29,400,1.0,1,44,-0.0634437930771057,0.0,400.0,0.0,0.0,0.0,0.0,{}
G08,2,UCB-Objective,0,400,1.0,1,70,-0.0907705549432349,0.0,386.2435885792375,38.300452159756766,0.0050383223967964,0.0980530814215025,1.6092042342338655,"{""rand1"": 73, ""pbest"": 73, ""closure"": 69, ""local"": 72, ""consensus"": 73}"
G08,2,UCB-Objective,1,400,1.0,1,9,-0.0935861120733776,0.0,385.7495442305821,47.19560289506951,0.0013439426539736,0.192781732334162,1.609360749459356,"{""rand1"": 73, ""pbest"": 73, ""closure"": 72, ""local"": 71, ""consensus"": 71}"
G08,2,UCB-Objective,2,400,1.0,1,51,-0.0912676049471567,0.0,385.0158546155936,53.19942430302208,0.0023579046521652,0.0537890179995443,1.6093993309467285,"{""rand1"": 73, ""pbest"": 72, ""closure"": 71, ""local"": 72, ""consensus"": 72}"
G08,2,UCB-Objective,3,400,1.0,1,63,-0.0956825276999783,0.0,384.7354989053852,47.05789340515772,0.002503444462702,0.076043956043956,1.6093607494593565,"{""rand1"": 73, ""pbest"": 73, ""closure"": 71, ""local"": 71, ""consensus"": 72}"
G08,2,UCB-Objective,4,400,1.0,1,34,-0.0734010986694127,0.0,386.1454312272224,47.23940484897876,0.0007466488919842,0.188673957621326,1.6093993309467285,"{""rand1"": 73, ""pbest"": 72, ""closure"": 71, ""local"": 72, ""consensus"": 72}"
G08,2,UCB-Objective,5,400,1.0,1,55,-0.0954988384299147,0.0,385.22743644910986,46.47468248320065,0.0030916121900599,0.5445614035087719,1.609322696518802,"{""rand1"": 74, ""pbest"": 72, ""closure"": 71, ""local"": 71, ""consensus"": 72}"
G08,2,UCB-Objective,6,400,1.0,1,15,-0.0908281624567656,0.0,385.5321719598916,39.37273792791501,0.0,0.145754596280912,1.6094379124341005,"{""rand1"": 72, ""pbest"": 72, ""closure"": 72, ""local"": 72, ""consensus"": 72}"
G08,2,UCB-Objective,7,400,1.0,1,123,-0.0934858128287519,0.0,386.8642391438166,46.35988432607331,0.0215704663237791,0.3226990553306343,1.605769471665038,"{""rand1"": 76, ""pbest"": 75, ""closure"": 60, ""local"": 74, ""consensus"": 75}"
G08,2,UCB-Objective,8,400,1.0,1,17,-0.0909107215584134,0.0,385.05224289931954,47.21572696307024,0.0008470386589736,0.0883782883782883,1.6094379124341005,"{""rand1"": 72, ""pbest"": 72, ""closure"": 72, ""local"": 72, ""consensus"": 72}"
G08,2,UCB-Objective,9,400,1.0,1,103,-0.0873548751659319,0.0,386.9835885541496,56.19569845063722,0.014005757977335,0.0590476190476191,1.6082119135657815,"{""rand1"": 74, ""pbest"": 74, ""closure"": 65, ""local"": 73, ""consensus"": 74}"
G08,2,UCB-Objective,10,400,1.0,1,55,-0.0810872233081536,0.0,384.26389035624936,49.71562088248977,0.0023579046521652,0.2617776341305753,1.6093993309467285,"{""rand1"": 72, ""pbest"": 73, ""closure"": 71, ""local"": 72, ""consensus"": 72}"
G08,2,UCB-Objective,11,400,1.0,1,111,-0.0852845855348699,0.0,386.2502221937919,38.096597204849466,0.0157163542824276,0.1264836186831071,1.6074052898690014,"{""rand1"": 75, ""pbest"": 74, ""closure"": 63, ""local"": 74, ""consensus"": 74}"
G08,2,UCB-Objective,12,400,1.0,1,43,-0.0891675129186517,0.0,385.9729540333289,39.92208492352766,0.0023579046521652,0.1475120074433575,1.6093993309467285,"{""rand1"": 72, ""pbest"": 72, ""closure"": 73, ""local"": 72, ""consensus"": 71}"
G08,2,UCB-Objective,13,400,1.0,1,56,-0.0931337222265847,0.0,385.1973336990512,52.03902710824615,0.0023579046521652,0.0874658674658674,1.6093993309467285,"{""rand1"": 72, ""pbest"": 73, ""closure"": 71, ""local"": 72, ""consensus"": 72}"
G08,2,UCB-Objective,14,400,1.0,1,71,-0.0842294372317727,0.0,386.798711626485,41.40876314851363,0.0043360930033268,0.3144350762980458,1.6092042342338655,"{""rand1"": 73, ""pbest"": 73, ""closure"": 69, ""local"": 72, ""consensus"": 73}"
G08,2,UCB-Objective,15,400,1.0,1,79,-0.0830936790761757,0.0,386.32248889478205,42.21656556799864,0.0068196832904045,0.25994148490716,1.6090465848743072,"{""rand1"": 73, ""pbest"": 73, ""closure"": 68, ""local"": 73, ""consensus"": 73}"
G08,2,UCB-Objective,16,400,1.0,1,13,-0.0956561301320316,0.0,385.61174481344,62.8332436574212,0.0007466488919842,0.1123202494100326,1.6093993309467285,"{""rand1"": 73, ""pbest"": 72, ""closure"": 72, ""local"": 71, ""consensus"": 72}"
G08,2,UCB-Objective,17,400,1.0,1,11,-0.0943282090090777,0.0,384.4921255089406,42.56342677798792,0.0011984028434368,0.0951648351648351,1.6093993309467285,"{""rand1"": 73, ""pbest"": 72, ""closure"": 72, ""local"": 71, ""consensus"": 72}"
G08,2,UCB-Objective,18,400,1.0,1,104,-0.0940381804146693,0.0,386.6144353682844,48.220348682012194,0.014940304716178,0.3267110700394059,1.607811534649345,"{""rand1"": 75, ""pbest"": 74, ""closure"": 64, ""local"": 73, ""consensus"": 74}"
G08,2,UCB-Objective,19,400,1.0,1,82,-0.0930168999311588,0.0,385.3812606951087,42.85861560403437,0.0062264699214565,0.1021457489878541,1.6092042342338655,"{""rand1"": 73, ""pbest"": 73, ""closure"": 69, ""local"": 72, ""consensus"": 73}"
G08,2,UCB-Objective,20,400,1.0,1,16,-0.0957179266268759,0.0,384.169989241324,46.28107901512434,0.0003513641844631,0.1376190476190476,1.6093993309467285,"{""rand1"": 72, ""pbest"": 73, ""closure"": 72, ""local"": 71, ""consensus"": 72}"
G08,2,UCB-Objective,21,400,1.0,1,55,-0.089058811042578,0.0,385.0261247644133,43.86316902084628,0.001611255760181,0.1821578421578422,1.6094379124341005,"{""rand1"": 72, ""pbest"": 72, ""closure"": 72, ""local"": 72, ""consensus"": 72}"
G08,2,UCB-Objective,22,400,1.0,1,87,-0.0905339997634635,0.0,384.8512561246384,52.977733877094295,0.0094748735164089,0.2648296630905326,1.6087719784879326,"{""rand1"": 74, ""pbest"": 73, ""closure"": 67, ""local"": 74, ""consensus"": 72}"
G08,2,UCB-Objective,23,400,1.0,1,59,-0.0945942014034726,0.0,384.4573243666141,42.25979660275644,0.0023579046521652,0.0809909388856757,1.6093993309467285,"{""rand1"": 72, ""pbest"": 73, ""closure"": 71, ""local"": 72, ""consensus"": 72}"
G08,2,UCB-Objective,24,400,1.0,1,83,-0.0893332567342084,0.0,385.4101253629574,65.72501747440215,0.0078202850226655,0.2122344322344322,1.6090085319337533,"{""rand1"": 74, ""pbest"": 73, ""closure"": 68, ""local"": 73, ""consensus"": 72}"
G08,2,UCB-Objective,25,400,1.0,1,115,-0.092204723930031,0.0,385.3886806381838,34.36900243719385,0.0187152879744943,0.2302630496438546,1.606917412846102,"{""rand1"": 75, ""pbest"": 75, ""closure"": 62, ""local"": 74, ""consensus"": 74}"
G08,2,UCB-Objective,26,400,1.0,1,99,-0.0949595213049452,0.0,386.2462646709861,58.58630827804209,0.0131634733630691,0.081711229946524,1.6082119135657815,"{""rand1"": 74, ""pbest"": 74, ""closure"": 65, ""local"": 73, ""consensus"": 74}"
G08,2,UCB-Objective,27,400,1.0,1,56,-0.093441988796651,0.0,385.4712699261766,40.462375067967656,0.0026671767495559,0.2224001179419136,1.609360749459356,"{""rand1"": 72, ""pbest"": 73, ""closure"": 71, ""local"": 71, ""consensus"": 73}"
G08,2,UCB-Objective,28,400,1.0,1,11,-0.088016751974517,0.0,385.2804605970017,42.10035820100759,0.0023579046521652,0.223025921446974,1.6093993309467285,"{""rand1"": 72, ""pbest"": 73, ""closure"": 72, ""local"": 72, ""consensus"": 71}"
G08,2,UCB-Objective,29,400,1.0,1,43,-0.0951497743436113,0.0,385.3404871487542,46.11189842967579,0.0003513641844631,0.074978354978355,1.6093993309467285,"{""rand1"": 72, ""pbest"": 72, ""closure"": 72, ""local"": 71, ""consensus"": 73}"
G08,2,UCB-Success,0,400,1.0,1,89,-0.0956257853700021,0.0,389.582162343845,48.56089931065476,0.0807148953056986,0.2587012987012987,1.554202428952733,"{""rand1"": 47, ""pbest"": 67, ""closure"": 106, ""local"": 47, ""consensus"": 93}"
G08,2,UCB-Success,1,400,1.0,1,9,-0.0956442980601631,0.0,394.7489987609144,45.55876607912794,0.0906491015315942,0.0408021390374331,1.5088233223477605,"{""rand1"": 31, ""pbest"": 79, ""closure"": 93, ""local"": 42, ""consensus"": 115}"
G08,2,UCB-Success,2,400,1.0,1,54,-0.0941864252203181,0.0,391.304657349184,47.4404256189636,0.1097449846631295,0.0339393939393939,1.4867261025806435,"{""rand1"": 40, ""pbest"": 66, ""closure"": 121, ""local"": 30, ""consensus"": 103}"
G08,2,UCB-Success,3,400,1.0,1,93,-0.09447417073329,0.0,401.29835742657394,42.03735826372105,0.0978381020952495,0.0526473526473526,1.4852283184870638,"{""rand1"": 42, ""pbest"": 51, ""closure"": 82, ""local"": 43, ""consensus"": 142}"
G08,2,UCB-Success,4,400,1.0,1,34,-0.0940640644354342,0.0,394.1576591406976,48.15960287175539,0.0836234976677005,0.4508823529411764,1.5260912723990887,"{""rand1"": 43, ""pbest"": 63, ""closure"": 101, ""local"": 41, ""consensus"": 112}"
G08,2,UCB-Success,5,400,1.0,1,126,-0.0937701350345031,0.0,398.3383910359152,42.873135803944926,0.0918790281552156,0.1020300751879699,1.5126436759265152,"{""rand1"": 53, ""pbest"": 56, ""closure"": 87, ""local"": 36, ""consensus"": 128}"
G08,2,UCB-Success,6,400,1.0,1,15,-0.093421171887836,0.0,393.1602433418871,44.174970755847184,0.1099307924443844,0.1942857142857142,1.4657351888491466,"{""rand1"": 38, ""pbest"": 43, ""closure"": 128, ""local"": 40, ""consensus"": 111}"
G08,2,UCB-Success,7,400,1.0,1,109,-0.0957696318606005,0.0,401.7302076173496,47.29730330733708,0.1181515534346861,0.0665934065934066,1.504303056810882,"{""rand1"": 48, ""pbest"": 51, ""closure"": 63, ""local"": 55, ""consensus"": 143}"
G08,2,UCB-Success,8,400,1.0,1,17,-0.0952671807561874,0.0,400.3872922113273,45.55566018809918,0.114982785469881,0.1099567099567099,1.4930928088242506,"{""rand1"": 33, ""pbest"": 60, ""closure"": 73, ""local"": 54, ""consensus"": 140}"
G08,2,UCB-Success,9,400,1.0,1,87,-0.0937455334804436,0.0,394.2015231836689,39.39909003541634,0.0801185655244836,0.1197619047619047,1.541113974052554,"{""rand1"": 37, ""pbest"": 71, ""closure"": 88, ""local"": 52, ""consensus"": 112}"
G08,2,UCB-Success,10,400,1.0,1,75,-0.0911244102018417,0.0,391.35340375833465,45.4793203681138,0.0758647404123906,0.2649934997922614,1.5346299745764072,"{""rand1"": 42, ""pbest"": 69, ""closure"": 105, ""local"": 42, ""consensus"": 102}"
G08,2,UCB-Success,11,400,1.0,1,56,-0.0918094375453842,0.0,392.4451613879679,51.246823221863295,0.1087447865075549,0.0551648351648352,1.5026615947239232,"{""rand1"": 41, ""pbest"": 46, ""closure"": 119, ""local"": 47, ""consensus"": 107}"
G08,2,UCB-Success,12,400,1.0,1,43,-0.0951917968372513,0.0,391.7413397315573,44.19247200027679,0.0608587064302523,0.1851648351648351,1.5590652047327442,"{""rand1"": 40, ""pbest"": 63, ""closure"": 93, ""local"": 62, ""consensus"": 102}"
G08,2,UCB-Success,13,400,1.0,1,91,-0.0943115930398278,0.0,399.271692697001,43.862592072535485,0.1104477201700254,0.2987878787878788,1.4566459266704983,"{""rand1"": 29, ""pbest"": 49, ""closure"": 107, ""local"": 43, ""consensus"": 132}"
G08,2,UCB-Success,14,400,1.0,1,93,-0.093426167132837,0.0,395.27403259587777,47.22506806464539,0.0667606659596732,0.1018865345181134,1.557053435591324,"{""rand1"": 44, ""pbest"": 58, ""closure"": 79, ""local"": 65, ""consensus"": 114}"
G08,2,UCB-Success,15,400,1.0,1,73,-0.0936109097478391,0.0,387.6779925121679,50.91186829834908,0.0631440954172188,0.130995670995671,1.5757970760651328,"{""rand1"": 46, ""pbest"": 89, ""closure"": 85, ""local"": 54, ""consensus"": 86}"
G08,2,UCB-Success,16,400,1.0,1,13,-0.0943481592747852,0.0,396.9401794222754,53.390134278243885,0.1109871829512136,0.0498501498501498,1.4891425551162212,"{""rand1"": 46, ""pbest"": 56, ""closure"": 104, ""local"": 31, ""consensus"": 123}"
G08,2,UCB-Success,17,400,1.0,1,11,-0.09528308931285,0.0,387.9798065209626,41.76315235786217,0.0733149974903973,0.2268931068931068,1.5709184668671496,"{""rand1"": 50, ""pbest"": 74, ""closure"": 96, ""local"": 49, ""consensus"": 91}"
G08,2,UCB-Success,18,400,1.0,1,46,-0.0809306993501893,0.0,391.4876014987919,39.18161721625587,0.0779252672456678,0.3489075630252101,1.5549287612694644,"{""rand1"": 60, ""pbest"": 66, ""closure"": 94, ""local"": 38, ""consensus"": 102}"
G08,2,UCB-Success,19,400,1.0,1,70,-0.0875400404580901,0.0,387.5100488400892,44.76596432022343,0.078573234718938,0.1199999999999999,1.551671711792541,"{""rand1"": 40, ""pbest"": 64, ""closure"": 112, ""local"": 59, ""consensus"": 85}"
G08,2,UCB-Success,20,400,1.0,1,16,-0.0944702933402696,0.0,393.72501811683406,42.52128593123876,0.0788668299446507,0.1109890109890109,1.5254800446705477,"{""rand1"": 37, ""pbest"": 78, ""closure"": 89, ""local"": 42, ""consensus"": 114}"
G08,2,UCB-Success,21,400,1.0,1,55,-0.0921661726744695,0.0,393.6660267128345,40.98309985291431,0.0618963322784412,0.0613053613053613,1.5520007047757909,"{""rand1"": 50, ""pbest"": 63, ""closure"": 91, ""local"": 46, ""consensus"": 110}"
G08,2,UCB-Success,22,400,1.0,1,95,-0.0915520422268909,0.0,393.7132875252541,44.875220085028666,0.0873259630905324,0.1766666666666666,1.52895115399012,"{""rand1"": 36, ""pbest"": 64, ""closure"": 98, ""local"": 50, ""consensus"": 112}"
G08,2,UCB-Success,23,400,1.0,1,48,-0.0926638961014802,0.0,382.92653696541095,46.36213217725222,0.097219020650646,0.1657836899942163,1.5403002739292249,"{""rand1"": 54, ""pbest"": 59, ""closure"": 128, ""local"": 51, ""consensus"": 68}"
G08,2,UCB-Success,24,400,1.0,1,49,-0.0951402364268363,0.0,388.44664882322337,49.23914305807465,0.0870399222174074,0.3237562437562437,1.5474800940373477,"{""rand1"": 37, ""pbest"": 54, ""closure"": 107, ""local"": 72, ""consensus"": 90}"
G08,2,UCB-Success,25,400,1.0,1,54,-0.0952484668467438,0.0,387.141328744476,41.38195703567866,0.0938547196855884,0.0557575757575757,1.535988381913416,"{""rand1"": 55, ""pbest"": 79, ""closure"": 107, ""local"": 31, ""consensus"": 88}"
G08,2,UCB-Success,26,400,1.0,1,54,-0.0938739094347504,0.0,394.7168501769049,49.95810430477982,0.1020939629702831,0.1914285714285714,1.508749231699615,"{""rand1"": 44, ""pbest"": 47, ""closure"": 108, ""local"": 45, ""consensus"": 116}"
G08,2,UCB-Success,27,400,1.0,1,55,-0.0909729530984123,0.0,389.5924012783392,40.338961504203546,0.0796341226291552,0.0999999999999999,1.5598985641586878,"{""rand1"": 42, ""pbest"": 62, ""closure"": 103, ""local"": 60, ""consensus"": 93}"
G08,2,UCB-Success,28,400,1.0,1,11,-0.0949714244722085,0.0,393.57539495361056,55.49465600062915,0.0819183630316784,0.1739663638734846,1.5342451568798532,"{""rand1"": 45, ""pbest"": 63, ""closure"": 103, ""local"": 42, ""consensus"": 107}"
G08,2,UCB-Success,29,400,1.0,1,43,-0.0939305803313566,0.0,392.7160070412895,39.74951960451148,0.10265252081814,0.1933333333333333,1.4854806802603515,"{""rand1"": 27, ""pbest"": 53, ""closure"": 119, ""local"": 53, ""consensus"": 108}"
G08,2,UCB-Violation,0,400,1.0,1,109,-0.0838904511826537,0.0,386.6001217768742,37.574324939637954,0.0243903553748435,0.195758502367198,1.6052280979374802,"{""rand1"": 69, ""pbest"": 74, ""closure"": 61, ""local"": 80, ""consensus"": 76}"
G08,2,UCB-Violation,1,400,1.0,1,9,-0.0917187573078051,0.0,385.0189706846232,46.86360234937607,0.0115513265198789,0.1025151937845435,1.6085184667718295,"{""rand1"": 69, ""pbest"": 69, ""closure"": 74, ""local"": 77, ""consensus"": 71}"
G08,2,UCB-Violation,2,400,1.0,1,68,-0.0946245479786694,0.0,383.57870367603584,43.91636958902083,0.019443779872025,0.4337995337995338,1.6068838227503193,"{""rand1"": 69, ""pbest"": 71, ""closure"": 71, ""local"": 82, ""consensus"": 67}"
G08,2,UCB-Violation,3,400,1.0,1,94,-0.0924031459897993,0.0,383.9708532108473,47.37127416344584,0.0179572668361513,0.3201960784313725,1.607229469164738,"{""rand1"": 75, ""pbest"": 69, ""closure"": 69, ""local"": 80, ""consensus"": 67}"
G08,2,UCB-Violation,4,400,1.0,1,34,-0.0903149916403582,0.0,383.8137700218784,50.91617038194225,0.0282948558259827,0.0895562435500516,1.6041282932603624,"{""rand1"": 69, ""pbest"": 69, ""closure"": 87, ""local"": 69, ""consensus"": 66}"
G08,2,UCB-Violation,5,400,1.0,1,60,-0.0937668984118271,0.0,385.2008242502548,50.05787310422032,0.0173269897798184,0.4304761904761904,1.6074085077022218,"{""rand1"": 69, ""pbest"": 69, ""closure"": 69, ""local"": 81, ""consensus"": 72}"
G08,2,UCB-Violation,6,400,1.0,1,15,-0.0906431577153843,0.0,383.70385846982543,61.36154008057933,0.0097218899360125,0.1146753246753245,1.6087719784879324,"{""rand1"": 72, ""pbest"": 74, ""closure"": 73, ""local"": 74, ""consensus"": 67}"
G08,2,UCB-Violation,7,400,1.0,1,101,-0.0942721210156611,0.0,384.5840707758017,44.47671513833988,0.034412485470736,0.2649862022035935,1.6015188134177811,"{""rand1"": 66, ""pbest"": 74, ""closure"": 63, ""local"": 89, ""consensus"": 68}"
G08,2,UCB-Violation,8,400,1.0,1,17,-0.0949924008996153,0.0,384.14005436486207,47.578455309946094,0.0182642508995618,0.182929717341482,1.6071697481385978,"{""rand1"": 67, ""pbest"": 70, ""closure"": 81, ""local"": 73, ""consensus"": 69}"
G08,2,UCB-Violation,9,400,1.0,1,83,-0.0901036984797209,0.0,384.5770302736116,61.718606223847054,0.0238136696787296,0.0849329205366357,1.605575075131424,"{""rand1"": 69, ""pbest"": 75, ""closure"": 65, ""local"": 83, ""consensus"": 68}"
G08,2,UCB-Violation,10,400,1.0,1,112,-0.0936386699041985,0.0,385.21360934120776,55.3131956880844,0.0228607337760193,0.1483422459893048,1.6058731936947757,"{""rand1"": 71, ""pbest"": 71, ""closure"": 64, ""local"": 83, ""consensus"": 71}"
G08,2,UCB-Violation,11,400,1.0,1,81,-0.0923595629257663,0.0,384.8072072841626,43.2434873851133,0.0066691614757493,0.3430267977636399,1.6091275998059391,"{""rand1"": 74, ""pbest"": 73, ""closure"": 71, ""local"": 73, ""consensus"": 69}"
G08,2,UCB-Violation,12,400,1.0,1,43,-0.0953631544159468,0.0,384.8236311522102,44.404677627735325,0.0113081134598197,0.3099248120300752,1.6085485794171324,"{""rand1"": 68, ""pbest"": 74, ""closure"": 76, ""local"": 73, ""consensus"": 69}"
G08,2,UCB-Violation,13,400,1.0,1,89,-0.0896702773619331,0.0,384.9374151247695,55.67545948307641,0.0152809686422524,0.1837116856311902,1.607855778816269,"{""rand1"": 69, ""pbest"": 71, ""closure"": 69, ""local"": 80, ""consensus"": 71}"
G08,2,UCB-Violation,14,400,1.0,1,52,-0.0835992375414333,0.0,385.6375569944735,61.04016265500273,0.0131282574932766,0.104079254079254,1.6082296225895505,"{""rand1"": 66, ""pbest"": 71, ""closure"": 76, ""local"": 75, ""consensus"": 72}"
G08,2,UCB-Violation,15,400,1.0,1,70,-0.0933506664259532,0.0,384.8061767109144,46.80587547394829,0.010003742213624,0.0752913752913752,1.6087442817172444,"{""rand1"": 76, ""pbest"": 69, ""closure"": 73, ""local"": 73, ""consensus"": 69}"
G08,2,UCB-Violation,16,400,1.0,1,13,-0.0943330671652552,0.0,383.2405584685336,56.39523932843437,0.0193002813804116,0.1863369963369963,1.6068590776444798,"{""rand1"": 73, ""pbest"": 68, ""closure"": 80, ""local"": 74, ""consensus"": 65}"
G08,2,UCB-Violation,17,400,1.0,1,11,-0.0945852283560255,0.0,382.70139323299134,43.04079755392439,0.0113081134598197,0.2121212121212121,1.6085548421413989,"{""rand1"": 72, ""pbest"": 70, ""closure"": 73, ""local"": 77, ""consensus"": 68}"
G08,2,UCB-Violation,18,400,1.0,1,57,-0.09380686992822,0.0,385.465506953728,43.007738625637714,0.0097218899360125,0.3049340659340659,1.6087785994735035,"{""rand1"": 68, ""pbest"": 70, ""closure"": 74, ""local"": 75, ""consensus"": 73}"
G08,2,UCB-Violation,19,400,1.0,1,76,-0.0937571224606031,0.0,384.1269993094217,55.04788963144832,0.0078202850226655,0.2138095238095238,1.609011840453723,"{""rand1"": 73, ""pbest"": 70, ""closure"": 74, ""local"": 74, ""consensus"": 69}"
G08,2,UCB-Violation,20,400,1.0,1,16,-0.0949085191336322,0.0,383.0143865836236,51.8582297621263,0.0168388073147662,0.6310594668489405,1.6074521016954768,"{""rand1"": 75, ""pbest"": 66, ""closure"": 76, ""local"": 76, ""consensus"": 67}"
G08,2,UCB-Violation,21,400,1.0,1,54,-0.0915100232549999,0.0,383.9977660125115,40.55703985523599,0.0259369511738175,0.0975655716832187,1.6048308282034316,"{""rand1"": 68, ""pbest"": 64, ""closure"": 83, ""local"": 77, ""consensus"": 68}"
G08,2,UCB-Violation,22,400,1.0,1,97,-0.0882328102228491,0.0,384.80578135440754,55.93091471047792,0.014535100455473,0.183814063174677,1.6079740955311728,"{""rand1"": 76, ""pbest"": 71, ""closure"": 67, ""local"": 77, ""consensus"": 69}"
G08,2,UCB-Violation,23,400,1.0,1,110,-0.091673118579502,0.0,383.25574481196577,47.10235541652833,0.0262565149865533,0.1946053946053945,1.604755990161092,"{""rand1"": 68, ""pbest"": 76, ""closure"": 66, ""local"": 84, ""consensus"": 66}"
G08,2,UCB-Violation,24,400,1.0,1,81,-0.0941520430334992,0.0,385.5165022510115,54.20283843228132,0.0135451309889266,0.0964285714285714,1.608161857536034,"{""rand1"": 69, ""pbest"": 76, ""closure"": 67, ""local"": 76, ""consensus"": 72}"
G08,2,UCB-Violation,25,400,1.0,1,88,-0.0889862527593221,0.0,385.1026259760343,45.67215418315347,0.0166729036893734,0.2276555023923445,1.607505909419508,"{""rand1"": 71, ""pbest"": 72, ""closure"": 65, ""local"": 79, ""consensus"": 73}"
G08,2,UCB-Violation,26,400,1.0,1,102,-0.0914386211972509,0.0,385.03263454549386,43.55471588270479,0.0190100350516683,0.272618396096657,1.607004616843924,"{""rand1"": 71, ""pbest"": 69, ""closure"": 68, ""local"": 82, ""consensus"": 70}"
G08,2,UCB-Violation,27,400,1.0,1,120,-0.0878811722580923,0.0,385.4511853601516,39.88774992347732,0.0278912753155493,0.41261210571185,1.6040127558403114,"{""rand1"": 70, ""pbest"": 75, ""closure"": 61, ""local"": 84, ""consensus"": 70}"
G08,2,UCB-Violation,28,400,1.0,1,11,-0.070782421142043,0.0,384.1266568589951,58.62694385824937,0.0166729036893734,0.0914935064935065,1.6075229492800962,"{""rand1"": 68, ""pbest"": 71, ""closure"": 79, ""local"": 75, ""consensus"": 67}"
G08,2,UCB-Violation,29,400,1.0,1,43,-0.0804221933533004,0.0,384.3992774145052,49.36233640460362,0.0091321254497809,0.1706712276371718,1.6088616720184454,"{""rand1"": 76, ""pbest"": 70, ""closure"": 73, ""local"": 72, ""consensus"": 69}"
G11,2,DCAS,0,400,1.0,1,90,0.993347914280451,0.0,394.95889198308345,31.486513348679185,0.0255749854033808,0.8164542740892833,1.6025429772924205,"{""rand1"": 70, ""pbest"": 67, ""closure"": 76, ""local"": 86, ""consensus"": 61}"
G11,2,DCAS,1,400,1.0,1,41,0.8676655479440085,0.0,388.8973099314516,40.80650425850464,0.0261929470106925,0.6600825485816737,1.6003494559294738,"{""rand1"": 62, ""pbest"": 61, ""closure"": 81, ""local"": 85, ""consensus"": 71}"
G11,2,DCAS,2,400,1.0,1,183,1.0,0.0,394.1247469399511,29.385810218439275,0.0470740465218144,0.9925973041792174,1.5921427408513695,"{""rand1"": 74, ""pbest"": 75, ""closure"": 52, ""local"": 93, ""consensus"": 66}"
G11,2,DCAS,3,400,1.0,1,156,0.8249490394116064,0.0,390.7670326431229,24.69912855075915,0.0301991674299884,0.842553889922311,1.6045551236972269,"{""rand1"": 72, ""pbest"": 77, ""closure"": 59, ""local"": 79, ""consensus"": 73}"
G11,2,DCAS,4,400,1.0,1,78,0.9907529165938744,0.0,387.7990272231418,33.857404395949416,0.0261872214209221,0.5471910012184612,1.6030509827256925,"{""rand1"": 77, ""pbest"": 71, ""closure"": 68, ""local"": 84, ""consensus"": 60}"
G11,2,DCAS,5,400,1.0,1,91,0.9993466105351092,0.0,387.3057476097634,31.09398630436828,0.0411574437708569,0.8435308860386261,1.5971995474010252,"{""rand1"": 79, ""pbest"": 65, ""closure"": 65, ""local"": 91, ""consensus"": 60}"
G11,2,DCAS,6,400,1.0,1,59,0.9382648490961082,0.0,388.36328956133485,28.17839725329638,0.0272231640179962,0.4720568817371887,1.603762721339234,"{""rand1"": 85, ""pbest"": 67, ""closure"": 72, ""local"": 74, ""consensus"": 62}"
G11,2,DCAS,7,400,1.0,1,140,0.95978823961681,0.0,394.8557616933041,29.866239048688453,0.0457238075384925,0.7300036841406776,1.5958937183838329,"{""rand1"": 74, ""pbest"": 63, ""closure"": 58, ""local"": 93, ""consensus"": 72}"
G11,2,DCAS,8,400,1.0,1,346,0.8359477660813397,0.0,391.8471651394856,26.532853362159297,0.0937100636259371,0.2933362512309881,1.51396738785929,"{""rand1"": 78, ""pbest"": 85, ""closure"": 18, ""local"": 91, ""consensus"": 88}"
G11,2,DCAS,9,400,1.0,1,43,0.7943884911459542,0.0,393.4752089791976,29.247047936727032,0.0253883545369349,0.8555393362045198,1.602117080123685,"{""rand1"": 74, ""pbest"": 66, ""closure"": 72, ""local"": 87, ""consensus"": 61}"
G11,2,DCAS,10,400,1.0,1,51,0.9141299211333292,0.0,386.95169599357513,30.311095660401552,0.0259116578558907,0.4487677235045655,1.604378266451876,"{""rand1"": 78, ""pbest"": 67, ""closure"": 71, ""local"": 82, ""consensus"": 62}"
G11,2,DCAS,11,400,1.0,1,298,0.9941291584408536,0.0,388.4230229819861,27.47617457250884,0.0847220538717368,0.1203088803088802,1.5571242627156092,"{""rand1"": 78, ""pbest"": 81, ""closure"": 31, ""local"": 94, ""consensus"": 76}"
G11,2,DCAS,12,400,1.0,1,54,0.9932342501609512,0.0,387.649708874982,30.106572451194392,0.0235185549423379,0.4176220837985543,1.604862240555581,"{""rand1"": 75, ""pbest"": 70, ""closure"": 70, ""local"": 83, ""consensus"": 62}"
G11,2,DCAS,13,400,1.0,1,79,0.777489675121829,0.0,387.57711905718605,54.12290454375602,0.0252466122370745,1.2576757917005597,1.5854945669391696,"{""rand1"": 67, ""pbest"": 66, ""closure"": 66, ""local"": 104, ""consensus"": 57}"
G11,2,DCAS,14,400,1.0,1,193,0.9327474904097892,0.0,390.5940148378066,21.61981983303596,0.0468932324609104,0.410340299813984,1.5955554307907958,"{""rand1"": 69, ""pbest"": 77, ""closure"": 52, ""local"": 88, ""consensus"": 74}"
G11,2,DCAS,15,400,1.0,1,204,0.7574300585482281,0.0,387.8916810650308,27.02551228712689,0.0560876946017365,0.3516045831835305,1.5903087419654132,"{""rand1"": 70, ""pbest"": 74, ""closure"": 50, ""local"": 94, ""consensus"": 72}"
G11,2,DCAS,16,400,1.0,1,122,1.0,0.0,394.5360341650153,28.774466399318868,0.0260557217382894,0.7808383441808555,1.6023374476336796,"{""rand1"": 75, ""pbest"": 80, ""closure"": 58, ""local"": 80, ""consensus"": 67}"
G11,2,DCAS,17,400,1.0,1,28,0.8312736477256639,0.0,385.71099728602,17.656217436188577,0.0201406151199879,0.871982999846777,1.6063246187343074,"{""rand1"": 66, ""pbest"": 70, ""closure"": 83, ""local"": 71, ""consensus"": 70}"
G11,2,DCAS,18,400,1.0,1,247,0.7497807460885582,0.0,391.8826068588819,21.44841293667637,0.0703885257526787,0.3510121457489878,1.5767394545621696,"{""rand1"": 75, ""pbest"": 80, ""closure"": 39, ""local"": 90, ""consensus"": 76}"
G11,2,DCAS,19,400,1.0,1,368,0.9641844389836888,0.0,392.3233518797158,24.00095873651754,0.0988401061169463,0.0,1.484247926664768,"{""rand1"": 78, ""pbest"": 89, ""closure"": 12, ""local"": 93, ""consensus"": 88}"
G11,2,DCAS,20,400,1.0,1,17,0.8161742314337267,0.0,386.2743154307228,20.893296550681782,0.0139984116553586,0.676345785695631,1.6076028922279924,"{""rand1"": 69, ""pbest"": 70, ""closure"": 79, ""local"": 75, ""consensus"": 67}"
G11,2,DCAS,21,400,1.0,1,293,0.9959848816739229,0.0,393.1619513201943,27.030625495020544,0.0860828327127744,0.0,1.5517582661184313,"{""rand1"": 72, ""pbest"": 77, ""closure"": 30, ""local"": 97, ""consensus"": 84}"
G11,2,DCAS,22,400,1.0,1,154,0.8246644593747453,0.0,393.1200958323067,31.231953952980067,0.0408842467319261,0.7277190041729382,1.5970083439618752,"{""rand1"": 76, ""pbest"": 70, ""closure"": 54, ""local"": 89, ""consensus"": 71}"
G11,2,DCAS,23,400,1.0,1,91,0.9390405424418052,0.0,387.42085143589856,24.786931337210984,0.0152295628594783,0.5489361044779001,1.607363939262151,"{""rand1"": 74, ""pbest"": 71, ""closure"": 73, ""local"": 64, ""consensus"": 78}"
G11,2,DCAS,24,400,1.0,1,50,0.9931957147280056,0.0,387.97033230691534,29.614069416785664,0.0290860871409771,0.5208526767350297,1.6024109265025448,"{""rand1"": 82, ""pbest"": 71, ""closure"": 66, ""local"": 81, ""consensus"": 60}"
G11,2,DCAS,25,400,1.0,1,102,0.8151013738048564,0.0,390.0368042407722,23.24605663423992,0.0318135697794168,0.2616880037932669,1.6030762124279705,"{""rand1"": 70, ""pbest"": 68, ""closure"": 70, ""local"": 88, ""consensus"": 64}"
G11,2,DCAS,26,400,1.0,1,123,0.896781984987577,0.0,392.6034386747093,28.72864432140846,0.0300504007951296,0.6104921981968018,1.6018917408525373,"{""rand1"": 72, ""pbest"": 75, ""closure"": 62, ""local"": 87, ""consensus"": 64}"
G11,2,DCAS,27,400,1.0,1,67,1.0,0.0,385.3617463628258,34.2383311937517,0.0353131524232615,1.0121245421245422,1.5975290841241874,"{""rand1"": 84, ""pbest"": 64, ""closure"": 65, ""local"": 87, ""consensus"": 60}"
G11,2,DCAS,28,400,1.0,1,73,1.0,0.0,384.6807236762713,32.66665190994753,0.0325673290100762,0.3224309024309024,1.5987972176831518,"{""rand1"": 74, ""pbest"": 64, ""closure"": 73, ""local"": 90, ""consensus"": 59}"
G11,2,DCAS,29,400,1.0,1,56,0.9837107194557516,0.0,386.1850957388186,31.812963847572643,0.0255918307139778,0.7728459775518599,1.604127882579014,"{""rand1"": 77, ""pbest"": 74, ""closure"": 68, ""local"": 81, ""consensus"": 60}"
G11,2,DCAS-noClosure,0,400,1.0,1,90,0.7768961094274798,0.0,398.7996688759767,24.008280726817524,0.1016191532712549,0.5566386554621848,1.3835743232942797,"{""rand1"": 85, ""pbest"": 92, ""closure"": 0, ""local"": 100, ""consensus"": 83}"
G11,2,DCAS-noClosure,1,400,1.0,1,41,0.7582244251734278,0.0,394.5886803062522,89.50196539525143,0.111168159866674,0.6244522144522144,1.345444687664226,"{""rand1"": 68, ""pbest"": 70, ""closure"": 0, ""local"": 134, ""consensus"": 88}"
G11,2,DCAS-noClosure,2,400,1.0,1,183,0.9580707428159706,0.0,396.0162837449448,26.95551414996249,0.1052663895350644,0.6013283776254268,1.378860532208526,"{""rand1"": 89, ""pbest"": 90, ""closure"": 0, ""local"": 106, ""consensus"": 75}"
G11,2,DCAS-noClosure,3,400,1.0,1,156,0.8249490394116064,0.0,397.3247419844844,23.967324594803777,0.101471080224487,1.2612900061197276,1.384542668692606,"{""rand1"": 83, ""pbest"": 98, ""closure"": 0, ""local"": 89, ""consensus"": 90}"
G11,2,DCAS-noClosure,4,400,1.0,1,78,1.0,0.0,393.53875789087374,33.69564181175981,0.1117685707141477,0.6818299347711113,1.37126342367805,"{""rand1"": 84, ""pbest"": 87, ""closure"": 0, ""local"": 116, ""consensus"": 73}"
G11,2,DCAS-noClosure,5,400,1.0,1,91,1.0,0.0,389.669105834602,32.110428908234226,0.1181597427918345,0.3896429061134943,1.357168896951971,"{""rand1"": 90, ""pbest"": 76, ""closure"": 0, ""local"": 126, ""consensus"": 68}"
G11,2,DCAS-noClosure,6,400,1.0,1,59,0.7597019398964996,0.0,394.4559660993587,53.30122657703805,0.1094323663871382,0.7243381218324011,1.368887637613716,"{""rand1"": 81, ""pbest"": 80, ""closure"": 0, ""local"": 120, ""consensus"": 79}"
G11,2,DCAS-noClosure,7,400,1.0,1,140,0.97883438896941,0.0,398.7854454060352,26.11486453351884,0.1018977444180033,1.2153925353925352,1.3842823818398458,"{""rand1"": 85, ""pbest"": 85, ""closure"": 0, ""local"": 99, ""consensus"": 91}"
G11,2,DCAS-noClosure,8,400,1.0,1,346,0.8359477660813397,0.0,393.60613625718514,26.033418478235745,0.1017573931058848,0.0,1.3846383941799865,"{""rand1"": 82, ""pbest"": 89, ""closure"": 0, ""local"": 95, ""consensus"": 94}"
G11,2,DCAS-noClosure,9,400,1.0,1,43,0.8288957831130626,0.0,387.4430316558932,55.234769428257486,0.1117077845325896,0.6846153846153846,1.3460972799443878,"{""rand1"": 86, ""pbest"": 74, ""closure"": 0, ""local"": 134, ""consensus"": 66}"
G11,2,DCAS-noClosure,10,400,1.0,1,51,0.8159144993757336,0.0,391.3055739600669,36.23121560912653,0.1033964620218318,0.4466968325791855,1.3815102146255422,"{""rand1"": 95, ""pbest"": 90, ""closure"": 0, ""local"": 99, ""consensus"": 76}"
G11,2,DCAS-noClosure,11,400,1.0,1,298,0.9987188988423288,0.0,390.8620247368751,26.983478422952302,0.1031122279641468,0.1356822409453988,1.3833163085822902,"{""rand1"": 85, ""pbest"": 88, ""closure"": 0, ""local"": 102, ""consensus"": 85}"
G11,2,DCAS-noClosure,12,400,1.0,1,54,0.9703055001142652,0.0,398.1240031532078,20.30351287325363,0.1029019127871286,0.861644816284285,1.3833097052386116,"{""rand1"": 92, ""pbest"": 91, ""closure"": 0, ""local"": 98, ""consensus"": 79}"
G11,2,DCAS-noClosure,13,400,1.0,1,79,1.0,0.0,390.5066528149854,32.50541531517283,0.1055588018606612,0.3475957375957376,1.3780965026474872,"{""rand1"": 92, ""pbest"": 86, ""closure"": 0, ""local"": 107, ""consensus"": 75}"
G11,2,DCAS-noClosure,14,400,1.0,1,193,0.7791717642161489,0.0,395.059411652577,21.14845740573186,0.1039850713946675,0.7472589998905788,1.3823537243800743,"{""rand1"": 81, ""pbest"": 89, ""closure"": 0, ""local"": 103, ""consensus"": 87}"
G11,2,DCAS-noClosure,15,400,1.0,1,204,0.8540440139462784,0.0,393.0124156895772,26.125747525161408,0.106128648362672,0.0,1.379830218160704,"{""rand1"": 79, ""pbest"": 88, ""closure"": 0, ""local"": 107, ""consensus"": 86}"
G11,2,DCAS-noClosure,16,400,1.0,1,122,1.0,0.0,394.6819790834937,31.117414306858095,0.1075901803595091,0.8637384720068612,1.370243259715789,"{""rand1"": 92, ""pbest"": 85, ""closure"": 0, ""local"": 114, ""consensus"": 69}"
G11,2,DCAS-noClosure,17,400,1.0,1,28,0.9911978999180082,0.0,387.6613559907185,16.42708560626075,0.1040651605968303,0.799193930772878,1.3820593280772788,"{""rand1"": 87, ""pbest"": 90, ""closure"": 0, ""local"": 103, ""consensus"": 80}"
G11,2,DCAS-noClosure,18,400,1.0,1,247,0.7591705958634485,0.0,395.091174496751,21.08595459212856,0.1016427091031752,0.0,1.384630757455275,"{""rand1"": 88, ""pbest"": 86, ""closure"": 0, ""local"": 99, ""consensus"": 87}"
G11,2,DCAS-noClosure,19,400,1.0,1,368,0.9641844389836888,0.0,393.1169612527429,23.357801811102952,0.1021852832526684,0.0,1.3838766429215896,"{""rand1"": 80, ""pbest"": 92, ""closure"": 0, ""local"": 97, ""consensus"": 91}"
G11,2,DCAS-noClosure,20,400,1.0,1,17,0.8210728179157918,0.0,395.0489912022611,20.042099808187057,0.1035032387511873,0.6639684450210767,1.3824586490408994,"{""rand1"": 83, ""pbest"": 84, ""closure"": 0, ""local"": 103, ""consensus"": 90}"
G11,2,DCAS-noClosure,21,400,1.0,1,293,0.9940569906217946,0.0,395.0982750094683,26.66219173546121,0.1032856549479705,0.1685085895612211,1.382259017217807,"{""rand1"": 81, ""pbest"": 86, ""closure"": 0, ""local"": 103, ""consensus"": 90}"
G11,2,DCAS-noClosure,22,400,1.0,1,154,1.0,0.0,395.59264185150425,28.827604688201703,0.1035268704918347,0.506827168255086,1.3786517092024326,"{""rand1"": 88, ""pbest"": 87, ""closure"": 0, ""local"": 108, ""consensus"": 77}"
G11,2,DCAS-noClosure,23,400,1.0,1,91,0.8783439668990347,0.0,394.71815552553295,23.24455925466132,0.1012291918834765,0.648740770846034,1.385329835878956,"{""rand1"": 84, ""pbest"": 93, ""closure"": 0, ""local"": 89, ""consensus"": 94}"
G11,2,DCAS-noClosure,24,400,1.0,1,50,0.9952538302523548,0.0,394.2664038241916,31.485296680938653,0.108207578204968,1.0580797716215673,1.37408808518638,"{""rand1"": 93, ""pbest"": 79, ""closure"": 0, ""local"": 112, ""consensus"": 76}"
G11,2,DCAS-noClosure,25,400,1.0,1,102,0.8290219368712621,0.0,395.0265431598583,22.82477684378423,0.1097336099488584,0.9381770434402016,1.3728280869261735,"{""rand1"": 84, ""pbest"": 78, ""closure"": 0, ""local"": 116, ""consensus"": 82}"
G11,2,DCAS-noClosure,26,400,1.0,1,123,0.999358162366866,0.0,396.3967536895696,31.85447228954432,0.1064488626327148,0.8656625660500341,1.3738125624228896,"{""rand1"": 89, ""pbest"": 79, ""closure"": 0, ""local"": 114, ""consensus"": 78}"
G11,2,DCAS-noClosure,27,400,1.0,1,67,0.999217071458396,0.0,393.62173860447166,32.133047034102475,0.1054196128154053,0.8601863770904018,1.3811381988735731,"{""rand1"": 90, ""pbest"": 84, ""closure"": 0, ""local"": 105, ""consensus"": 81}"
G11,2,DCAS-noClosure,28,400,1.0,1,73,0.8747682342595797,0.0,388.126915495329,42.60602988227906,0.1163933382541977,0.3225422152666733,1.3548436270402626,"{""rand1"": 82, ""pbest"": 77, ""closure"": 0, ""local"": 130, ""consensus"": 71}"
G11,2,DCAS-noClosure,29,400,1.0,1,56,1.0,0.0,393.8692690969506,34.27634910611033,0.1063026698562729,1.015924075924076,1.3766622313671544,"{""rand1"": 97, ""pbest"": 77, ""closure"": 0, ""local"": 107, ""consensus"": 79}"
G11,2,DCAS-stationary,0,400,1.0,1,63,0.769665196734199,0.0,385.181149119428,49.56934821393173,0.060088437911437,0.7302412553121935,1.5414954280038036,"{""rand1"": 56, ""pbest"": 60, ""closure"": 71, ""local"": 126, ""consensus"": 47}"
G11,2,DCAS-stationary,1,400,1.0,1,41,0.9992906355590122,0.0,383.00243598088895,35.73495068909248,0.0640627473781495,1.084404181989321,1.5698977585852223,"{""rand1"": 56, ""pbest"": 57, ""closure"": 99, ""local"": 95, ""consensus"": 53}"
G11,2,DCAS-stationary,2,400,1.0,1,337,0.9913059232538224,0.0,389.49016334439966,24.504492769218373,0.0904986848865661,0.0,1.58859913180657,"{""rand1"": 83, ""pbest"": 56, ""closure"": 57, ""local"": 94, ""consensus"": 70}"
G11,2,DCAS-stationary,3,400,1.0,1,83,0.9582106534251752,0.0,384.00092252977447,29.91409055450621,0.0655837445216723,0.8367844436265489,1.5651399858139137,"{""rand1"": 66, ""pbest"": 53, ""closure"": 81, ""local"": 110, ""consensus"": 50}"
G11,2,DCAS-stationary,4,400,1.0,1,344,0.83406272691281,0.0,385.7266951883242,27.199504004439948,0.1375877742755015,0.1777875041032935,1.4989874244205528,"{""rand1"": 59, ""pbest"": 66, ""closure"": 42, ""local"": 143, ""consensus"": 50}"
G11,2,DCAS-stationary,5,400,1.0,1,54,0.9999485018633428,0.0,383.972666724054,31.67265868081404,0.0334567003834308,0.6170231729055259,1.5980736542812397,"{""rand1"": 77, ""pbest"": 67, ""closure"": 77, ""local"": 85, ""consensus"": 54}"
G11,2,DCAS-stationary,6,400,1.0,1,59,0.9980626186500268,0.0,381.7478475490706,30.623988239970515,0.0550265783270445,0.1472927072927072,1.5758978603792944,"{""rand1"": 74, ""pbest"": 70, ""closure"": 72, ""local"": 101, ""consensus"": 43}"
G11,2,DCAS-stationary,7,400,1.0,1,73,0.8782596094078279,0.0,382.8196795164345,48.24785585675679,0.091373879313616,0.7316918994318375,1.4791786872578,"{""rand1"": 58, ""pbest"": 44, ""closure"": 78, ""local"": 144, ""consensus"": 36}"
G11,2,DCAS-stationary,8,400,1.0,0,401,inf,0.0001695677410389,390.4389831936545,26.48342871593792,0.1212363052506452,0.0,1.3547741694517406,"{""rand1"": 69, ""pbest"": 76, ""closure"": 0, ""local"": 129, ""consensus"": 86}"
G11,2,DCAS-stationary,9,400,1.0,1,43,0.9571924708881302,0.0,383.66903292940736,26.29984223397405,0.0648691401969096,0.4029334597291254,1.5684751470742362,"{""rand1"": 55, ""pbest"": 69, ""closure"": 76, ""local"": 110, ""consensus"": 50}"
G11,2,DCAS-stationary,10,400,1.0,1,51,0.8868625153921337,0.0,379.2869677615656,36.67466223958858,0.0625116000107657,0.6760869522634229,1.5606295312119072,"{""rand1"": 82, ""pbest"": 61, ""closure"": 75, ""local"": 104, ""consensus"": 38}"
G11,2,DCAS-stationary,11,400,1.0,1,255,0.9663179799844026,0.0,391.3023234441616,26.68036457336011,0.0540500309180181,0.615457562825984,1.5967398344570831,"{""rand1"": 56, ""pbest"": 72, ""closure"": 63, ""local"": 85, ""consensus"": 84}"
G11,2,DCAS-stationary,12,400,1.0,1,50,0.9735937641050534,0.0,388.4565520649812,25.686428971671187,0.0472530984190921,0.7808033194875298,1.5836544572273163,"{""rand1"": 76, ""pbest"": 78, ""closure"": 97, ""local"": 59, ""consensus"": 50}"
G11,2,DCAS-stationary,13,400,1.0,1,151,1.0,0.0,391.23125882743096,31.633960911063483,0.0558171140265503,1.2363913158110176,1.5729752820333711,"{""rand1"": 50, ""pbest"": 89, ""closure"": 67, ""local"": 100, ""consensus"": 54}"
G11,2,DCAS-stationary,14,400,1.0,1,199,0.7528695976137838,0.0,390.9716125663792,22.52339199285552,0.0660116090089175,0.7727504832767991,1.5653573727383736,"{""rand1"": 47, ""pbest"": 55, ""closure"": 72, ""local"": 110, ""consensus"": 76}"
G11,2,DCAS-stationary,15,400,1.0,1,86,0.958677142096076,0.0,378.549064292412,33.95751460815795,0.0945613576821483,0.3036006511548306,1.5154467341136428,"{""rand1"": 66, ""pbest"": 42, ""closure"": 116, ""local"": 99, ""consensus"": 37}"
G11,2,DCAS-stationary,16,400,1.0,1,176,1.0,0.0,390.2207084559076,29.76497108611325,0.0559794995132468,0.7798077843792912,1.568941833682862,"{""rand1"": 88, ""pbest"": 46, ""closure"": 63, ""local"": 103, ""consensus"": 60}"
G11,2,DCAS-stationary,17,400,1.0,1,28,0.901065252200554,0.0,381.51058324748846,17.669256240914347,0.0582167713692904,0.4800750213443711,1.5764206712427973,"{""rand1"": 59, ""pbest"": 65, ""closure"": 108, ""local"": 74, ""consensus"": 54}"
G11,2,DCAS-stationary,18,400,1.0,1,314,0.7630259731196132,0.0,386.0221363632359,22.330605746051617,0.1001832013887234,0.168515884305358,1.5603769665508251,"{""rand1"": 50, ""pbest"": 87, ""closure"": 50, ""local"": 109, ""consensus"": 64}"
G11,2,DCAS-stationary,19,400,1.0,0,401,inf,0.0005211481675331,390.1075313440323,22.42859274970259,0.1167208858852816,0.0,1.355142093107613,"{""rand1"": 73, ""pbest"": 100, ""closure"": 0, ""local"": 122, ""consensus"": 65}"
G11,2,DCAS-stationary,20,400,1.0,1,17,0.8210728179157918,0.0,380.2539381704751,23.32711378796721,0.07791018362008,0.7077060083252034,1.549554806332189,"{""rand1"": 58, ""pbest"": 55, ""closure"": 118, ""local"": 82, ""consensus"": 47}"
G11,2,DCAS-stationary,21,400,1.0,1,62,0.7499659708931994,0.0,386.412549416445,25.4924103211048,0.0890360194618247,0.5165418031052706,1.5309634896112752,"{""rand1"": 47, ""pbest"": 57, ""closure"": 132, ""local"": 59, ""consensus"": 65}"
G11,2,DCAS-stationary,22,400,1.0,1,199,0.7795735144162802,0.0,385.8701763812063,23.36879877875572,0.0532451804398564,0.4082692974333842,1.5813163685555998,"{""rand1"": 50, ""pbest"": 62, ""closure"": 79, ""local"": 101, ""consensus"": 68}"
G11,2,DCAS-stationary,23,400,1.0,1,135,0.751054404246592,0.0,392.71286788188814,26.65569022356805,0.0381162249791338,0.632016632016632,1.5946601789344146,"{""rand1"": 71, ""pbest"": 51, ""closure"": 71, ""local"": 80, ""consensus"": 87}"
G11,2,DCAS-stationary,24,400,1.0,1,50,1.0,0.0,385.7198151841856,32.54257647284494,0.0705521699261139,1.0011318042122994,1.5462546414425418,"{""rand1"": 99, ""pbest"": 43, ""closure"": 71, ""local"": 102, ""consensus"": 45}"
G11,2,DCAS-stationary,25,400,1.0,1,148,1.0,0.0,385.3184346090142,35.27229652429909,0.085767255319501,1.238101667211507,1.5283802688334376,"{""rand1"": 69, ""pbest"": 59, ""closure"": 54, ""local"": 132, ""consensus"": 46}"
G11,2,DCAS-stationary,26,400,1.0,1,63,0.7673369181477141,0.0,386.4540619214244,53.20923399680409,0.074151773035167,0.268950237540088,1.4720093955733675,"{""rand1"": 71, ""pbest"": 41, ""closure"": 50, ""local"": 151, ""consensus"": 47}"
G11,2,DCAS-stationary,27,400,1.0,1,62,0.8202053562556282,0.0,382.04358360879695,48.43852689172612,0.0893857305850547,0.6888896823999798,1.4967687928472386,"{""rand1"": 61, ""pbest"": 52, ""closure"": 59, ""local"": 145, ""consensus"": 43}"
G11,2,DCAS-stationary,28,400,1.0,1,56,0.9233441525794036,0.0,382.6025638728666,29.869391208173496,0.0785153030837327,0.4504418130888719,1.5434692437608593,"{""rand1"": 61, ""pbest"": 48, ""closure"": 90, ""local"": 115, ""consensus"": 46}"
G11,2,DCAS-stationary,29,400,1.0,1,52,0.9018486289799208,0.0,382.0483570381635,37.3596845029062,0.0920863298319462,0.1429191860770808,1.529351566605294,"{""rand1"": 64, ""pbest"": 45, ""closure"": 93, ""local"": 117, ""consensus"": 41}"
G11,2,DE-EPS,0,400,1.0,1,66,1.0,0.0,400.0,0.0,0.0,0.0,0.0,{}
G11,2,DE-EPS,1,400,1.0,1,83,1.0,0.0,400.0,0.0,0.0,0.0,0.0,{}
G11,2,DE-EPS,2,400,1.0,1,75,1.0,0.0,400.0,0.0,0.0,0.0,0.0,{}
G11,2,DE-EPS,3,400,1.0,1,82,1.0,0.0,400.0,0.0,0.0,0.0,0.0,{}
G11,2,DE-EPS,4,400,1.0,1,135,1.0,0.0,400.0,0.0,0.0,0.0,0.0,{}
G11,2,DE-EPS,5,400,1.0,1,52,1.0,0.0,400.0,0.0,0.0,0.0,0.0,{}
G11,2,DE-EPS,6,400,1.0,1,70,1.0,0.0,400.0,0.0,0.0,0.0,0.0,{}
G11,2,DE-EPS,7,400,1.0,1,119,1.0,0.0,400.0,0.0,0.0,0.0,0.0,{}
G11,2,DE-EPS,8,400,1.0,1,68,0.7663330685570326,0.0,400.0,0.0,0.0,0.0,0.0,{}
G11,2,DE-EPS,9,400,1.0,1,55,0.9978738182319552,0.0,400.0,0.0,0.0,0.0,0.0,{}
G11,2,DE-EPS,10,400,1.0,1,155,1.0,0.0,400.0,0.0,0.0,0.0,0.0,{}
G11,2,DE-EPS,11,400,1.0,1,68,1.0,0.0,400.0,0.0,0.0,0.0,0.0,{}
G11,2,DE-EPS,12,400,1.0,1,51,1.0,0.0,400.0,0.0,0.0,0.0,0.0,{}
G11,2,DE-EPS,13,400,1.0,1,55,0.7630649930936846,0.0,400.0,0.0,0.0,0.0,0.0,{}
G11,2,DE-EPS,14,400,1.0,1,72,1.0,0.0,400.0,0.0,0.0,0.0,0.0,{}
G11,2,DE-EPS,15,400,1.0,1,72,0.7584669507058233,0.0,400.0,0.0,0.0,0.0,0.0,{}
G11,2,DE-EPS,16,400,1.0,1,49,1.0,0.0,400.0,0.0,0.0,0.0,0.0,{}
G11,2,DE-EPS,17,400,1.0,1,28,0.991554962779334,0.0,400.0,0.0,0.0,0.0,0.0,{}
G11,2,DE-EPS,18,400,1.0,1,152,1.0,0.0,400.0,0.0,0.0,0.0,0.0,{}
G11,2,DE-EPS,19,400,1.0,0,216,inf,0.004375012383541,400.0,0.0,0.0,0.0,0.0,{}
G11,2,DE-EPS,20,400,1.0,1,17,1.0,0.0,400.0,0.0,0.0,0.0,0.0,{}
G11,2,DE-EPS,21,400,1.0,1,57,1.0,0.0,400.0,0.0,0.0,0.0,0.0,{}
G11,2,DE-EPS,22,400,1.0,1,129,0.9801519302865244,0.0,400.0,0.0,0.0,0.0,0.0,{}
G11,2,DE-EPS,23,400,1.0,1,48,0.7807630721339462,0.0,400.0,0.0,0.0,0.0,0.0,{}
G11,2,DE-EPS,24,400,1.0,1,51,0.7547155226096646,0.0,400.0,0.0,0.0,0.0,0.0,{}
G11,2,DE-EPS,25,400,1.0,1,63,1.0,0.0,400.0,0.0,0.0,0.0,0.0,{}
G11,2,DE-EPS,26,400,1.0,1,50,1.0,0.0,400.0,0.0,0.0,0.0,0.0,{}
G11,2,DE-EPS,27,400,1.0,1,135,0.7705633106993551,0.0,400.0,0.0,0.0,0.0,0.0,{}
G11,2,DE-EPS,28,400,1.0,1,72,0.7555828967154828,0.0,400.0,0.0,0.0,0.0,0.0,{}
G11,2,DE-EPS,29,400,1.0,1,47,0.7766860644847207,0.0,400.0,0.0,0.0,0.0,0.0,{}
G11,2,DE-NCV,0,400,1.0,1,66,1.0,0.0,400.0,0.0,0.0,0.0,0.0,{}
G11,2,DE-NCV,1,400,1.0,1,83,1.0,0.0,400.0,0.0,0.0,0.0,0.0,{}
G11,2,DE-NCV,2,400,1.0,1,75,0.95701905627573,0.0,400.0,0.0,0.0,0.0,0.0,{}
G11,2,DE-NCV,3,400,1.0,1,82,1.0,0.0,400.0,0.0,0.0,0.0,0.0,{}
G11,2,DE-NCV,4,400,1.0,1,84,0.8449022071682051,0.0,400.0,0.0,0.0,0.0,0.0,{}
G11,2,DE-NCV,5,400,1.0,1,52,0.956976072516076,0.0,400.0,0.0,0.0,0.0,0.0,{}
G11,2,DE-NCV,6,400,1.0,1,70,1.0,0.0,400.0,0.0,0.0,0.0,0.0,{}
G11,2,DE-NCV,7,400,1.0,1,92,1.0,0.0,400.0,0.0,0.0,0.0,0.0,{}
G11,2,DE-NCV,8,400,1.0,1,68,0.931610934717226,0.0,400.0,0.0,0.0,0.0,0.0,{}
G11,2,DE-NCV,9,400,1.0,1,55,1.0,0.0,400.0,0.0,0.0,0.0,0.0,{}
G11,2,DE-NCV,10,400,1.0,1,105,0.8725466825543577,0.0,400.0,0.0,0.0,0.0,0.0,{}
G11,2,DE-NCV,11,400,1.0,1,68,0.8146733460625752,0.0,400.0,0.0,0.0,0.0,0.0,{}
G11,2,DE-NCV,12,400,1.0,1,51,1.0,0.0,400.0,0.0,0.0,0.0,0.0,{}
G11,2,DE-NCV,13,400,1.0,1,55,1.0,0.0,400.0,0.0,0.0,0.0,0.0,{}
G11,2,DE-NCV,14,400,1.0,1,72,0.8874739824582043,0.0,400.0,0.0,0.0,0.0,0.0,{}
G11,2,DE-NCV,15,400,1.0,1,72,1.0,0.0,400.0,0.0,0.0,0.0,0.0,{}
G11,2,DE-NCV,16,400,1.0,1,49,1.0,0.0,400.0,0.0,0.0,0.0,0.0,{}
G11,2,DE-NCV,17,400,1.0,1,28,0.991554962779334,0.0,400.0,0.0,0.0,0.0,0.0,{}
G11,2,DE-NCV,18,400,1.0,1,151,0.9576958876400744,0.0,400.0,0.0,0.0,0.0,0.0,{}
G11,2,DE-NCV,19,400,1.0,1,112,0.805013829919218,0.0,400.0,0.0,0.0,0.0,0.0,{}
G11,2,DE-NCV,20,400,1.0,1,17,0.8210728179157918,0.0,400.0,0.0,0.0,0.0,0.0,{}
G11,2,DE-NCV,21,400,1.0,1,57,0.7793565788968013,0.0,400.0,0.0,0.0,0.0,0.0,{}
G11,2,DE-NCV,22,400,1.0,1,131,0.9461861041610437,0.0,400.0,0.0,0.0,0.0,0.0,{}
G11,2,DE-NCV,23,400,1.0,1,48,1.0,0.0,400.0,0.0,0.0,0.0,0.0,{}
G11,2,DE-NCV,24,400,1.0,1,51,1.0,0.0,400.0,0.0,0.0,0.0,0.0,{}
G11,2,DE-NCV,25,400,1.0,1,63,0.8916274079652236,0.0,400.0,0.0,0.0,0.0,0.0,{}
G11,2,DE-NCV,26,400,1.0,1,50,0.9174685093132172,0.0,400.0,0.0,0.0,0.0,0.0,{}
G11,2,DE-NCV,27,400,1.0,1,135,0.7705633106993551,0.0,400.0,0.0,0.0,0.0,0.0,{}
G11,2,DE-NCV,28,400,1.0,1,71,1.0,0.0,400.0,0.0,0.0,0.0,0.0,{}
G11,2,DE-NCV,29,400,1.0,1,47,1.0,0.0,400.0,0.0,0.0,0.0,0.0,{}
G11,2,DE-PEN,0,400,1.0,1,66,1.0,0.0,400.0,0.0,0.0,0.0,0.0,{}
G11,2,DE-PEN,1,400,1.0,1,83,1.0,0.0,400.0,0.0,0.0,0.0,0.0,{}
G11,2,DE-PEN,2,400,1.0,1,75,0.95701905627573,0.0,400.0,0.0,0.0,0.0,0.0,{}
G11,2,DE-PEN,3,400,1.0,1,82,1.0,0.0,400.0,0.0,0.0,0.0,0.0,{}
G11,2,DE-PEN,4,400,1.0,1,84,0.8449022071682051,0.0,400.0,0.0,0.0,0.0,0.0,{}
G11,2,DE-PEN,5,400,1.0,1,52,0.956976072516076,0.0,400.0,0.0,0.0,0.0,0.0,{}
G11,2,DE-PEN,6,400,1.0,1,70,1.0,0.0,400.0,0.0,0.0,0.0,0.0,{}
G11,2,DE-PEN,7,400,1.0,1,92,0.9132136088365752,0.0,400.0,0.0,0.0,0.0,0.0,{}
G11,2,DE-PEN,8,400,1.0,1,68,1.0,0.0,400.0,0.0,0.0,0.0,0.0,{}
G11,2,DE-PEN,9,400,1.0,1,55,1.0,0.0,400.0,0.0,0.0,0.0,0.0,{}
G11,2,DE-PEN,10,400,1.0,1,105,1.0,0.0,400.0,0.0,0.0,0.0,0.0,{}
G11,2,DE-PEN,11,400,1.0,1,68,0.8146733460625752,0.0,400.0,0.0,0.0,0.0,0.0,{}
G11,2,DE-PEN,12,400,1.0,1,51,1.0,0.0,400.0,0.0,0.0,0.0,0.0,{}
G11,2,DE-PEN,13,400,1.0,1,55,1.0,0.0,400.0,0.0,0.0,0.0,0.0,{}
G11,2,DE-PEN,14,400,1.0,1,72,0.8874739824582043,0.0,400.0,0.0,0.0,0.0,0.0,{}
G11,2,DE-PEN,15,400,1.0,1,148,1.0,0.0,400.0,0.0,0.0,0.0,0.0,{}
G11,2,DE-PEN,16,400,1.0,1,49,1.0,0.0,400.0,0.0,0.0,0.0,0.0,{}
G11,2,DE-PEN,17,400,1.0,1,28,0.991554962779334,0.0,400.0,0.0,0.0,0.0,0.0,{}
G11,2,DE-PEN,18,400,1.0,1,151,0.9576958876400744,0.0,400.0,0.0,0.0,0.0,0.0,{}
G11,2,DE-PEN,19,400,1.0,1,112,0.805013829919218,0.0,400.0,0.0,0.0,0.0,0.0,{}
G11,2,DE-PEN,20,400,1.0,1,17,0.8210728179157918,0.0,400.0,0.0,0.0,0.0,0.0,{}
G11,2,DE-PEN,21,400,1.0,1,57,0.7793565788968013,0.0,400.0,0.0,0.0,0.0,0.0,{}
G11,2,DE-PEN,22,400,1.0,1,100,1.0,0.0,400.0,0.0,0.0,0.0,0.0,{}
G11,2,DE-PEN,23,400,1.0,1,48,1.0,0.0,400.0,0.0,0.0,0.0,0.0,{}
G11,2,DE-PEN,24,400,1.0,1,51,1.0,0.0,400.0,0.0,0.0,0.0,0.0,{}
G11,2,DE-PEN,25,400,1.0,1,63,0.8916274079652236,0.0,400.0,0.0,0.0,0.0,0.0,{}
G11,2,DE-PEN,26,400,1.0,1,50,0.9174685093132172,0.0,400.0,0.0,0.0,0.0,0.0,{}
G11,2,DE-PEN,27,400,1.0,1,135,0.7705633106993551,0.0,400.0,0.0,0.0,0.0,0.0,{}
G11,2,DE-PEN,28,400,1.0,1,72,1.0,0.0,400.0,0.0,0.0,0.0,0.0,{}
G11,2,DE-PEN,29,400,1.0,1,47,1.0,0.0,400.0,0.0,0.0,0.0,0.0,{}
G11,2,JADE-NCV,0,400,1.0,1,47,0.7506224582597416,0.0,400.0,0.0,0.0,0.0,0.0,{}
G11,2,JADE-NCV,1,400,1.0,1,118,0.9978720927019376,0.0,400.0,0.0,0.0,0.0,0.0,{}
G11,2,JADE-NCV,2,400,1.0,1,91,0.9935603984857084,0.0,400.0,0.0,0.0,0.0,0.0,{}
G11,2,JADE-NCV,3,400,1.0,1,66,0.7734625190753841,0.0,400.0,0.0,0.0,0.0,0.0,{}
G11,2,JADE-NCV,4,400,1.0,1,105,1.0,0.0,400.0,0.0,0.0,0.0,0.0,{}
G11,2,JADE-NCV,5,400,1.0,1,83,0.996249512710322,0.0,400.0,0.0,0.0,0.0,0.0,{}
G11,2,JADE-NCV,6,400,1.0,1,186,1.0,0.0,400.0,0.0,0.0,0.0,0.0,{}
G11,2,JADE-NCV,7,400,1.0,1,120,0.8098722344357598,0.0,400.0,0.0,0.0,0.0,0.0,{}
G11,2,JADE-NCV,8,400,1.0,1,227,0.9934777023528426,0.0,400.0,0.0,0.0,0.0,0.0,{}
G11,2,JADE-NCV,9,400,1.0,1,101,1.0,0.0,400.0,0.0,0.0,0.0,0.0,{}
G11,2,JADE-NCV,10,400,1.0,1,157,0.9554029211627766,0.0,400.0,0.0,0.0,0.0,0.0,{}
G11,2,JADE-NCV,11,400,1.0,1,287,0.7572250168556633,0.0,400.0,0.0,0.0,0.0,0.0,{}
G11,2,JADE-NCV,12,400,1.0,1,122,1.0,0.0,400.0,0.0,0.0,0.0,0.0,{}
G11,2,JADE-NCV,13,400,1.0,1,55,1.0,0.0,400.0,0.0,0.0,0.0,0.0,{}
G11,2,JADE-NCV,14,400,1.0,1,73,0.7723027639396252,0.0,400.0,0.0,0.0,0.0,0.0,{}
G11,2,JADE-NCV,15,400,1.0,1,110,0.753709350307812,0.0,400.0,0.0,0.0,0.0,0.0,{}
G11,2,JADE-NCV,16,400,1.0,1,144,1.0,0.0,400.0,0.0,0.0,0.0,0.0,{}
G11,2,JADE-NCV,17,400,1.0,1,28,0.990780451430393,0.0,400.0,0.0,0.0,0.0,0.0,{}
G11,2,JADE-NCV,18,400,1.0,1,89,1.0,0.0,400.0,0.0,0.0,0.0,0.0,{}
G11,2,JADE-NCV,19,400,1.0,1,106,1.0,0.0,400.0,0.0,0.0,0.0,0.0,{}
G11,2,JADE-NCV,20,400,1.0,1,17,0.8210728179157918,0.0,400.0,0.0,0.0,0.0,0.0,{}
G11,2,JADE-NCV,21,400,1.0,1,224,0.9691463095353544,0.0,400.0,0.0,0.0,0.0,0.0,{}
G11,2,JADE-NCV,22,400,1.0,0,401,inf,0.0001297180477719,400.0,0.0,0.0,0.0,0.0,{}
G11,2,JADE-NCV,23,400,1.0,1,184,0.9025719620075442,0.0,400.0,0.0,0.0,0.0,0.0,{}
G11,2,JADE-NCV,24,400,1.0,1,75,0.7756312333111448,0.0,400.0,0.0,0.0,0.0,0.0,{}
G11,2,JADE-NCV,25,400,1.0,1,68,0.9992083435069314,0.0,400.0,0.0,0.0,0.0,0.0,{}
G11,2,JADE-NCV,26,400,1.0,0,401,inf,0.0003708388645449,400.0,0.0,0.0,0.0,0.0,{}
G11,2,JADE-NCV,27,400,1.0,1,74,1.0,0.0,400.0,0.0,0.0,0.0,0.0,{}
G11,2,JADE-NCV,28,400,1.0,1,44,0.7496892014835546,0.0,400.0,0.0,0.0,0.0,0.0,{}
G11,2,JADE-NCV,29,400,1.0,1,162,1.0,0.0,400.0,0.0,0.0,0.0,0.0,{}
G11,2,UCB-Objective,0,400,1.0,1,103,1.0,0.0,395.7735504597888,29.77462977421991,0.0149126984126984,0.7150497458151246,1.6078490733294524,"{""rand1"": 74, ""pbest"": 74, ""closure"": 64, ""local"": 74, ""consensus"": 74}"
G11,2,UCB-Objective,1,400,1.0,1,41,0.9304132568171548,0.0,389.9695579376837,27.3183145352086,0.0,0.4354267789911887,1.6094379124341005,"{""rand1"": 72, ""pbest"": 72, ""closure"": 72, ""local"": 72, ""consensus"": 72}"
G11,2,UCB-Objective,2,400,1.0,1,216,0.7777447713061845,0.0,393.8792342294079,22.950410010773627,0.0540778119695821,0.1485939380676222,1.586512707051773,"{""rand1"": 80, ""pbest"": 79, ""closure"": 43, ""local"": 79, ""consensus"": 79}"
G11,2,UCB-Objective,3,400,1.0,1,107,1.0,0.0,392.1652146391385,32.05041775838599,0.0149126984126984,0.6609003932756793,1.6078490733294524,"{""rand1"": 74, ""pbest"": 74, ""closure"": 64, ""local"": 74, ""consensus"": 74}"
G11,2,UCB-Objective,4,400,1.0,1,106,0.9751518558488486,0.0,392.3708854468071,31.76322876423928,0.0149126984126984,0.8446781586171758,1.6078490733294524,"{""rand1"": 74, ""pbest"": 74, ""closure"": 64, ""local"": 74, ""consensus"": 74}"
G11,2,UCB-Objective,5,400,1.0,1,57,1.0,0.0,390.98215860031576,28.161131051721668,0.0023579046521652,0.3000294854784019,1.6093993309467285,"{""rand1"": 73, ""pbest"": 72, ""closure"": 71, ""local"": 72, ""consensus"": 72}"
G11,2,UCB-Objective,6,400,1.0,1,145,0.9696522801815004,0.0,395.2054966144314,22.719011600586622,0.0279985664484281,0.5114789099348583,1.603679774874944,"{""rand1"": 76, ""pbest"": 76, ""closure"": 57, ""local"": 76, ""consensus"": 75}"
G11,2,UCB-Objective,7,400,1.0,1,57,0.9959072539877832,0.0,390.8151335439591,32.44820195689306,0.0023579046521652,0.4426351568295302,1.6093993309467285,"{""rand1"": 73, ""pbest"": 72, ""closure"": 71, ""local"": 72, ""consensus"": 72}"
G11,2,UCB-Objective,8,400,1.0,1,265,0.9593575544396792,0.0,393.3531855516505,27.621312392654843,0.0732098967065412,0.7992488859868766,1.56558162621719,"{""rand1"": 82, ""pbest"": 82, ""closure"": 33, ""local"": 82, ""consensus"": 81}"
G11,2,UCB-Objective,9,400,1.0,1,43,0.9952753813123713,0.0,388.4742780529321,28.6312576920576,0.0,0.8204421069126951,1.6094379124341005,"{""rand1"": 72, ""pbest"": 72, ""closure"": 72, ""local"": 72, ""consensus"": 72}"
G11,2,UCB-Objective,10,400,1.0,1,139,0.7617491512073151,0.0,390.34394243681993,22.789370937132038,0.0261504276234711,0.2351603020024072,1.6044363109899855,"{""rand1"": 76, ""pbest"": 76, ""closure"": 58, ""local"": 75, ""consensus"": 75}"
G11,2,UCB-Objective,11,400,1.0,1,65,1.0,0.0,391.48367632372856,31.63554862098917,0.0040840106569531,0.4619154520715969,1.6093216245350663,"{""rand1"": 73, ""pbest"": 73, ""closure"": 70, ""local"": 72, ""consensus"": 72}"
G11,2,UCB-Objective,12,400,1.0,1,65,0.9873556714896112,0.0,390.12971810918594,29.40191583585634,0.0040840106569531,0.6226353574186392,1.6093216245350663,"{""rand1"": 73, ""pbest"": 73, ""closure"": 70, ""local"": 72, ""consensus"": 72}"
G11,2,UCB-Objective,13,400,1.0,1,127,0.8454051593176141,0.0,391.7444223638119,32.73606923470926,0.0223690476190476,0.7680050145540929,1.6058065097995469,"{""rand1"": 75, ""pbest"": 75, ""closure"": 60, ""local"": 75, ""consensus"": 75}"
G11,2,UCB-Objective,14,400,1.0,0,401,inf,0.0008664842441832,398.2706441223888,20.82789350136494,0.1,0.0,1.3862943611198906,"{""rand1"": 90, ""pbest"": 90, ""closure"": 0, ""local"": 90, ""consensus"": 90}"
G11,2,UCB-Objective,15,400,1.0,1,46,0.9944773130088296,0.0,390.8172968173896,31.516315299628,0.0,0.5548093392675436,1.6094379124341005,"{""rand1"": 72, ""pbest"": 72, ""closure"": 72, ""local"": 72, ""consensus"": 72}"
G11,2,UCB-Objective,16,400,1.0,1,137,0.7496785484526232,0.0,394.9185781819553,36.15511841515617,0.0261504276234711,0.5996410634590674,1.6044363109899855,"{""rand1"": 76, ""pbest"": 76, ""closure"": 58, ""local"": 75, ""consensus"": 75}"
G11,2,UCB-Objective,17,400,1.0,1,28,0.991554962779334,0.0,385.5358010828991,17.92375647684494,0.0,0.7817976272465437,1.6094379124341005,"{""rand1"": 72, ""pbest"": 72, ""closure"": 72, ""local"": 72, ""consensus"": 72}"
G11,2,UCB-Objective,18,400,1.0,1,157,1.0,0.0,394.3593963823191,25.354516374243392,0.0335949700518782,0.9178820077905108,1.6010411392183213,"{""rand1"": 77, ""pbest"": 77, ""closure"": 54, ""local"": 76, ""consensus"": 76}"
G11,2,UCB-Objective,19,400,1.0,1,80,0.8766265117100797,0.0,388.4600250430444,22.599223384140718,0.0074563492063492,0.382540029908451,1.6090465848743072,"{""rand1"": 73, ""pbest"": 73, ""closure"": 68, ""local"": 73, ""consensus"": 73}"
G11,2,UCB-Objective,20,400,1.0,1,17,0.8035315529212999,0.0,389.7238791962395,21.48926072339489,0.0,0.3780034285297443,1.6094379124341005,"{""rand1"": 72, ""pbest"": 72, ""closure"": 72, ""local"": 72, ""consensus"": 72}"
G11,2,UCB-Objective,21,400,1.0,1,78,1.0,0.0,390.5530460638485,33.76138803603718,0.0074563492063492,0.2678674834386236,1.6090465848743072,"{""rand1"": 73, ""pbest"": 73, ""closure"": 68, ""local"": 73, ""consensus"": 73}"
G11,2,UCB-Objective,22,400,1.0,1,72,0.8681013902138213,0.0,390.2176152072755,20.315199858112287,0.0057756632599394,0.5667323193638983,1.6092042342338655,"{""rand1"": 73, ""pbest"": 73, ""closure"": 69, ""local"": 73, ""consensus"": 72}"
G11,2,UCB-Objective,23,400,1.0,1,181,1.0,0.0,394.7997336745175,30.475373617428463,0.0410437991377119,0.6303047595856925,1.596676914226681,"{""rand1"": 78, ""pbest"": 78, ""closure"": 50, ""local"": 77, ""consensus"": 77}"
G11,2,UCB-Objective,24,400,1.0,1,52,0.8115944211120738,0.0,387.6385303175574,20.53869473419891,0.0,0.6820439873071452,1.6094379124341005,"{""rand1"": 72, ""pbest"": 72, ""closure"": 72, ""local"": 72, ""consensus"": 72}"
G11,2,UCB-Objective,25,400,1.0,1,48,0.8694878511925742,0.0,386.8248130499172,19.813012639840647,0.0,0.7092716197979356,1.6094379124341005,"{""rand1"": 72, ""pbest"": 72, ""closure"": 72, ""local"": 72, ""consensus"": 72}"
G11,2,UCB-Objective,26,400,1.0,1,66,0.7607404270238413,0.0,391.9695961311761,53.60194758125522,0.0040840106569531,0.6119548406006878,1.6093216245350663,"{""rand1"": 73, ""pbest"": 73, ""closure"": 70, ""local"": 72, ""consensus"": 72}"
G11,2,UCB-Objective,27,400,1.0,1,54,0.9422710188453904,0.0,396.2560296405655,24.299530198488547,0.0,0.587103587846622,1.6094379124341005,"{""rand1"": 72, ""pbest"": 72, ""closure"": 72, ""local"": 72, ""consensus"": 72}"
G11,2,UCB-Objective,28,400,1.0,1,49,0.934191847618018,0.0,390.643987265308,30.008280610282373,0.0,0.4748556957467981,1.6094379124341005,"{""rand1"": 72, ""pbest"": 72, ""closure"": 72, ""local"": 72, ""consensus"": 72}"
G11,2,UCB-Objective,29,400,1.0,1,86,0.7560717941827129,0.0,391.0089641116045,44.08483858468344,0.0094316186086609,0.6864033144582343,1.6088100314284866,"{""rand1"": 74, ""pbest"": 73, ""closure"": 67, ""local"": 73, ""consensus"": 73}"
G11,2,UCB-Success,0,400,1.0,1,66,0.8058598516488846,0.0,385.201823696096,51.61962855452421,0.0472258249290382,0.4737695637695638,1.593237963760077,"{""rand1"": 64, ""pbest"": 74, ""closure"": 83, ""local"": 87, ""consensus"": 52}"
G11,2,UCB-Success,1,400,1.0,1,41,0.9619335613206548,0.0,390.0266904990328,34.028065163690755,0.0267680831374219,0.6284497855086089,1.5987280736784006,"{""rand1"": 78, ""pbest"": 80, ""closure"": 54, ""local"": 67, ""consensus"": 81}"
G11,2,UCB-Success,2,400,1.0,1,262,0.9374877291923334,0.0,395.9317431755039,25.346589620454957,0.0899497497488899,0.2813665613665613,1.5630243286325098,"{""rand1"": 57, ""pbest"": 51, ""closure"": 80, ""local"": 59, ""consensus"": 113}"
G11,2,UCB-Success,3,400,1.0,1,105,0.961821905907533,0.0,387.1814585596192,24.30590719710717,0.0505414905079426,0.3737271909600382,1.594357751936519,"{""rand1"": 53, ""pbest"": 64, ""closure"": 89, ""local"": 77, ""consensus"": 77}"
G11,2,UCB-Success,4,400,1.0,1,244,0.7622516247256754,0.0,402.1577118600839,26.7604298063482,0.1180071904840354,0.7863254810623231,1.533894312184275,"{""rand1"": 78, ""pbest"": 48, ""closure"": 56, ""local"": 51, ""consensus"": 127}"
G11,2,UCB-Success,5,400,1.0,1,54,1.0,0.0,383.34409001577205,33.144337810561524,0.0549518709874993,0.3682683982683983,1.5866933800019514,"{""rand1"": 87, ""pbest"": 61, ""closure"": 94, ""local"": 63, ""consensus"": 55}"
G11,2,UCB-Success,6,400,1.0,1,47,0.8402475865883596,0.0,384.90664159479616,23.684680867357542,0.1063872358389603,0.748848498505412,1.4876783650488343,"{""rand1"": 64, ""pbest"": 49, ""closure"": 145, ""local"": 65, ""consensus"": 37}"
G11,2,UCB-Success,7,400,1.0,1,343,0.9244722529089424,0.0,400.0314415011408,27.30845978628146,0.1135875893973341,0.3663420505525768,1.515117466709357,"{""rand1"": 55, ""pbest"": 57, ""closure"": 32, ""local"": 101, ""consensus"": 115}"
G11,2,UCB-Success,8,400,1.0,1,304,0.9188596928977651,0.0,399.6352236810401,27.342561420211368,0.1254604547371942,0.1822358912529191,1.508685726209514,"{""rand1"": 32, ""pbest"": 83, ""closure"": 54, ""local"": 62, ""consensus"": 129}"
G11,2,UCB-Success,9,400,1.0,1,43,0.8188947214811153,0.0,384.75754044522097,42.3718918286598,0.048861195146249,0.2910645340211903,1.60000741702376,"{""rand1"": 85, ""pbest"": 66, ""closure"": 68, ""local"": 82, ""consensus"": 59}"
G11,2,UCB-Success,10,400,1.0,1,325,0.997397373061055,0.0,392.51065439569226,21.78040893634869,0.1174475173201546,0.1128351023087865,1.534085969148444,"{""rand1"": 62, ""pbest"": 59, ""closure"": 36, ""local"": 120, ""consensus"": 83}"
G11,2,UCB-Success,11,400,1.0,1,54,1.0,0.0,385.6942979572087,35.440423508029724,0.047018092775869,0.3267162249515191,1.5855914058176457,"{""rand1"": 77, ""pbest"": 82, ""closure"": 55, ""local"": 93, ""consensus"": 53}"
G11,2,UCB-Success,12,400,1.0,1,79,1.0,0.0,388.657934433457,30.937769607968907,0.0366219617833088,0.3077625622907626,1.587140606416742,"{""rand1"": 76, ""pbest"": 73, ""closure"": 97, ""local"": 51, ""consensus"": 63}"
G11,2,UCB-Success,13,400,1.0,1,69,0.9965595452698026,0.0,404.7447001358146,30.7657176055282,0.0694539081416343,0.3148318348318348,1.4969718164762589,"{""rand1"": 38, ""pbest"": 70, ""closure"": 46, ""local"": 66, ""consensus"": 140}"
G11,2,UCB-Success,14,400,1.0,1,83,0.839694936400114,0.0,387.7231037523325,32.24599164397762,0.0671265487351079,0.5409882958757639,1.5848321377911458,"{""rand1"": 71, ""pbest"": 64, ""closure"": 104, ""local"": 64, ""consensus"": 57}"
G11,2,UCB-Success,15,400,1.0,1,282,0.9362608676862804,0.0,401.57084202387256,27.83820625026795,0.1224911197580635,0.3425508923341741,1.5055990028943975,"{""rand1"": 36, ""pbest"": 62, ""closure"": 54, ""local"": 71, ""consensus"": 137}"
G11,2,UCB-Success,16,400,1.0,1,217,1.0,0.0,397.29020297106376,26.375336592006285,0.0569132418668084,1.121349144072228,1.5953959803402369,"{""rand1"": 77, ""pbest"": 79, ""closure"": 49, ""local"": 78, ""consensus"": 77}"
G11,2,UCB-Success,17,400,1.0,1,28,0.9671956341483846,0.0,390.3758451839902,19.904807129047832,0.1401748436636699,0.6383707810945806,1.379295637736659,"{""rand1"": 32, ""pbest"": 32, ""closure"": 158, ""local"": 36, ""consensus"": 102}"
G11,2,UCB-Success,18,400,1.0,1,176,0.9085257363789307,0.0,396.8496905643296,21.117290862162555,0.0886446208808978,0.5403395182342551,1.5359867051825364,"{""rand1"": 49, ""pbest"": 53, ""closure"": 46, ""local"": 110, ""consensus"": 102}"
G11,2,UCB-Success,19,400,1.0,1,51,0.9308927913539298,0.0,384.2541822124568,28.75174239870675,0.0906200552871712,0.6988803508153354,1.5360170046491473,"{""rand1"": 46, ""pbest"": 87, ""closure"": 120, ""local"": 46, ""consensus"": 61}"
G11,2,UCB-Success,20,400,1.0,1,17,0.8210728179157918,0.0,387.1550243057009,18.399998958326226,0.0936631062975957,0.800437684648211,1.5054753874919136,"{""rand1"": 57, ""pbest"": 48, ""closure"": 138, ""local"": 42, ""consensus"": 75}"
G11,2,UCB-Success,21,400,1.0,1,73,0.7974392625744731,0.0,393.8675649992543,35.05938576344948,0.0348434442004846,0.4393631334799265,1.594983735153538,"{""rand1"": 91, ""pbest"": 78, ""closure"": 55, ""local"": 64, ""consensus"": 72}"
G11,2,UCB-Success,22,400,1.0,1,96,1.0,0.0,393.6224657921129,28.481425106142144,0.0334839917545973,0.8268254115741641,1.6004314548328282,"{""rand1"": 76, ""pbest"": 63, ""closure"": 61, ""local"": 88, ""consensus"": 72}"
G11,2,UCB-Success,23,400,1.0,1,98,1.0,0.0,391.46576449355496,34.156859046538045,0.0602271337540868,0.3718195382039776,1.5752899320201386,"{""rand1"": 86, ""pbest"": 46, ""closure"": 97, ""local"": 57, ""consensus"": 74}"
G11,2,UCB-Success,24,400,1.0,1,50,0.9513134471459236,0.0,391.3862241673912,30.392526804055947,0.0463374996092547,0.26000666000666,1.5911202935952584,"{""rand1"": 79, ""pbest"": 63, ""closure"": 85, ""local"": 50, ""consensus"": 83}"
G11,2,UCB-Success,25,400,1.0,1,303,1.0,0.0,399.003089654343,27.401307269492925,0.0892776000713586,0.452743583269899,1.548624419946706,"{""rand1"": 77, ""pbest"": 74, ""closure"": 29, ""local"": 81, ""consensus"": 99}"
G11,2,UCB-Success,26,400,1.0,1,258,0.9318855960298806,0.0,401.4559670436674,27.719236305049535,0.1259518972344835,0.3132588227325069,1.5076840237745497,"{""rand1"": 42, ""pbest"": 70, ""closure"": 45, ""local"": 66, ""consensus"": 137}"
G11,2,UCB-Success,27,400,1.0,1,61,0.949799050591028,0.0,393.3434122045128,27.36307006677684,0.05920235132236,0.4434926837868015,1.5822543116261822,"{""rand1"": 65, ""pbest"": 46, ""closure"": 87, ""local"": 70, ""consensus"": 92}"
G11,2,UCB-Success,28,400,1.0,1,110,0.7912004296371983,0.0,388.3183818582436,30.26423151586874,0.0350574443211361,0.9225243904702108,1.595931016472193,"{""rand1"": 86, ""pbest"": 58, ""closure"": 86, ""local"": 68, ""consensus"": 62}"
G11,2,UCB-Success,29,400,1.0,1,52,1.0,0.0,388.5419679456154,33.795789882799795,0.0161760300739382,0.5129810104643864,1.6059934543901382,"{""rand1"": 63, ""pbest"": 75, ""closure"": 77, ""local"": 78, ""consensus"": 67}"
G11,2,UCB-Violation,0,400,1.0,1,49,0.989132953490619,0.0,389.4874891525728,34.95107827680283,0.0290445091261891,0.7178351473088315,1.603802579842521,"{""rand1"": 67, ""pbest"": 71, ""closure"": 87, ""local"": 70, ""consensus"": 65}"
G11,2,UCB-Violation,1,400,1.0,1,41,0.9250504892775316,0.0,393.092160595224,28.395198945151694,0.0183202979222458,0.5487956875537977,1.6070460746231152,"{""rand1"": 72, ""pbest"": 66, ""closure"": 72, ""local"": 81, ""consensus"": 69}"
G11,2,UCB-Violation,2,400,1.0,1,88,0.8470981682877362,0.0,387.06602833104586,22.05624907460955,0.0228485376795385,0.5867855709960974,1.6058516071151,"{""rand1"": 70, ""pbest"": 67, ""closure"": 66, ""local"": 83, ""consensus"": 74}"
G11,2,UCB-Violation,3,400,1.0,1,258,0.843376036103069,0.0,389.7834366508166,24.90786372581263,0.073901934904202,0.582518458307932,1.5645733750478563,"{""rand1"": 78, ""pbest"": 82, ""closure"": 33, ""local"": 88, ""consensus"": 79}"
G11,2,UCB-Violation,4,400,1.0,1,287,0.8142522984497969,0.0,392.8963457620804,27.36224549404388,0.0812896530872962,0.3985931564878933,1.5562475933515234,"{""rand1"": 77, ""pbest"": 80, ""closure"": 30, ""local"": 84, ""consensus"": 89}"
G11,2,UCB-Violation,5,400,1.0,0,401,inf,0.000256312419881,399.6541212398998,21.532315735279184,0.1018601955486379,0.0,1.3843522471370342,"{""rand1"": 85, ""pbest"": 84, ""closure"": 0, ""local"": 97, ""consensus"": 94}"
G11,2,UCB-Violation,6,400,1.0,1,63,0.9952348984950206,0.0,391.1475821889477,28.97990360829771,0.0194378721977902,0.534474998685525,1.606622043507496,"{""rand1"": 74, ""pbest"": 73, ""closure"": 62, ""local"": 78, ""consensus"": 73}"
G11,2,UCB-Violation,7,400,1.0,1,53,0.9160478466009312,0.0,388.0808738615782,34.67515655711363,0.0318800883128134,0.4650566976882765,1.60253116836894,"{""rand1"": 67, ""pbest"": 69, ""closure"": 89, ""local"": 70, ""consensus"": 65}"
G11,2,UCB-Violation,8,400,1.0,1,269,0.7533969050707057,0.0,387.8149680438626,26.32004604255706,0.0841700379246546,0.5069263595579385,1.5557173400620414,"{""rand1"": 74, ""pbest"": 77, ""closure"": 33, ""local"": 103, ""consensus"": 73}"
G11,2,UCB-Violation,9,400,1.0,1,43,0.9386736485716222,0.0,385.8056670397821,30.466138431841763,0.0298253968253968,0.3383466533466534,1.603305631126865,"{""rand1"": 73, ""pbest"": 61, ""closure"": 74, ""local"": 85, ""consensus"": 67}"
G11,2,UCB-Violation,10,400,1.0,1,116,0.9853310189489864,0.0,389.3213991007189,23.044919235123928,0.015564900997826,0.6514754895370096,1.6078318126702542,"{""rand1"": 70, ""pbest"": 76, ""closure"": 65, ""local"": 74, ""consensus"": 75}"
G11,2,UCB-Violation,11,400,1.0,1,172,0.9090486503006472,0.0,385.1348380611984,25.9845788872236,0.0579895464274668,0.494274287896579,1.586513283543009,"{""rand1"": 70, ""pbest"": 74, ""closure"": 51, ""local"": 99, ""consensus"": 66}"
G11,2,UCB-Violation,12,400,1.0,1,77,0.902473298009074,0.0,388.8276982873127,36.30988671989503,0.0244741952486387,0.7800671877142465,1.6055783757568192,"{""rand1"": 69, ""pbest"": 68, ""closure"": 73, ""local"": 84, ""consensus"": 66}"
G11,2,UCB-Violation,13,400,1.0,1,52,0.7508999679443683,0.0,389.2836032860298,50.23918563578945,0.0172092456721676,0.4371136280599196,1.6072883476414894,"{""rand1"": 71, ""pbest"": 75, ""closure"": 72, ""local"": 78, ""consensus"": 64}"
G11,2,UCB-Violation,14,400,1.0,1,89,0.7924526251126744,0.0,392.4859063907825,19.85320604090517,0.0040840106569531,0.9365165512533936,1.6093216245350663,"{""rand1"": 72, ""pbest"": 73, ""closure"": 70, ""local"": 72, ""consensus"": 73}"
G11,2,UCB-Violation,15,400,1.0,1,236,0.7685833471252579,0.0,386.5123450955962,27.04978934766138,0.0771657227293461,0.5489033394296552,1.568477357232983,"{""rand1"": 71, ""pbest"": 73, ""closure"": 40, ""local"": 104, ""consensus"": 72}"
G11,2,UCB-Violation,16,400,1.0,1,62,0.9652239975536014,0.0,391.28123324963656,28.167231610796687,0.0142881266879354,0.4129176893909697,1.6078954627058082,"{""rand1"": 80, ""pbest"": 71, ""closure"": 70, ""local"": 70, ""consensus"": 69}"
G11,2,UCB-Violation,17,400,1.0,1,28,0.7496964271525869,0.0,387.9786806424372,17.700905456453025,0.0358341527423414,0.7231243389138127,1.601095810638557,"{""rand1"": 65, ""pbest"": 68, ""closure"": 68, ""local"": 91, ""consensus"": 68}"
G11,2,UCB-Violation,18,400,1.0,1,88,0.9126094223420878,0.0,388.358385680787,21.007179823834587,0.0167043917325345,0.7145472768382986,1.607250858342664,"{""rand1"": 69, ""pbest"": 73, ""closure"": 69, ""local"": 81, ""consensus"": 68}"
G11,2,UCB-Violation,19,400,1.0,0,401,inf,0.0014192758023801,390.97574954529216,23.48791499355462,0.1062717568809244,0.0,1.3796602027352618,"{""rand1"": 85, ""pbest"": 86, ""closure"": 0, ""local"": 108, ""consensus"": 81}"
G11,2,UCB-Violation,20,400,1.0,1,17,0.7988700891552452,0.0,385.89325576213855,21.02950468372377,0.0334272151136399,0.4965184424721164,1.6018719168798432,"{""rand1"": 70, ""pbest"": 66, ""closure"": 90, ""local"": 67, ""consensus"": 67}"
G11,2,UCB-Violation,21,400,1.0,1,99,1.0,0.0,391.7007224863702,36.25074621523808,0.0260507959508827,0.7005288535666783,1.604214216057777,"{""rand1"": 67, ""pbest"": 73, ""closure"": 65, ""local"": 86, ""consensus"": 69}"
G11,2,UCB-Violation,22,400,1.0,1,173,1.0,0.0,393.0458091186546,26.95234847636196,0.0473300992790944,0.6740537644440987,1.5918787030041095,"{""rand1"": 84, ""pbest"": 71, ""closure"": 48, ""local"": 83, ""consensus"": 74}"
G11,2,UCB-Violation,23,400,1.0,1,148,0.9886520900916944,0.0,396.2304779201823,31.30876761519537,0.0436850305184854,0.8525261208258247,1.5961006587895632,"{""rand1"": 71, ""pbest"": 71, ""closure"": 52, ""local"": 86, ""consensus"": 80}"
G11,2,UCB-Violation,24,400,1.0,1,160,0.7528177110523022,0.0,392.7613109566791,23.820737875578605,0.0410191294917438,0.9208884998358682,1.5977912021644176,"{""rand1"": 71, ""pbest"": 72, ""closure"": 54, ""local"": 88, ""consensus"": 75}"
G11,2,UCB-Violation,25,400,1.0,1,141,0.7517629949013312,0.0,390.4288815991117,24.47208599854907,0.028996590745226,0.3540868804026699,1.6035607341107478,"{""rand1"": 76, ""pbest"": 69, ""closure"": 59, ""local"": 82, ""consensus"": 74}"
G11,2,UCB-Violation,26,400,1.0,1,162,0.9751853654523808,0.0,387.9066885106144,27.1817614964602,0.042540942816591,0.8322803400821976,1.596310954656593,"{""rand1"": 77, ""pbest"": 71, ""closure"": 52, ""local"": 87, ""consensus"": 73}"
G11,2,UCB-Violation,27,400,1.0,1,61,0.9994629187759464,0.0,387.2864993502432,31.34666220948076,0.0259369511738175,0.2024908424908424,1.604857893332748,"{""rand1"": 68, ""pbest"": 69, ""closure"": 84, ""local"": 75, ""consensus"": 64}"
G11,2,UCB-Violation,28,400,1.0,0,401,inf,0.0005942815266109,394.0121235661414,23.854006045108846,0.108221788800853,0.0,1.3771965001412565,"{""rand1"": 79, ""pbest"": 84, ""closure"": 0, ""local"": 111, ""consensus"": 86}"
G11,2,UCB-Violation,29,400,1.0,1,106,1.0,0.0,392.2029274858284,32.45905138638438,0.0311251047803928,0.6950192923691375,1.602568265497056,"{""rand1"": 70, ""pbest"": 83, ""closure"": 59, ""local"": 79, ""consensus"": 69}"
MultiShell12,12,DCAS,0,400,1.0,1,108,0.8878802365437491,0.0,404.1078552159142,77.47658885058176,0.0343099843529991,0.2799999999999999,1.6015153081304492,"{""rand1"": 56, ""pbest"": 79, ""closure"": 74, ""local"": 70, ""consensus"": 81}"
MultiShell12,12,DCAS,1,400,1.0,1,133,0.950759176788467,0.0,410.5283254819887,83.80408107258995,0.0680674886569444,0.7251282051282051,1.5815830728379523,"{""rand1"": 55, ""pbest"": 61, ""closure"": 61, ""local"": 81, ""consensus"": 102}"
MultiShell12,12,DCAS,2,400,1.0,1,44,0.8866426197983083,0.0,402.5379114619178,60.17879159717164,0.054720325154381,0.16,1.590477951475984,"{""rand1"": 62, ""pbest"": 64, ""closure"": 98, ""local"": 59, ""consensus"": 77}"
MultiShell12,12,DCAS,3,400,1.0,1,77,0.7963059463086868,0.0,409.2757743648318,69.74936060587422,0.0418494082822453,0.2066666666666667,1.593854669875005,"{""rand1"": 57, ""pbest"": 61, ""closure"": 69, ""local"": 82, ""consensus"": 91}"
MultiShell12,12,DCAS,4,400,1.0,1,47,0.7853731319849846,0.0,402.2911761617934,58.43578902922245,0.0428089854397554,0.1914285714285714,1.597519640086546,"{""rand1"": 56, ""pbest"": 63, ""closure"": 83, ""local"": 84, ""consensus"": 74}"
MultiShell12,12,DCAS,5,400,1.0,1,133,0.857076274430152,0.0,410.1546685006865,77.47047428910167,0.0562904701491902,0.1796103896103896,1.579954804342249,"{""rand1"": 49, ""pbest"": 63, ""closure"": 68, ""local"": 78, ""consensus"": 102}"
MultiShell12,12,DCAS,6,400,1.0,1,106,0.8293054214882817,0.0,404.4664412399697,77.36176765188418,0.0559890539030354,0.1523809523809523,1.5815194251641311,"{""rand1"": 47, ""pbest"": 59, ""closure"": 78, ""local"": 93, ""consensus"": 83}"
MultiShell12,12,DCAS,7,400,1.0,1,66,0.8547141670716505,0.0,403.04278930027886,66.51931236427602,0.0384114077895983,0.0,1.6012950935568044,"{""rand1"": 61, ""pbest"": 63, ""closure"": 77, ""local"": 86, ""consensus"": 73}"
MultiShell12,12,DCAS,8,400,1.0,1,32,0.939893431741452,0.0,402.02829982566055,57.71730807509423,0.0377437121120637,0.0,1.598152261275285,"{""rand1"": 53, ""pbest"": 68, ""closure"": 80, ""local"": 79, ""consensus"": 80}"
MultiShell12,12,DCAS,9,400,1.0,1,7,0.8525152652771757,0.0,400.7158255486723,63.03169180869976,0.0265904673521566,0.0,1.6072503010583057,"{""rand1"": 66, ""pbest"": 70, ""closure"": 76, ""local"": 79, ""consensus"": 69}"
MultiShell12,12,DCAS,10,400,1.0,1,88,0.8468667783396842,0.0,405.7223521103655,70.59911893979593,0.0401912676591513,0.2254545454545454,1.5958987160026863,"{""rand1"": 62, ""pbest"": 58, ""closure"": 68, ""local"": 85, ""consensus"": 87}"
MultiShell12,12,DCAS,11,400,1.0,1,60,0.8832524927356827,0.0,405.7944034581562,70.72388536531705,0.0451973621670154,0.12,1.5889453379649472,"{""rand1"": 48, ""pbest"": 66, ""closure"": 77, ""local"": 79, ""consensus"": 90}"
MultiShell12,12,DCAS,12,400,1.0,1,92,0.8472626182510572,0.0,405.6348388525676,73.35549268207443,0.0447922471387779,0.1885714285714285,1.5943361633351532,"{""rand1"": 56, ""pbest"": 65, ""closure"": 68, ""local"": 93, ""consensus"": 78}"
MultiShell12,12,DCAS,13,400,1.0,1,89,0.8853589061519682,0.0,405.3962234244282,74.55424654679521,0.0457515209019621,0.0571428571428571,1.5907400384457515,"{""rand1"": 53, ""pbest"": 64, ""closure"": 67, ""local"": 89, ""consensus"": 87}"
MultiShell12,12,DCAS,14,400,1.0,1,121,0.9085825915482846,0.0,406.6449540469959,80.2968050763149,0.0522482635619774,0.2726406926406926,1.579176678488328,"{""rand1"": 50, ""pbest"": 60, ""closure"": 64, ""local"": 93, ""consensus"": 93}"
MultiShell12,12,DCAS,15,400,1.0,1,105,0.8593711881164066,0.0,408.56660758497134,71.90320187972763,0.0527649960826871,0.1309090909090909,1.5841261073363428,"{""rand1"": 55, ""pbest"": 55, ""closure"": 70, ""local"": 83, ""consensus"": 97}"
MultiShell12,12,DCAS,16,400,1.0,1,53,0.8662214379042796,0.0,407.033503269231,64.49243611514447,0.0423729786776612,0.1485714285714285,1.5913035018628114,"{""rand1"": 53, ""pbest"": 61, ""closure"": 81, ""local"": 74, ""consensus"": 91}"
MultiShell12,12,DCAS,17,400,1.0,1,85,0.8849016529556477,0.0,403.2346737197116,72.0343893321999,0.03550016785572,0.0809523809523809,1.5981675601431733,"{""rand1"": 52, ""pbest"": 72, ""closure"": 76, ""local"": 81, ""consensus"": 79}"
MultiShell12,12,DCAS,18,400,1.0,1,6,0.8823041189444885,0.0,404.1589985829953,57.37971858731572,0.0320687402545364,0.2285714285714285,1.602745210683408,"{""rand1"": 60, ""pbest"": 74, ""closure"": 80, ""local"": 65, ""consensus"": 81}"
MultiShell12,12,DCAS,19,400,1.0,1,83,0.852750152928577,0.0,403.97847760161767,70.40559719110378,0.0439698798758569,0.12,1.5946302456054835,"{""rand1"": 61, ""pbest"": 54, ""closure"": 79, ""local"": 85, ""consensus"": 81}"
MultiShell12,12,DCAS,20,400,1.0,1,77,0.869417253872858,0.0,404.89224915497454,86.92804454366022,0.0504070569283569,0.0,1.5914208434747998,"{""rand1"": 53, ""pbest"": 59, ""closure"": 78, ""local"": 84, ""consensus"": 86}"
MultiShell12,12,DCAS,21,400,1.0,1,83,0.7671669161053898,0.0,402.0733596112981,81.31805786279519,0.0358570343237136,0.04,1.599172361642736,"{""rand1"": 56, ""pbest"": 66, ""closure"": 75, ""local"": 86, ""consensus"": 77}"
MultiShell12,12,DCAS,22,400,1.0,1,50,0.7684717934709189,0.0,399.9486744347951,65.7100524834815,0.04174687705463,0.0,1.5944910848161935,"{""rand1"": 50, ""pbest"": 72, ""closure"": 84, ""local"": 82, ""consensus"": 72}"
MultiShell12,12,DCAS,23,400,1.0,1,80,0.8292326630374522,0.0,404.65221767835175,70.55594717726726,0.0417163197033377,0.0,1.595507378111999,"{""rand1"": 54, ""pbest"": 66, ""closure"": 70, ""local"": 83, ""consensus"": 87}"
MultiShell12,12,DCAS,24,400,1.0,1,80,0.8944013405338977,0.0,402.8123003632472,69.59867531084443,0.0445570555208829,0.12,1.591778559923295,"{""rand1"": 56, ""pbest"": 60, ""closure"": 70, ""local"": 93, ""consensus"": 81}"
MultiShell12,12,DCAS,25,400,1.0,1,78,0.8449051637314264,0.0,406.3646021896538,66.47175338675052,0.0517779787770676,0.0,1.5853302437360297,"{""rand1"": 55, ""pbest"": 54, ""closure"": 74, ""local"": 95, ""consensus"": 82}"
MultiShell12,12,DCAS,26,400,1.0,1,67,0.8479103944962999,0.0,407.4330245140496,70.16788701221726,0.0540189441977813,0.2171428571428571,1.5854974576893974,"{""rand1"": 51, ""pbest"": 57, ""closure"": 83, ""local"": 77, ""consensus"": 92}"
MultiShell12,12,DCAS,27,400,1.0,1,50,0.817828929044586,0.0,406.2424553656052,69.12385645026261,0.0332913897932657,0.0,1.6027069731773973,"{""rand1"": 62, ""pbest"": 65, ""closure"": 75, ""local"": 72, ""consensus"": 86}"
MultiShell12,12,DCAS,28,400,1.0,1,84,0.9375873366339956,0.0,403.053102655505,73.19248668026735,0.0342413603496472,0.0,1.6021222833657844,"{""rand1"": 58, ""pbest"": 67, ""closure"": 81, ""local"": 80, ""consensus"": 74}"
MultiShell12,12,DCAS,29,400,1.0,1,57,0.8720710790560395,0.0,402.3141906834458,66.9577652740702,0.0361977330469187,0.32,1.6003174630455232,"{""rand1"": 54, ""pbest"": 73, ""closure"": 81, ""local"": 78, ""consensus"": 74}"
MultiShell12,12,DCAS-noClosure,0,400,1.0,1,108,0.8881880102849539,0.0,413.6361572732523,78.09077452635591,0.1192911840241167,0.0228571428571428,1.3640339147825995,"{""rand1"": 65, ""pbest"": 79, ""closure"": 0, ""local"": 111, ""consensus"": 105}"
MultiShell12,12,DCAS-noClosure,1,400,1.0,1,133,0.873522220904346,0.0,419.7590572584863,79.78206975824185,0.1392142290872749,0.4313799244234027,1.3328852481012765,"{""rand1"": 59, ""pbest"": 73, ""closure"": 0, ""local"": 89, ""consensus"": 139}"
MultiShell12,12,DCAS-noClosure,2,400,1.0,1,44,0.991567847129895,0.0,413.3018905824499,52.66984865026425,0.1187872135900462,0.5068131868131868,1.3524734830304463,"{""rand1"": 58, ""pbest"": 83, ""closure"": 0, ""local"": 122, ""consensus"": 97}"
MultiShell12,12,DCAS-noClosure,3,400,1.0,1,77,0.9057789433057872,0.0,415.9728894587609,66.4551145831333,0.1173665884527189,0.3290909090909091,1.3670231056848277,"{""rand1"": 70, ""pbest"": 75, ""closure"": 0, ""local"": 107, ""consensus"": 108}"
MultiShell12,12,DCAS-noClosure,4,400,1.0,1,47,0.8407111764222961,0.0,409.68415785359736,59.55748241416874,0.1295092833478318,0.4642424242424242,1.34479829392286,"{""rand1"": 60, ""pbest"": 75, ""closure"": 0, ""local"": 130, ""consensus"": 95}"
MultiShell12,12,DCAS-noClosure,5,400,1.0,1,133,0.8644709536743396,0.0,414.0008501651751,78.47123249835887,0.1231026619843484,0.2752100840336134,1.3522402278284789,"{""rand1"": 58, ""pbest"": 79, ""closure"": 0, ""local"": 117, ""consensus"": 106}"
MultiShell12,12,DCAS-noClosure,6,400,1.0,1,106,0.8919668224833327,0.0,413.84779310752,69.382547888143,0.1323836343783709,0.1975490196078431,1.3302044119075092,"{""rand1"": 58, ""pbest"": 64, ""closure"": 0, ""local"": 130, ""consensus"": 108}"
MultiShell12,12,DCAS-noClosure,7,400,1.0,1,66,0.8672127487041618,0.0,413.8571944694288,59.99954235753936,0.1142762331908063,0.1018181818181818,1.3605515612096974,"{""rand1"": 60, ""pbest"": 84, ""closure"": 0, ""local"": 107, ""consensus"": 109}"
MultiShell12,12,DCAS-noClosure,8,400,1.0,1,32,0.7911923770873344,0.0,409.2806109024395,64.99247651043021,0.1272780204811569,0.36,1.3563153735014175,"{""rand1"": 66, ""pbest"": 76, ""closure"": 0, ""local"": 125, ""consensus"": 93}"
MultiShell12,12,DCAS-noClosure,9,400,1.0,1,7,0.8331832650777959,0.0,413.2469488348799,56.24485094001656,0.1109565255591929,0.0,1.3713408262490088,"{""rand1"": 70, ""pbest"": 81, ""closure"": 0, ""local"": 110, ""consensus"": 99}"
MultiShell12,12,DCAS-noClosure,10,400,1.0,1,88,0.9083997123014024,0.0,416.1655104009923,66.7729508913022,0.1248223750211364,0.4436363636363636,1.342694050964022,"{""rand1"": 55, ""pbest"": 75, ""closure"": 0, ""local"": 112, ""consensus"": 118}"
MultiShell12,12,DCAS-noClosure,11,400,1.0,1,60,0.8492015471746239,0.0,410.3829574221261,62.81872301597529,0.1191286805481318,0.1214285714285714,1.3663235720469318,"{""rand1"": 68, ""pbest"": 81, ""closure"": 0, ""local"": 117, ""consensus"": 94}"
MultiShell12,12,DCAS-noClosure,12,400,1.0,1,92,0.8067379494586664,0.0,416.7732647689214,68.08457234388287,0.1262808620170623,0.0594117647058823,1.3421851338103683,"{""rand1"": 56, ""pbest"": 73, ""closure"": 0, ""local"": 119, ""consensus"": 112}"
MultiShell12,12,DCAS-noClosure,13,400,1.0,1,89,0.903548504373529,0.0,412.2625577576942,73.94028205275252,0.1201999322361717,0.4024242424242424,1.356124714948195,"{""rand1"": 61, ""pbest"": 79, ""closure"": 0, ""local"": 119, ""consensus"": 101}"
MultiShell12,12,DCAS-noClosure,14,400,1.0,1,121,0.8214973987233296,0.0,410.9570938204966,81.33497761948945,0.1231258600419041,0.1342657342657342,1.3508774626704798,"{""rand1"": 58, ""pbest"": 81, ""closure"": 0, ""local"": 123, ""consensus"": 98}"
MultiShell12,12,DCAS-noClosure,15,400,1.0,1,105,0.8148446385209545,0.0,415.6862287241214,73.71807681361886,0.1143165450755319,0.1541258741258741,1.368767206172744,"{""rand1"": 77, ""pbest"": 70, ""closure"": 0, ""local"": 104, ""consensus"": 109}"
MultiShell12,12,DCAS-noClosure,16,400,1.0,1,53,0.8400350062292166,0.0,410.7508565806851,61.4695443049379,0.1243244207008942,0.2357142857142857,1.3581596851194095,"{""rand1"": 66, ""pbest"": 78, ""closure"": 0, ""local"": 124, ""consensus"": 92}"
MultiShell12,12,DCAS-noClosure,17,400,1.0,1,85,0.8679095001870949,0.0,411.6234539349005,70.9964862245595,0.1309390291340905,0.0619047619047618,1.3359453655522395,"{""rand1"": 58, ""pbest"": 69, ""closure"": 0, ""local"": 131, ""consensus"": 102}"
MultiShell12,12,DCAS-noClosure,18,400,1.0,1,6,0.8543743526536585,0.0,413.5056323717685,65.60357372106616,0.1154062379150873,0.06,1.3627941469964249,"{""rand1"": 63, ""pbest"": 81, ""closure"": 0, ""local"": 111, ""consensus"": 105}"
MultiShell12,12,DCAS-noClosure,19,400,1.0,1,83,0.7629651696988846,0.0,413.36513953205,64.64675077693556,0.1238955405755755,0.1930532212885153,1.3506629613787744,"{""rand1"": 62, ""pbest"": 72, ""closure"": 0, ""local"": 121, ""consensus"": 105}"
MultiShell12,12,DCAS-noClosure,20,400,1.0,1,77,0.8147650576544222,0.0,415.809101036702,78.55195747557043,0.1228458690992442,0.0,1.3518441370716396,"{""rand1"": 62, ""pbest"": 72, ""closure"": 0, ""local"": 117, ""consensus"": 109}"
MultiShell12,12,DCAS-noClosure,21,400,1.0,1,83,0.8863799183233397,0.0,410.5257504861476,77.37284523463268,0.1196984282996662,0.1357142857142857,1.3601987157852975,"{""rand1"": 66, ""pbest"": 79, ""closure"": 0, ""local"": 122, ""consensus"": 93}"
MultiShell12,12,DCAS-noClosure,22,400,1.0,1,50,0.8494326871594601,0.0,411.0675292382362,63.021090355637966,0.1165713108374086,0.299047619047619,1.3611154136999932,"{""rand1"": 67, ""pbest"": 79, ""closure"": 0, ""local"": 122, ""consensus"": 92}"
MultiShell12,12,DCAS-noClosure,23,400,1.0,1,80,0.8650239801775278,0.0,411.4368093918976,68.58891992454723,0.1257912418537837,0.4775757575757576,1.3614230727422632,"{""rand1"": 68, ""pbest"": 74, ""closure"": 0, ""local"": 118, ""consensus"": 100}"
MultiShell12,12,DCAS-noClosure,24,400,1.0,1,80,0.8269973277121513,0.0,413.9517028832865,71.13905958861164,0.1186487686326736,0.1142857142857142,1.36567334306251,"{""rand1"": 65, ""pbest"": 81, ""closure"": 0, ""local"": 110, ""consensus"": 104}"
MultiShell12,12,DCAS-noClosure,25,400,1.0,1,78,0.9025356329045714,0.0,415.6370737411419,72.56396803303346,0.1124891120211506,0.1,1.3699233090816454,"{""rand1"": 66, ""pbest"": 85, ""closure"": 0, ""local"": 105, ""consensus"": 104}"
MultiShell12,12,DCAS-noClosure,26,400,1.0,1,67,0.7685560768554633,0.0,415.47113094096255,64.89049396182585,0.1138761456346938,0.2133333333333333,1.3672662104119055,"{""rand1"": 67, ""pbest"": 80, ""closure"": 0, ""local"": 102, ""consensus"": 111}"
MultiShell12,12,DCAS-noClosure,27,400,1.0,1,50,0.8622624149916447,0.0,417.7448230387312,69.50247949889327,0.1181585934970482,0.0,1.3618298833154494,"{""rand1"": 68, ""pbest"": 76, ""closure"": 0, ""local"": 96, ""consensus"": 120}"
MultiShell12,12,DCAS-noClosure,28,400,1.0,1,84,0.8296447930262789,0.0,414.3963689945534,63.420767668962114,0.1233655754299698,0.3882783882783883,1.3461201488164316,"{""rand1"": 60, ""pbest"": 71, ""closure"": 0, ""local"": 122, ""consensus"": 107}"
MultiShell12,12,DCAS-noClosure,29,400,1.0,1,57,0.6986275142068523,0.0,419.4348677935717,64.59368199580067,0.1229685102358339,0.0733333333333333,1.3458347613031496,"{""rand1"": 60, ""pbest"": 72, ""closure"": 0, ""local"": 103, ""consensus"": 125}"
MultiShell12,12,DCAS-stationary,0,400,1.0,1,92,0.7651874722669509,0.0,421.5677378206959,82.97120534640369,0.1495467909505479,0.0,1.3399235011725827,"{""rand1"": 26, ""pbest"": 21, ""closure"": 89, ""local"": 54, ""consensus"": 170}"
MultiShell12,12,DCAS-stationary,1,400,1.0,1,81,0.7899817185788103,0.0,407.89340378403097,71.03884843320304,0.1475276382052367,0.0,1.423508473149203,"{""rand1"": 33, ""pbest"": 36, ""closure"": 140, ""local"": 40, ""consensus"": 111}"
MultiShell12,12,DCAS-stationary,2,400,1.0,1,44,0.900939294261896,0.0,404.4882988709108,63.053621976603786,0.1022971448171651,0.0,1.4913744308078192,"{""rand1"": 39, ""pbest"": 45, ""closure"": 130, ""local"": 48, ""consensus"": 98}"
MultiShell12,12,DCAS-stationary,3,400,1.0,1,143,0.7870731792241816,0.0,402.98091627778297,90.7151853862956,0.1423410844091997,0.3399999999999999,1.3747053317606508,"{""rand1"": 22, ""pbest"": 28, ""closure"": 72, ""local"": 164, ""consensus"": 74}"
MultiShell12,12,DCAS-stationary,4,400,1.0,1,47,0.8502822473898254,0.0,400.694330685365,61.419147248911024,0.1305825899030913,0.26,1.4405699050005862,"{""rand1"": 35, ""pbest"": 56, ""closure"": 147, ""local"": 31, ""consensus"": 91}"
MultiShell12,12,DCAS-stationary,5,400,1.0,1,96,0.8231532941083017,0.0,409.77036602332834,77.2052231271297,0.1338973051720597,0.18,1.4365097447076196,"{""rand1"": 29, ""pbest"": 38, ""closure"": 118, ""local"": 46, ""consensus"": 129}"
MultiShell12,12,DCAS-stationary,6,400,1.0,1,85,0.7535460368347724,0.0,408.2971634361651,80.9503694587893,0.1089681665218267,0.0,1.5138871709126458,"{""rand1"": 35, ""pbest"": 47, ""closure"": 114, ""local"": 60, ""consensus"": 104}"
MultiShell12,12,DCAS-stationary,7,400,1.0,1,100,0.8117981897965261,0.0,407.279908407284,78.05408888350594,0.096423253561091,0.0,1.4961159067814849,"{""rand1"": 25, ""pbest"": 46, ""closure"": 75, ""local"": 106, ""consensus"": 108}"
MultiShell12,12,DCAS-stationary,8,400,1.0,1,32,0.8297184806644107,0.0,402.8035063180748,62.960157258219326,0.1204826261051105,0.1,1.481253666552159,"{""rand1"": 35, ""pbest"": 47, ""closure"": 136, ""local"": 49, ""consensus"": 93}"
MultiShell12,12,DCAS-stationary,9,400,1.0,1,7,0.862012075706422,0.0,397.6365787315346,62.85681144453218,0.1234318090125348,0.0,1.508337047512699,"{""rand1"": 34, ""pbest"": 49, ""closure"": 131, ""local"": 78, ""consensus"": 68}"
MultiShell12,12,DCAS-stationary,10,400,1.0,1,105,0.8103209444686894,0.0,415.71760406139066,81.5642146429023,0.1379209899174573,0.22,1.4036450995770458,"{""rand1"": 24, ""pbest"": 52, ""closure"": 109, ""local"": 32, ""consensus"": 143}"
MultiShell12,12,DCAS-stationary,11,400,1.0,1,114,0.9157473167402818,0.0,428.34821742630186,96.2116055676121,0.1846365699261654,0.24,1.254990234153237,"{""rand1"": 26, ""pbest"": 41, ""closure"": 69, ""local"": 23, ""consensus"": 201}"
MultiShell12,12,DCAS-stationary,12,400,1.0,1,109,0.8551762214809839,0.0,415.2871542008472,93.3410598534364,0.1449946226939873,0.16,1.4065472366246194,"{""rand1"": 28, ""pbest"": 32, ""closure"": 117, ""local"": 45, ""consensus"": 138}"
MultiShell12,12,DCAS-stationary,13,400,1.0,1,79,0.8945499676795841,0.0,400.9396234310419,81.69786218159999,0.1039040336581615,0.0,1.4900032900010682,"{""rand1"": 25, ""pbest"": 41, ""closure"": 102, ""local"": 109, ""consensus"": 83}"
MultiShell12,12,DCAS-stationary,14,400,1.0,1,65,0.8534933868752943,0.0,418.4406998309507,73.19125336900431,0.1287781099976511,0.0,1.3939632343656905,"{""rand1"": 21, ""pbest"": 31, ""closure"": 87, ""local"": 66, ""consensus"": 155}"
MultiShell12,12,DCAS-stationary,15,400,1.0,1,97,0.8421561724770986,0.0,409.2839783254617,79.44755753476969,0.122160411084415,0.0,1.454840125817876,"{""rand1"": 24, ""pbest"": 36, ""closure"": 111, ""local"": 68, ""consensus"": 121}"
MultiShell12,12,DCAS-stationary,16,400,1.0,1,62,0.8980192696400853,0.0,400.92932916902697,66.77598948552462,0.0911983409826712,0.9442857142857144,1.5328529688585284,"{""rand1"": 25, ""pbest"": 72, ""closure"": 98, ""local"": 93, ""consensus"": 72}"
MultiShell12,12,DCAS-stationary,17,400,1.0,1,102,0.8294564292008488,0.0,405.05382297581207,89.5285933572057,0.0924260847307317,0.04,1.5210898740262178,"{""rand1"": 23, ""pbest"": 60, ""closure"": 94, ""local"": 94, ""consensus"": 89}"
MultiShell12,12,DCAS-stationary,18,400,1.0,1,6,0.8642496318219344,0.0,405.7560087838111,60.11226044129663,0.0856018921774639,0.0,1.5392506789232012,"{""rand1"": 40, ""pbest"": 41, ""closure"": 92, ""local"": 87, ""consensus"": 100}"
MultiShell12,12,DCAS-stationary,19,400,1.0,1,91,0.7745071048712645,0.0,421.9497834975802,82.08604510618588,0.1357453319540902,0.36,1.4396969812060116,"{""rand1"": 39, ""pbest"": 51, ""closure"": 51, ""local"": 55, ""consensus"": 164}"
MultiShell12,12,DCAS-stationary,20,400,1.0,1,60,0.8742956529204038,0.0,403.8212322809908,64.52867406211048,0.084194832615198,0.4800000000000001,1.5412539651010289,"{""rand1"": 45, ""pbest"": 37, ""closure"": 95, ""local"": 95, ""consensus"": 88}"
MultiShell12,12,DCAS-stationary,21,400,1.0,1,87,0.9415576231366196,0.0,404.4144158358623,78.78476782742705,0.114682516972184,0.1399999999999999,1.4484666308153624,"{""rand1"": 23, ""pbest"": 30, ""closure"": 95, ""local"": 121, ""consensus"": 91}"
MultiShell12,12,DCAS-stationary,22,400,1.0,1,50,0.8238806048931402,0.0,400.5907983425485,66.66438701728536,0.0779922643661542,0.1071428571428571,1.5584365318267044,"{""rand1"": 34, ""pbest"": 69, ""closure"": 99, ""local"": 86, ""consensus"": 72}"
MultiShell12,12,DCAS-stationary,23,400,1.0,1,82,0.8046781853831815,0.0,400.1774535779606,85.22354699510359,0.1154980007367551,0.0,1.4658312289083164,"{""rand1"": 33, ""pbest"": 27, ""closure"": 115, ""local"": 111, ""consensus"": 74}"
MultiShell12,12,DCAS-stationary,24,400,1.0,1,86,0.8721335453380428,0.0,402.0163921240717,79.4427498307491,0.1112477834293761,0.0,1.4847511246070622,"{""rand1"": 20, ""pbest"": 49, ""closure"": 108, ""local"": 104, ""consensus"": 79}"
MultiShell12,12,DCAS-stationary,25,400,1.0,1,81,0.9535599962970268,0.0,408.3902350917977,76.08037362467255,0.1190901020957383,0.12,1.4771968173741363,"{""rand1"": 46, ""pbest"": 27, ""closure"": 121, ""local"": 57, ""consensus"": 109}"
MultiShell12,12,DCAS-stationary,26,400,1.0,1,67,0.8381708407727869,0.0,405.22747346480907,68.3781681223552,0.1051248156217119,0.2,1.5040096072122908,"{""rand1"": 29, ""pbest"": 47, ""closure"": 121, ""local"": 71, ""consensus"": 92}"
MultiShell12,12,DCAS-stationary,27,400,1.0,1,50,0.8909108172844848,0.0,401.6666839944312,66.15945261893192,0.1182568650014227,0.0,1.4881783295691782,"{""rand1"": 23, ""pbest"": 60, ""closure"": 128, ""local"": 62, ""consensus"": 87}"
MultiShell12,12,DCAS-stationary,28,400,1.0,1,99,0.8417023920304496,0.0,419.5342142803021,90.01745822132202,0.1342036466016428,0.0,1.3778816057282248,"{""rand1"": 32, ""pbest"": 30, ""closure"": 109, ""local"": 36, ""consensus"": 153}"
MultiShell12,12,DCAS-stationary,29,400,1.0,1,57,0.970422937638466,0.0,412.2774141916337,63.784512018972585,0.1152644295234738,0.3399999999999999,1.4377675539136727,"{""rand1"": 33, ""pbest"": 36, ""closure"": 113, ""local"": 44, ""consensus"": 134}"
MultiShell12,12,DE-EPS,0,400,1.0,0,401,inf,0.034226168270061,400.0,0.0,0.0,0.0,0.0,{}
MultiShell12,12,DE-EPS,1,400,1.0,1,112,2.019305119883143,0.0,400.0,0.0,0.0,0.0,0.0,{}
MultiShell12,12,DE-EPS,2,400,1.0,0,401,inf,0.3797361367668749,400.0,0.0,0.0,0.0,0.0,{}
MultiShell12,12,DE-EPS,3,400,1.0,0,401,inf,0.2258317481226042,400.0,0.0,0.0,0.0,0.0,{}
MultiShell12,12,DE-EPS,4,400,1.0,1,370,2.3959480262220807,0.0,400.0,0.0,0.0,0.0,0.0,{}
MultiShell12,12,DE-EPS,5,400,1.0,0,401,inf,0.2021956643367694,400.0,0.0,0.0,0.0,0.0,{}
MultiShell12,12,DE-EPS,6,400,1.0,1,223,2.4255796801452947,0.0,400.0,0.0,0.0,0.0,0.0,{}
MultiShell12,12,DE-EPS,7,400,1.0,1,184,1.2703243863577327,0.0,400.0,0.0,0.0,0.0,0.0,{}
MultiShell12,12,DE-EPS,8,400,1.0,1,32,2.0795082514540986,0.0,400.0,0.0,0.0,0.0,0.0,{}
MultiShell12,12,DE-EPS,9,400,1.0,1,7,1.278260168919602,0.0,400.0,0.0,0.0,0.0,0.0,{}
MultiShell12,12,DE-EPS,10,400,1.0,0,401,inf,0.2008013492422156,400.0,0.0,0.0,0.0,0.0,{}
MultiShell12,12,DE-EPS,11,400,1.0,1,252,2.0996425183744343,0.0,400.0,0.0,0.0,0.0,0.0,{}
MultiShell12,12,DE-EPS,12,400,1.0,0,401,inf,0.3388178597146681,400.0,0.0,0.0,0.0,0.0,{}
MultiShell12,12,DE-EPS,13,400,1.0,0,401,inf,0.0112855724309863,400.0,0.0,0.0,0.0,0.0,{}
MultiShell12,12,DE-EPS,14,400,1.0,0,401,inf,0.146367961135265,400.0,0.0,0.0,0.0,0.0,{}
MultiShell12,12,DE-EPS,15,400,1.0,0,401,inf,0.0204986150859484,400.0,0.0,0.0,0.0,0.0,{}
MultiShell12,12,DE-EPS,16,400,1.0,0,401,inf,0.0898922527114434,400.0,0.0,0.0,0.0,0.0,{}
MultiShell12,12,DE-EPS,17,400,1.0,0,401,inf,0.1740773353183095,400.0,0.0,0.0,0.0,0.0,{}
MultiShell12,12,DE-EPS,18,400,1.0,1,6,1.7558928183801052,0.0,400.0,0.0,0.0,0.0,0.0,{}
MultiShell12,12,DE-EPS,19,400,1.0,1,283,1.4590740602735128,0.0,400.0,0.0,0.0,0.0,0.0,{}
MultiShell12,12,DE-EPS,20,400,1.0,0,401,inf,0.1679716904755267,400.0,0.0,0.0,0.0,0.0,{}
MultiShell12,12,DE-EPS,21,400,1.0,1,130,1.2574773964619637,0.0,400.0,0.0,0.0,0.0,0.0,{}
MultiShell12,12,DE-EPS,22,400,1.0,0,401,inf,0.3258576810121424,400.0,0.0,0.0,0.0,0.0,{}
MultiShell12,12,DE-EPS,23,400,1.0,1,220,2.073178907274551,0.0,400.0,0.0,0.0,0.0,0.0,{}
MultiShell12,12,DE-EPS,24,400,1.0,0,401,inf,0.0409989129550314,400.0,0.0,0.0,0.0,0.0,{}
MultiShell12,12,DE-EPS,25,400,1.0,0,401,inf,0.1412650868753714,400.0,0.0,0.0,0.0,0.0,{}
MultiShell12,12,DE-EPS,26,400,1.0,0,401,inf,1.2915900988323723,400.0,0.0,0.0,0.0,0.0,{}
MultiShell12,12,DE-EPS,27,400,1.0,0,401,inf,0.2069848342943502,400.0,0.0,0.0,0.0,0.0,{}
MultiShell12,12,DE-EPS,28,400,1.0,0,401,inf,0.7511972137237022,400.0,0.0,0.0,0.0,0.0,{}
MultiShell12,12,DE-EPS,29,400,1.0,1,388,2.0195350765021054,0.0,400.0,0.0,0.0,0.0,0.0,{}
MultiShell12,12,DE-NCV,0,400,1.0,0,401,inf,0.034226168270061,400.0,0.0,0.0,0.0,0.0,{}
MultiShell12,12,DE-NCV,1,400,1.0,1,112,2.019305119883143,0.0,400.0,0.0,0.0,0.0,0.0,{}
MultiShell12,12,DE-NCV,2,400,1.0,0,401,inf,0.3797361367668749,400.0,0.0,0.0,0.0,0.0,{}
MultiShell12,12,DE-NCV,3,400,1.0,0,401,inf,0.2258317481226042,400.0,0.0,0.0,0.0,0.0,{}
MultiShell12,12,DE-NCV,4,400,1.0,1,370,2.3959480262220807,0.0,400.0,0.0,0.0,0.0,0.0,{}
MultiShell12,12,DE-NCV,5,400,1.0,0,401,inf,0.2021956643367694,400.0,0.0,0.0,0.0,0.0,{}
MultiShell12,12,DE-NCV,6,400,1.0,1,223,2.235096428011289,0.0,400.0,0.0,0.0,0.0,0.0,{}
MultiShell12,12,DE-NCV,7,400,1.0,1,184,1.2703243863577327,0.0,400.0,0.0,0.0,0.0,0.0,{}
MultiShell12,12,DE-NCV,8,400,1.0,1,32,2.0795082514540986,0.0,400.0,0.0,0.0,0.0,0.0,{}
MultiShell12,12,DE-NCV,9,400,1.0,1,7,1.278260168919602,0.0,400.0,0.0,0.0,0.0,0.0,{}
MultiShell12,12,DE-NCV,10,400,1.0,0,401,inf,0.2008013492422156,400.0,0.0,0.0,0.0,0.0,{}
MultiShell12,12,DE-NCV,11,400,1.0,1,252,2.0996425183744343,0.0,400.0,0.0,0.0,0.0,0.0,{}
MultiShell12,12,DE-NCV,12,400,1.0,0,401,inf,0.3388178597146681,400.0,0.0,0.0,0.0,0.0,{}
MultiShell12,12,DE-NCV,13,400,1.0,0,401,inf,0.0112855724309863,400.0,0.0,0.0,0.0,0.0,{}
MultiShell12,12,DE-NCV,14,400,1.0,0,401,inf,0.146367961135265,400.0,0.0,0.0,0.0,0.0,{}
MultiShell12,12,DE-NCV,15,400,1.0,0,401,inf,0.0204986150859484,400.0,0.0,0.0,0.0,0.0,{}
MultiShell12,12,DE-NCV,16,400,1.0,0,401,inf,0.0898922527114434,400.0,0.0,0.0,0.0,0.0,{}
MultiShell12,12,DE-NCV,17,400,1.0,0,401,inf,0.1740773353183095,400.0,0.0,0.0,0.0,0.0,{}
MultiShell12,12,DE-NCV,18,400,1.0,1,6,1.7558928183801052,0.0,400.0,0.0,0.0,0.0,0.0,{}
MultiShell12,12,DE-NCV,19,400,1.0,1,283,1.4590740602735128,0.0,400.0,0.0,0.0,0.0,0.0,{}
MultiShell12,12,DE-NCV,20,400,1.0,0,401,inf,0.1679716904755267,400.0,0.0,0.0,0.0,0.0,{}
MultiShell12,12,DE-NCV,21,400,1.0,1,130,1.2574773964619637,0.0,400.0,0.0,0.0,0.0,0.0,{}
MultiShell12,12,DE-NCV,22,400,1.0,0,401,inf,0.3258576810121424,400.0,0.0,0.0,0.0,0.0,{}
MultiShell12,12,DE-NCV,23,400,1.0,1,220,2.073178907274551,0.0,400.0,0.0,0.0,0.0,0.0,{}
MultiShell12,12,DE-NCV,24,400,1.0,0,401,inf,0.0409989129550314,400.0,0.0,0.0,0.0,0.0,{}
MultiShell12,12,DE-NCV,25,400,1.0,0,401,inf,0.1412650868753714,400.0,0.0,0.0,0.0,0.0,{}
MultiShell12,12,DE-NCV,26,400,1.0,0,401,inf,1.2915900988323723,400.0,0.0,0.0,0.0,0.0,{}
MultiShell12,12,DE-NCV,27,400,1.0,0,401,inf,0.2069848342943502,400.0,0.0,0.0,0.0,0.0,{}
MultiShell12,12,DE-NCV,28,400,1.0,0,401,inf,0.7511972137237022,400.0,0.0,0.0,0.0,0.0,{}
MultiShell12,12,DE-NCV,29,400,1.0,1,388,2.0195350765021054,0.0,400.0,0.0,0.0,0.0,0.0,{}
MultiShell12,12,DE-PEN,0,400,1.0,0,401,inf,0.034226168270061,400.0,0.0,0.0,0.0,0.0,{}
MultiShell12,12,DE-PEN,1,400,1.0,1,112,2.019305119883143,0.0,400.0,0.0,0.0,0.0,0.0,{}
MultiShell12,12,DE-PEN,2,400,1.0,0,401,inf,0.3797361367668749,400.0,0.0,0.0,0.0,0.0,{}
MultiShell12,12,DE-PEN,3,400,1.0,0,401,inf,0.2258317481226042,400.0,0.0,0.0,0.0,0.0,{}
MultiShell12,12,DE-PEN,4,400,1.0,1,370,2.3959480262220807,0.0,400.0,0.0,0.0,0.0,0.0,{}
MultiShell12,12,DE-PEN,5,400,1.0,0,401,inf,0.2021956643367694,400.0,0.0,0.0,0.0,0.0,{}
MultiShell12,12,DE-PEN,6,400,1.0,1,223,2.235096428011289,0.0,400.0,0.0,0.0,0.0,0.0,{}
MultiShell12,12,DE-PEN,7,400,1.0,1,184,1.2703243863577327,0.0,400.0,0.0,0.0,0.0,0.0,{}
MultiShell12,12,DE-PEN,8,400,1.0,1,32,2.0795082514540986,0.0,400.0,0.0,0.0,0.0,0.0,{}
MultiShell12,12,DE-PEN,9,400,1.0,1,7,1.278260168919602,0.0,400.0,0.0,0.0,0.0,0.0,{}
MultiShell12,12,DE-PEN,10,400,1.0,0,401,inf,0.2008013492422156,400.0,0.0,0.0,0.0,0.0,{}
MultiShell12,12,DE-PEN,11,400,1.0,1,252,2.0996425183744343,0.0,400.0,0.0,0.0,0.0,0.0,{}
MultiShell12,12,DE-PEN,12,400,1.0,0,401,inf,0.3388178597146681,400.0,0.0,0.0,0.0,0.0,{}
MultiShell12,12,DE-PEN,13,400,1.0,0,401,inf,0.0112855724309863,400.0,0.0,0.0,0.0,0.0,{}
MultiShell12,12,DE-PEN,14,400,1.0,0,401,inf,0.146367961135265,400.0,0.0,0.0,0.0,0.0,{}
MultiShell12,12,DE-PEN,15,400,1.0,0,401,inf,0.0204986150859484,400.0,0.0,0.0,0.0,0.0,{}
MultiShell12,12,DE-PEN,16,400,1.0,0,401,inf,0.0898922527114434,400.0,0.0,0.0,0.0,0.0,{}
MultiShell12,12,DE-PEN,17,400,1.0,0,401,inf,0.1740773353183095,400.0,0.0,0.0,0.0,0.0,{}
MultiShell12,12,DE-PEN,18,400,1.0,1,6,1.7558928183801052,0.0,400.0,0.0,0.0,0.0,0.0,{}
MultiShell12,12,DE-PEN,19,400,1.0,1,283,1.4590740602735128,0.0,400.0,0.0,0.0,0.0,0.0,{}
MultiShell12,12,DE-PEN,20,400,1.0,0,401,inf,0.1679716904755267,400.0,0.0,0.0,0.0,0.0,{}
MultiShell12,12,DE-PEN,21,400,1.0,1,130,1.2574773964619637,0.0,400.0,0.0,0.0,0.0,0.0,{}
MultiShell12,12,DE-PEN,22,400,1.0,0,401,inf,0.3258576810121424,400.0,0.0,0.0,0.0,0.0,{}
MultiShell12,12,DE-PEN,23,400,1.0,1,220,2.073178907274551,0.0,400.0,0.0,0.0,0.0,0.0,{}
MultiShell12,12,DE-PEN,24,400,1.0,0,401,inf,0.0409989129550314,400.0,0.0,0.0,0.0,0.0,{}
MultiShell12,12,DE-PEN,25,400,1.0,0,401,inf,0.1412650868753714,400.0,0.0,0.0,0.0,0.0,{}
MultiShell12,12,DE-PEN,26,400,1.0,0,401,inf,1.2915900988323723,400.0,0.0,0.0,0.0,0.0,{}
MultiShell12,12,DE-PEN,27,400,1.0,0,401,inf,0.2069848342943502,400.0,0.0,0.0,0.0,0.0,{}
MultiShell12,12,DE-PEN,28,400,1.0,0,401,inf,0.7511972137237022,400.0,0.0,0.0,0.0,0.0,{}
MultiShell12,12,DE-PEN,29,400,1.0,1,388,2.0195350765021054,0.0,400.0,0.0,0.0,0.0,0.0,{}
MultiShell12,12,JADE-NCV,0,400,1.0,1,96,0.8690051071378626,0.0,400.0,0.0,0.0,0.0,0.0,{}
MultiShell12,12,JADE-NCV,1,400,1.0,1,146,1.223521935374533,0.0,400.0,0.0,0.0,0.0,0.0,{}
MultiShell12,12,JADE-NCV,2,400,1.0,1,220,1.0162636729409025,0.0,400.0,0.0,0.0,0.0,0.0,{}
MultiShell12,12,JADE-NCV,3,400,1.0,1,113,1.1932259258180582,0.0,400.0,0.0,0.0,0.0,0.0,{}
MultiShell12,12,JADE-NCV,4,400,1.0,1,160,0.9207158963162808,0.0,400.0,0.0,0.0,0.0,0.0,{}
MultiShell12,12,JADE-NCV,5,400,1.0,1,198,1.1339406639364422,0.0,400.0,0.0,0.0,0.0,0.0,{}
MultiShell12,12,JADE-NCV,6,400,1.0,1,187,1.1190034253863346,0.0,400.0,0.0,0.0,0.0,0.0,{}
MultiShell12,12,JADE-NCV,7,400,1.0,1,157,1.2121303245851225,0.0,400.0,0.0,0.0,0.0,0.0,{}
MultiShell12,12,JADE-NCV,8,400,1.0,1,32,1.2162149994680878,0.0,400.0,0.0,0.0,0.0,0.0,{}
MultiShell12,12,JADE-NCV,9,400,1.0,1,7,0.9886659502620104,0.0,400.0,0.0,0.0,0.0,0.0,{}
MultiShell12,12,JADE-NCV,10,400,1.0,1,191,0.9251692557930224,0.0,400.0,0.0,0.0,0.0,0.0,{}
MultiShell12,12,JADE-NCV,11,400,1.0,1,185,0.9349607589400354,0.0,400.0,0.0,0.0,0.0,0.0,{}
MultiShell12,12,JADE-NCV,12,400,1.0,1,203,0.9423708375513828,0.0,400.0,0.0,0.0,0.0,0.0,{}
MultiShell12,12,JADE-NCV,13,400,1.0,1,137,1.149931952689614,0.0,400.0,0.0,0.0,0.0,0.0,{}
MultiShell12,12,JADE-NCV,14,400,1.0,1,130,0.967081309801619,0.0,400.0,0.0,0.0,0.0,0.0,{}
MultiShell12,12,JADE-NCV,15,400,1.0,1,96,1.2159128969657782,0.0,400.0,0.0,0.0,0.0,0.0,{}
MultiShell12,12,JADE-NCV,16,400,1.0,1,256,1.491763441123017,0.0,400.0,0.0,0.0,0.0,0.0,{}
MultiShell12,12,JADE-NCV,17,400,1.0,1,151,1.272538394132089,0.0,400.0,0.0,0.0,0.0,0.0,{}
MultiShell12,12,JADE-NCV,18,400,1.0,1,6,1.2790690684526749,0.0,400.0,0.0,0.0,0.0,0.0,{}
MultiShell12,12,JADE-NCV,19,400,1.0,1,110,0.8823617876909454,0.0,400.0,0.0,0.0,0.0,0.0,{}
MultiShell12,12,JADE-NCV,20,400,1.0,1,77,1.073811251518272,0.0,400.0,0.0,0.0,0.0,0.0,{}
MultiShell12,12,JADE-NCV,21,400,1.0,1,152,1.0805852991834803,0.0,400.0,0.0,0.0,0.0,0.0,{}
MultiShell12,12,JADE-NCV,22,400,1.0,1,166,1.1620484379333698,0.0,400.0,0.0,0.0,0.0,0.0,{}
MultiShell12,12,JADE-NCV,23,400,1.0,1,124,0.9941879380945868,0.0,400.0,0.0,0.0,0.0,0.0,{}
MultiShell12,12,JADE-NCV,24,400,1.0,1,190,1.336306346156621,0.0,400.0,0.0,0.0,0.0,0.0,{}
MultiShell12,12,JADE-NCV,25,400,1.0,1,57,1.1755925694672076,0.0,400.0,0.0,0.0,0.0,0.0,{}
MultiShell12,12,JADE-NCV,26,400,1.0,1,227,1.3008540750753004,0.0,400.0,0.0,0.0,0.0,0.0,{}
MultiShell12,12,JADE-NCV,27,400,1.0,1,132,1.0253980411854149,0.0,400.0,0.0,0.0,0.0,0.0,{}
MultiShell12,12,JADE-NCV,28,400,1.0,1,205,1.1173981902052792,0.0,400.0,0.0,0.0,0.0,0.0,{}
MultiShell12,12,JADE-NCV,29,400,1.0,1,159,1.10255323471493,0.0,400.0,0.0,0.0,0.0,0.0,{}
MultiShell12,12,UCB-Objective,0,400,1.0,1,100,0.8243845568815489,0.0,405.623728642696,65.442278050326,0.0210218496752011,0.0533333333333333,1.6048841565450185,"{""rand1"": 72, ""pbest"": 77, ""closure"": 59, ""local"": 76, ""consensus"": 76}"
MultiShell12,12,UCB-Objective,1,400,1.0,1,131,0.890600877342789,0.0,408.918171595093,69.89157766217065,0.0259661333661736,0.4118471002681529,1.602399254759066,"{""rand1"": 73, ""pbest"": 74, ""closure"": 56, ""local"": 79, ""consensus"": 78}"
MultiShell12,12,UCB-Objective,2,400,1.0,1,44,0.857882726405565,0.0,404.5647077357111,59.96094220278172,0.0047147742175377,0.2,1.6091275998059391,"{""rand1"": 74, ""pbest"": 73, ""closure"": 69, ""local"": 73, ""consensus"": 71}"
MultiShell12,12,UCB-Objective,3,400,1.0,1,119,0.8929372453245563,0.0,406.9292263640925,70.45012285768337,0.023192089579668,0.0863636363636362,1.6042530571461038,"{""rand1"": 74, ""pbest"": 74, ""closure"": 58, ""local"": 76, ""consensus"": 78}"
MultiShell12,12,UCB-Objective,4,400,1.0,1,83,0.8033401111219356,0.0,406.52685122207134,65.11472927089832,0.0152716523458064,0.6906227106227106,1.60609667454484,"{""rand1"": 69, ""pbest"": 70, ""closure"": 64, ""local"": 81, ""consensus"": 76}"
MultiShell12,12,UCB-Objective,5,400,1.0,1,122,0.8596823801375877,0.0,407.6944613736948,71.30303477063009,0.0243348649834551,0.2308452950558213,1.6041072781421943,"{""rand1"": 73, ""pbest"": 75, ""closure"": 58, ""local"": 79, ""consensus"": 75}"
MultiShell12,12,UCB-Objective,6,400,1.0,1,107,0.8359768259060937,0.0,407.772521911063,73.28962283966824,0.0200798759843674,0.0657342657342657,1.605065470242599,"{""rand1"": 71, ""pbest"": 73, ""closure"": 60, ""local"": 79, ""consensus"": 77}"
MultiShell12,12,UCB-Objective,7,400,1.0,1,48,0.849722889413139,0.0,406.4296586246134,56.28155672360265,0.0081873532205574,0.3833333333333333,1.6087442817172446,"{""rand1"": 69, ""pbest"": 73, ""closure"": 69, ""local"": 76, ""consensus"": 73}"
MultiShell12,12,UCB-Objective,8,400,1.0,1,32,0.8925023772278351,0.0,404.170860913153,53.73271317547172,0.005451186973732,0.1406060606060606,1.6089007969427351,"{""rand1"": 71, ""pbest"": 76, ""closure"": 69, ""local"": 73, ""consensus"": 71}"
MultiShell12,12,UCB-Objective,9,400,1.0,1,7,0.8623524277450588,0.0,405.8620035014108,56.60842995476307,0.0133080666888562,0.2514285714285714,1.6068117908356312,"{""rand1"": 68, ""pbest"": 74, ""closure"": 66, ""local"": 71, ""consensus"": 81}"
MultiShell12,12,UCB-Objective,10,400,1.0,1,123,0.8480768240108986,0.0,409.6328362226628,81.54843485998327,0.0199989775920698,0.4612121212121211,1.6053278090620764,"{""rand1"": 72, ""pbest"": 75, ""closure"": 60, ""local"": 74, ""consensus"": 79}"
MultiShell12,12,UCB-Objective,11,400,1.0,1,76,0.8551265744592521,0.0,406.1694755712036,65.12074926109244,0.0132284286883276,0.1714285714285714,1.6073842172830606,"{""rand1"": 70, ""pbest"": 78, ""closure"": 65, ""local"": 71, ""consensus"": 76}"
MultiShell12,12,UCB-Objective,12,400,1.0,1,95,0.7856920802089871,0.0,408.3637423454975,67.3552647262607,0.0177663961870319,0.3804761904761904,1.606401173428524,"{""rand1"": 73, ""pbest"": 72, ""closure"": 62, ""local"": 74, ""consensus"": 79}"
MultiShell12,12,UCB-Objective,13,400,1.0,1,136,0.9234589616298896,0.0,407.7106041641584,72.27660159523582,0.0302181583474265,0.2082913165266106,1.6009274013553316,"{""rand1"": 72, ""pbest"": 73, ""closure"": 55, ""local"": 79, ""consensus"": 81}"
MultiShell12,12,UCB-Objective,14,400,1.0,1,96,0.8270087978701322,0.0,407.0070163528604,57.60675010446363,0.0159214728158315,0.2646856961408045,1.6060222220717146,"{""rand1"": 71, ""pbest"": 71, ""closure"": 62, ""local"": 78, ""consensus"": 78}"
MultiShell12,12,UCB-Objective,15,400,1.0,1,104,0.8916877711980297,0.0,404.32682718216194,68.06166220089004,0.0184476364951711,0.18,1.6061975244432845,"{""rand1"": 72, ""pbest"": 76, ""closure"": 61, ""local"": 76, ""consensus"": 75}"
MultiShell12,12,UCB-Objective,16,400,1.0,1,68,0.9066062647231984,0.0,405.97002125808586,61.52391939801889,0.006334616585646,0.2215384615384615,1.6087817290705493,"{""rand1"": 73, ""pbest"": 71, ""closure"": 68, ""local"": 72, ""consensus"": 76}"
MultiShell12,12,UCB-Objective,17,400,1.0,1,83,0.7485304265450938,0.0,405.46480348757336,70.08363673332748,0.0116173102322291,0.1525474525474525,1.6075111428893136,"{""rand1"": 71, ""pbest"": 77, ""closure"": 64, ""local"": 74, ""consensus"": 74}"
MultiShell12,12,UCB-Objective,18,400,1.0,1,6,0.8363058669769374,0.0,405.9602073363189,50.96462386782292,0.0129088068777313,0.3363636363636363,1.6076371223881305,"{""rand1"": 67, ""pbest"": 72, ""closure"": 68, ""local"": 74, ""consensus"": 79}"
MultiShell12,12,UCB-Objective,19,400,1.0,1,96,0.8378060904952803,0.0,405.4537261086085,64.4759738166544,0.0142900091738931,0.24,1.607034328909734,"{""rand1"": 73, ""pbest"": 74, ""closure"": 63, ""local"": 78, ""consensus"": 72}"
MultiShell12,12,UCB-Objective,20,400,1.0,1,59,0.9406107328697078,0.0,404.8555494892115,56.70741187315302,0.0095051291244528,0.3838095238095237,1.6085548421413989,"{""rand1"": 72, ""pbest"": 70, ""closure"": 68, ""local"": 77, ""consensus"": 73}"
MultiShell12,12,UCB-Objective,21,400,1.0,1,88,0.7149992944123217,0.0,404.12559944216025,67.24074499614541,0.0170424458859901,0.27006993006993,1.6062794812920762,"{""rand1"": 70, ""pbest"": 74, ""closure"": 62, ""local"": 78, ""consensus"": 76}"
MultiShell12,12,UCB-Objective,22,400,1.0,1,111,0.8660485686387787,0.0,406.1490056138949,65.21084357493793,0.0193301311696122,0.2614285714285714,1.6056958827682108,"{""rand1"": 74, ""pbest"": 75, ""closure"": 60, ""local"": 77, ""consensus"": 74}"
MultiShell12,12,UCB-Objective,23,400,1.0,1,76,0.9048824793742476,0.0,404.4993216610843,60.69311761969705,0.0099039190303686,0.1952380952380952,1.6084674692130665,"{""rand1"": 67, ""pbest"": 74, ""closure"": 70, ""local"": 76, ""consensus"": 73}"
MultiShell12,12,UCB-Objective,24,400,1.0,1,110,0.838067421348944,0.0,405.8721097289812,70.85578964519341,0.022434168048336,0.3466666666666667,1.6039268370008022,"{""rand1"": 75, ""pbest"": 73, ""closure"": 58, ""local"": 80, ""consensus"": 74}"
MultiShell12,12,UCB-Objective,25,400,1.0,1,148,0.7425099518283214,0.0,410.0676892654625,71.91584032280251,0.0304598934985913,0.2718602965661789,1.6007534198374085,"{""rand1"": 75, ""pbest"": 75, ""closure"": 54, ""local"": 76, ""consensus"": 80}"
MultiShell12,12,UCB-Objective,26,400,1.0,1,96,0.8597004585446204,0.0,406.9503361460375,73.28138000385349,0.0186117266140148,0.1699999999999999,1.6055738773460675,"{""rand1"": 73, ""pbest"": 71, ""closure"": 61, ""local"": 80, ""consensus"": 75}"
MultiShell12,12,UCB-Objective,27,400,1.0,1,100,0.8722176098066212,0.0,405.9163298674481,68.34090843121335,0.0196520563092311,0.1142857142857142,1.606012910473387,"{""rand1"": 69, ""pbest"": 74, ""closure"": 62, ""local"": 77, ""consensus"": 78}"
MultiShell12,12,UCB-Objective,28,400,1.0,1,84,0.8313436173984258,0.0,407.5101834812133,59.04948103592682,0.0154069990910523,0.2189075630252101,1.6060524539476997,"{""rand1"": 68, ""pbest"": 75, ""closure"": 63, ""local"": 74, ""consensus"": 80}"
MultiShell12,12,UCB-Objective,29,400,1.0,1,91,0.8939325279391248,0.0,408.2076555160634,66.9450595010027,0.0136006722431387,0.3299999999999999,1.6074180382244023,"{""rand1"": 69, ""pbest"": 73, ""closure"": 65, ""local"": 75, ""consensus"": 78}"
MultiShell12,12,UCB-Success,0,400,1.0,1,58,0.8366290673627392,0.0,405.2643203589658,65.64074964709745,0.1141362819823196,0.0,1.4730577292442877,"{""rand1"": 26, ""pbest"": 35, ""closure"": 84, ""local"": 121, ""consensus"": 94}"
MultiShell12,12,UCB-Success,1,400,1.0,1,73,0.9866972643505594,0.0,410.0909069177563,58.9365978009365,0.0968024152682276,0.3580952380952381,1.5276195698807316,"{""rand1"": 64, ""pbest"": 36, ""closure"": 101, ""local"": 49, ""consensus"": 110}"
MultiShell12,12,UCB-Success,2,400,1.0,1,44,0.7509258183671015,0.0,416.5242670082656,63.79630791064112,0.1254075065354943,0.0,1.4501320270588531,"{""rand1"": 32, ""pbest"": 38, ""closure"": 80, ""local"": 60, ""consensus"": 150}"
MultiShell12,12,UCB-Success,3,400,1.0,1,61,0.920313364194148,0.0,408.7883932675241,61.972651847248216,0.0865560711128202,0.1028571428571428,1.5191439759004282,"{""rand1"": 24, ""pbest"": 62, ""closure"": 78, ""local"": 86, ""consensus"": 110}"
MultiShell12,12,UCB-Success,4,400,1.0,1,51,0.8958067534904868,0.0,407.3492299772349,62.02060212687776,0.0719572649747215,0.0,1.573427747615544,"{""rand1"": 43, ""pbest"": 63, ""closure"": 79, ""local"": 74, ""consensus"": 101}"
MultiShell12,12,UCB-Success,5,400,1.0,1,113,0.8333086744028713,0.0,415.9598062592772,85.20619408922703,0.1243756974419081,0.2012121212121212,1.4600580407832002,"{""rand1"": 27, ""pbest"": 40, ""closure"": 72, ""local"": 79, ""consensus"": 142}"
MultiShell12,12,UCB-Success,6,400,1.0,1,83,0.8058949042626926,0.0,404.7989049213954,70.541242373469,0.1001400254270665,0.1066666666666666,1.5066713273047592,"{""rand1"": 20, ""pbest"": 83, ""closure"": 105, ""local"": 61, ""consensus"": 91}"
MultiShell12,12,UCB-Success,7,400,1.0,1,48,0.725491171029724,0.0,406.3613630251647,64.45331085005084,0.0823349046694691,0.0,1.5420259259169409,"{""rand1"": 31, ""pbest"": 63, ""closure"": 99, ""local"": 69, ""consensus"": 98}"
MultiShell12,12,UCB-Success,8,400,1.0,1,32,0.9032165804456154,0.0,406.36511107410274,60.55170840290983,0.0863355776581204,0.0,1.5578606255400247,"{""rand1"": 50, ""pbest"": 42, ""closure"": 93, ""local"": 76, ""consensus"": 99}"
MultiShell12,12,UCB-Success,9,400,1.0,1,7,0.7551033589882851,0.0,410.3438600169079,66.30234163695773,0.1146692811656298,0.0,1.4836549281041187,"{""rand1"": 24, ""pbest"": 44, ""closure"": 83, ""local"": 85, ""consensus"": 124}"
MultiShell12,12,UCB-Success,10,400,1.0,1,94,0.8694783051735334,0.0,408.1804808157037,72.25902451074201,0.083801047809104,0.0571428571428571,1.568703339701933,"{""rand1"": 39, ""pbest"": 73, ""closure"": 67, ""local"": 81, ""consensus"": 100}"
MultiShell12,12,UCB-Success,11,400,1.0,1,54,0.7670843000917864,0.0,407.8210757351113,67.49077598431482,0.094485439286753,0.0,1.5242876366085223,"{""rand1"": 38, ""pbest"": 39, ""closure"": 93, ""local"": 80, ""consensus"": 110}"
MultiShell12,12,UCB-Success,12,400,1.0,1,86,0.8204794723119471,0.0,410.4848652687207,76.81453621875261,0.1000180337922262,0.0,1.520795025178293,"{""rand1"": 43, ""pbest"": 34, ""closure"": 75, ""local"": 106, ""consensus"": 102}"
MultiShell12,12,UCB-Success,13,400,1.0,1,48,0.871611986170132,0.0,403.34201873629416,57.32012012953619,0.1056239536669511,0.0,1.493226028239092,"{""rand1"": 36, ""pbest"": 29, ""closure"": 111, ""local"": 91, ""consensus"": 93}"
MultiShell12,12,UCB-Success,14,400,1.0,1,106,0.796253468749083,0.0,412.8850936841105,76.42831987630885,0.1182896364035435,0.0,1.4649462744646462,"{""rand1"": 32, ""pbest"": 31, ""closure"": 69, ""local"": 98, ""consensus"": 130}"
MultiShell12,12,UCB-Success,15,400,1.0,1,89,0.8079145782658723,0.0,412.1716536984176,79.90256033259142,0.1083544035006209,0.0,1.4854873406141218,"{""rand1"": 29, ""pbest"": 43, ""closure"": 62, ""local"": 105, ""consensus"": 121}"
MultiShell12,12,UCB-Success,16,400,1.0,1,64,0.8125945911430696,0.0,407.765393100762,67.9443232087554,0.094880824347665,0.0,1.5392448773043204,"{""rand1"": 48, ""pbest"": 62, ""closure"": 100, ""local"": 42, ""consensus"": 108}"
MultiShell12,12,UCB-Success,17,400,1.0,1,91,0.8565370697650265,0.0,411.890132410744,78.17130788262457,0.113551748503423,0.2,1.537605863473399,"{""rand1"": 42, ""pbest"": 74, ""closure"": 56, ""local"": 63, ""consensus"": 125}"
MultiShell12,12,UCB-Success,18,400,1.0,1,6,0.8565452058831983,0.0,406.2925470264713,56.52362728031555,0.0784678114572023,0.12,1.5290089910271474,"{""rand1"": 27, ""pbest"": 56, ""closure"": 85, ""local"": 100, ""consensus"": 92}"
MultiShell12,12,UCB-Success,19,400,1.0,1,87,0.8788908160059057,0.0,412.38892787485736,75.58196296284993,0.0778270799309994,0.16,1.5484939028548133,"{""rand1"": 46, ""pbest"": 66, ""closure"": 56, ""local"": 70, ""consensus"": 122}"
MultiShell12,12,UCB-Success,20,400,1.0,1,60,0.8497514614084245,0.0,409.2254737149863,63.63856805743292,0.0986819778242522,0.0,1.5208939533096024,"{""rand1"": 42, ""pbest"": 35, ""closure"": 83, ""local"": 85, ""consensus"": 115}"
MultiShell12,12,UCB-Success,21,400,1.0,1,88,0.8714233659608144,0.0,408.1607420659808,83.19562147695305,0.09842446912076,0.2971428571428571,1.4950428625873724,"{""rand1"": 31, ""pbest"": 39, ""closure"": 73, ""local"": 120, ""consensus"": 97}"
MultiShell12,12,UCB-Success,22,400,1.0,1,89,0.9076343120848748,0.0,413.3402309672189,74.54455844783348,0.1010971935668202,0.1,1.5004055541807244,"{""rand1"": 40, ""pbest"": 34, ""closure"": 69, ""local"": 93, ""consensus"": 124}"
MultiShell12,12,UCB-Success,23,400,1.0,1,88,0.90144391459592,0.0,406.5149870867632,72.54462846610784,0.0787417231848641,0.0,1.557918878328559,"{""rand1"": 34, ""pbest"": 88, ""closure"": 67, ""local"": 73, ""consensus"": 98}"
MultiShell12,12,UCB-Success,24,400,1.0,1,47,0.8698856254841194,0.0,410.7268275898285,58.222922873273625,0.0974280961982659,0.18,1.502810258959761,"{""rand1"": 30, ""pbest"": 50, ""closure"": 102, ""local"": 60, ""consensus"": 118}"
MultiShell12,12,UCB-Success,25,400,1.0,1,103,0.7375288702959699,0.0,415.0261211481872,83.86949754469119,0.120948956073695,0.0799999999999999,1.4821317158437948,"{""rand1"": 33, ""pbest"": 45, ""closure"": 74, ""local"": 66, ""consensus"": 142}"
MultiShell12,12,UCB-Success,26,400,1.0,1,87,0.7869956023472722,0.0,410.2936125985646,82.26747962832775,0.1083167546405054,0.1371428571428571,1.4918402188761202,"{""rand1"": 28, ""pbest"": 38, ""closure"": 88, ""local"": 90, ""consensus"": 116}"
MultiShell12,12,UCB-Success,27,400,1.0,1,49,0.7882764585738294,0.0,409.25028527918266,65.35450170538074,0.0986288603874901,0.0,1.5203392319023958,"{""rand1"": 39, ""pbest"": 41, ""closure"": 66, ""local"": 109, ""consensus"": 105}"
MultiShell12,12,UCB-Success,28,400,1.0,1,49,0.9122073333034408,0.0,409.020326592621,59.33814645010619,0.0972692612249842,0.0,1.4968102120769675,"{""rand1"": 23, ""pbest"": 52, ""closure"": 91, ""local"": 76, ""consensus"": 118}"
MultiShell12,12,UCB-Success,29,400,1.0,1,55,0.917150224327987,0.0,409.7241186652497,65.52349809010205,0.1022067690667889,0.1142857142857142,1.4954293102066931,"{""rand1"": 30, ""pbest"": 40, ""closure"": 91, ""local"": 77, ""consensus"": 122}"
MultiShell12,12,UCB-Violation,0,400,1.0,1,82,0.8129174048015935,0.0,398.08016499178194,70.83234664818093,0.2421417214184327,0.4195804195804196,1.2703629134575396,"{""rand1"": 37, ""pbest"": 37, ""closure"": 37, ""local"": 207, ""consensus"": 42}"
MultiShell12,12,UCB-Violation,1,400,1.0,1,90,0.8498223558104813,0.0,397.1051892534833,71.7511845232107,0.2254236134455889,0.2285714285714285,1.3073115359101375,"{""rand1"": 41, ""pbest"": 38, ""closure"": 41, ""local"": 199, ""consensus"": 41}"
MultiShell12,12,UCB-Violation,2,400,1.0,1,44,0.7685216856259173,0.0,388.42659301379103,63.47659179616452,0.2182003609302154,0.04,1.3370093132010814,"{""rand1"": 46, ""pbest"": 39, ""closure"": 192, ""local"": 42, ""consensus"": 41}"
MultiShell12,12,UCB-Violation,3,400,1.0,1,84,0.8248280679285253,0.0,398.0799521654608,72.76023925098116,0.1933941596452618,0.2047619047619047,1.38239188798023,"{""rand1"": 45, ""pbest"": 36, ""closure"": 58, ""local"": 179, ""consensus"": 42}"
MultiShell12,12,UCB-Violation,4,400,1.0,1,78,0.9272047209548452,0.0,419.4247369037845,69.87632065784437,0.1640576331578946,0.2763636363636363,1.4441127344229197,"{""rand1"": 49, ""pbest"": 40, ""closure"": 71, ""local"": 41, ""consensus"": 159}"
MultiShell12,12,UCB-Violation,5,400,1.0,1,115,0.8620357076587863,0.0,397.0993336364489,70.68504040361938,0.133552178829406,0.0,1.4733050904670828,"{""rand1"": 32, ""pbest"": 93, ""closure"": 137, ""local"": 43, ""consensus"": 55}"
MultiShell12,12,UCB-Violation,6,400,1.0,1,90,0.7262904232617101,0.0,427.83857034784654,73.38759446002251,0.2182495680466671,0.4,1.3370002822140012,"{""rand1"": 40, ""pbest"": 39, ""closure"": 45, ""local"": 44, ""consensus"": 192}"
MultiShell12,12,UCB-Violation,7,400,1.0,1,101,0.7830905211541779,0.0,399.3801740543474,72.89366860251349,0.1906638708060946,0.08,1.387664975559896,"{""rand1"": 34, ""pbest"": 41, ""closure"": 50, ""local"": 177, ""consensus"": 58}"
MultiShell12,12,UCB-Violation,8,400,1.0,1,32,0.7807599976525309,0.0,394.89411529941617,58.68901185966453,0.1238092974632097,0.0,1.49995391064962,"{""rand1"": 41, ""pbest"": 42, ""closure"": 116, ""local"": 111, ""consensus"": 50}"
MultiShell12,12,UCB-Violation,9,400,1.0,1,7,0.7712757513148863,0.0,389.3059490915104,60.90703051177324,0.2083776164547808,0.0,1.3558092926746417,"{""rand1"": 51, ""pbest"": 39, ""closure"": 187, ""local"": 43, ""consensus"": 40}"
MultiShell12,12,UCB-Violation,10,400,1.0,1,64,0.7708602406192311,0.0,427.7154380350093,67.5278483102409,0.221822295628773,0.1028571428571428,1.3293216973839284,"{""rand1"": 41, ""pbest"": 41, ""closure"": 42, ""local"": 42, ""consensus"": 194}"
MultiShell12,12,UCB-Violation,11,400,1.0,1,74,0.8796480786273776,0.0,423.9919419174336,65.36966556102334,0.1920486793928614,0.2285714285714285,1.388242257521496,"{""rand1"": 37, ""pbest"": 43, ""closure"": 46, ""local"": 56, ""consensus"": 178}"
MultiShell12,12,UCB-Violation,12,400,1.0,1,104,0.8270069616916259,0.0,427.64044124697045,78.30311587563993,0.2098985216816253,0.8257142857142856,1.3529261412090816,"{""rand1"": 42, ""pbest"": 41, ""closure"": 40, ""local"": 49, ""consensus"": 188}"
MultiShell12,12,UCB-Violation,13,400,1.0,1,92,0.845759297881467,0.0,397.4821982056432,80.58580747667742,0.2352373835897215,0.0,1.2884492919125388,"{""rand1"": 37, ""pbest"": 42, ""closure"": 36, ""local"": 203, ""consensus"": 42}"
MultiShell12,12,UCB-Violation,14,400,1.0,1,74,0.8073781233921796,0.0,400.50248400026254,75.48995428165671,0.2030622504036058,0.1571428571428571,1.3637664120952786,"{""rand1"": 36, ""pbest"": 46, ""closure"": 36, ""local"": 183, ""consensus"": 59}"
MultiShell12,12,UCB-Violation,15,400,1.0,1,96,0.9125456424653984,0.0,427.0819584285862,77.6336879917543,0.210954256565654,0.0,1.351086532903614,"{""rand1"": 40, ""pbest"": 41, ""closure"": 39, ""local"": 52, ""consensus"": 188}"
MultiShell12,12,UCB-Violation,16,400,1.0,1,50,0.9060879987868392,0.0,391.1244103061477,60.34197809246196,0.2108313766155538,0.0,1.3481831071606862,"{""rand1"": 39, ""pbest"": 39, ""closure"": 189, ""local"": 44, ""consensus"": 49}"
MultiShell12,12,UCB-Violation,17,400,1.0,1,73,0.7830020152087456,0.0,391.8490222998318,71.41347253642917,0.1310100647802147,0.0,1.4849153461396023,"{""rand1"": 40, ""pbest"": 42, ""closure"": 116, ""local"": 117, ""consensus"": 45}"
MultiShell12,12,UCB-Violation,18,400,1.0,1,6,0.877235303464524,0.0,400.69965728705023,58.53705403693,0.1932556684474357,0.0,1.3738892657032151,"{""rand1"": 36, ""pbest"": 40, ""closure"": 36, ""local"": 177, ""consensus"": 71}"
MultiShell12,12,UCB-Violation,19,400,1.0,1,63,0.7080162083147085,0.0,407.0655307653351,71.31712751469534,0.1448978250990464,0.3142857142857142,1.4610560921012803,"{""rand1"": 36, ""pbest"": 38, ""closure"": 51, ""local"": 142, ""consensus"": 93}"
MultiShell12,12,UCB-Violation,20,400,1.0,1,56,0.9125516868129284,0.0,420.6751836187664,66.86147681894492,0.1588929486556832,0.1928571428571428,1.4517997594555514,"{""rand1"": 38, ""pbest"": 49, ""closure"": 48, ""local"": 67, ""consensus"": 158}"
MultiShell12,12,UCB-Violation,21,400,1.0,1,97,0.8799159626385884,0.0,423.898154266474,80.14622855766848,0.1894542242584209,0.24,1.3899411043996712,"{""rand1"": 35, ""pbest"": 56, ""closure"": 50, ""local"": 42, ""consensus"": 177}"
MultiShell12,12,UCB-Violation,22,400,1.0,1,83,0.7987030477711878,0.0,427.5311730007461,69.77015675506695,0.2232303875827561,0.2285714285714285,1.321738707756824,"{""rand1"": 38, ""pbest"": 39, ""closure"": 38, ""local"": 50, ""consensus"": 195}"
MultiShell12,12,UCB-Violation,23,400,1.0,1,122,0.8047804455572294,0.0,400.7046347075468,73.15440886123798,0.2320738833015593,0.1476190476190476,1.2952651865543918,"{""rand1"": 35, ""pbest"": 39, ""closure"": 37, ""local"": 201, ""consensus"": 48}"
MultiShell12,12,UCB-Violation,24,400,1.0,1,88,0.8602726180835742,0.0,397.2216508263978,73.32761859597751,0.2156329048487277,0.16,1.3369903467798063,"{""rand1"": 42, ""pbest"": 38, ""closure"": 43, ""local"": 192, ""consensus"": 45}"
MultiShell12,12,UCB-Violation,25,400,1.0,1,91,0.8545223414946228,0.0,424.3102184342672,78.1828137700296,0.187814247253161,0.2904761904761904,1.400270852905024,"{""rand1"": 49, ""pbest"": 38, ""closure"": 55, ""local"": 43, ""consensus"": 175}"
MultiShell12,12,UCB-Violation,26,400,1.0,1,83,0.8587813078876889,0.0,426.0990645388945,72.89001838106628,0.21357196941045,0.2005494505494505,1.3420616727019974,"{""rand1"": 37, ""pbest"": 39, ""closure"": 57, ""local"": 38, ""consensus"": 189}"
MultiShell12,12,UCB-Violation,27,400,1.0,1,55,0.8267958534655916,0.0,395.41403789461583,67.8802454109476,0.1224817580937649,0.0,1.49859431791079,"{""rand1"": 40, ""pbest"": 41, ""closure"": 117, ""local"": 110, ""consensus"": 52}"
MultiShell12,12,UCB-Violation,28,400,1.0,1,125,0.831518382143586,0.0,401.4058813070847,83.29621973121219,0.2258898438985896,0.1066666666666666,1.3005953591417465,"{""rand1"": 36, ""pbest"": 32, ""closure"": 42, ""local"": 199, ""consensus"": 51}"
MultiShell12,12,UCB-Violation,29,400,1.0,1,70,0.7751208993419867,0.0,402.4759110357225,70.15043960676117,0.1324217485464264,0.16,1.487330347407423,"{""rand1"": 42, ""pbest"": 44, ""closure"": 131, ""local"": 44, ""consensus"": 99}"
NarrowCorridor12,12,DCAS,0,400,1.0,1,121,1.1744999972414432,0.0,402.23469090041374,57.05341183059173,0.0419513519216649,0.7096499876934659,1.5946101335019502,"{""rand1"": 56, ""pbest"": 60, ""closure"": 82, ""local"": 88, ""consensus"": 74}"
NarrowCorridor12,12,DCAS,1,400,1.0,1,206,1.680658299467121,0.0,409.3359621502402,55.156918455403805,0.0636558198603388,0.5273992335985922,1.581380619259002,"{""rand1"": 56, ""pbest"": 57, ""closure"": 61, ""local"": 93, ""consensus"": 93}"
NarrowCorridor12,12,DCAS,2,400,1.0,1,168,1.7970717871538593,0.0,403.1662771847229,56.07874055400502,0.0534626109616653,0.8946802434174177,1.590603368175251,"{""rand1"": 56, ""pbest"": 62, ""closure"": 67, ""local"": 96, ""consensus"": 79}"
NarrowCorridor12,12,DCAS,3,400,1.0,1,197,1.1211641564346038,0.0,405.2601933181827,56.031198154204695,0.0716977376185837,0.8272278440513734,1.5651130055417657,"{""rand1"": 46, ""pbest"": 76, ""closure"": 51, ""local"": 104, ""consensus"": 83}"
NarrowCorridor12,12,DCAS,4,400,1.0,1,130,1.1540128411072796,0.0,403.6580013637533,55.5074903727227,0.0425708682306745,0.7184263077047458,1.6005736748304324,"{""rand1"": 59, ""pbest"": 64, ""closure"": 74, ""local"": 86, ""consensus"": 77}"
NarrowCorridor12,12,DCAS,5,400,1.0,1,170,1.5364801282849805,0.0,406.3027678187755,62.11201531560505,0.0355486084917117,0.5648707123660639,1.5985581891289846,"{""rand1"": 58, ""pbest"": 71, ""closure"": 64, ""local"": 88, ""consensus"": 79}"
NarrowCorridor12,12,DCAS,6,400,1.0,1,169,1.2899293285348483,0.0,405.7006005786703,55.75211164765979,0.0395065110351735,0.4008607177136588,1.595931016472193,"{""rand1"": 58, ""pbest"": 62, ""closure"": 68, ""local"": 86, ""consensus"": 86}"
NarrowCorridor12,12,DCAS,7,400,1.0,1,169,0.8964060843523127,0.0,408.8686312465399,60.052845094929175,0.0501605127635401,0.8625268844201143,1.5902695447959037,"{""rand1"": 55, ""pbest"": 61, ""closure"": 69, ""local"": 80, ""consensus"": 95}"
NarrowCorridor12,12,DCAS,8,400,1.0,1,72,1.143229981328656,0.0,399.4923986012655,58.988984009124,0.0258982550527522,0.8876521909463087,1.6058158032905414,"{""rand1"": 62, ""pbest"": 71, ""closure"": 72, ""local"": 81, ""consensus"": 74}"
NarrowCorridor12,12,DCAS,9,400,1.0,1,96,1.080382045249494,0.0,403.165210388094,62.70871858193239,0.0369419037269242,0.6086177041349456,1.594990787776612,"{""rand1"": 56, ""pbest"": 61, ""closure"": 75, ""local"": 90, ""consensus"": 78}"
NarrowCorridor12,12,DCAS,10,400,1.0,1,179,1.2621807334017068,0.0,407.8946441213504,55.041371638277234,0.0394981516367703,1.0199483241572491,1.5975850097487176,"{""rand1"": 56, ""pbest"": 72, ""closure"": 65, ""local"": 79, ""consensus"": 88}"
NarrowCorridor12,12,DCAS,11,400,1.0,1,210,1.0421532320540254,0.0,409.5086990334154,63.08322591013604,0.0609419491260708,0.8973370426774794,1.581382510491261,"{""rand1"": 55, ""pbest"": 65, ""closure"": 55, ""local"": 94, ""consensus"": 91}"
NarrowCorridor12,12,DCAS,12,400,1.0,1,109,0.977233043894591,0.0,402.4226461958066,61.9654712746954,0.0486880832224931,0.3160659340659341,1.5994784868971732,"{""rand1"": 62, ""pbest"": 60, ""closure"": 88, ""local"": 76, ""consensus"": 74}"
NarrowCorridor12,12,DCAS,13,400,1.0,1,135,1.3625729716696429,0.0,405.3237982307096,52.26772484787136,0.0422992385259174,0.4897780937597871,1.5957391412677835,"{""rand1"": 67, ""pbest"": 55, ""closure"": 67, ""local"": 85, ""consensus"": 86}"
NarrowCorridor12,12,DCAS,14,400,1.0,1,179,1.2944487037050991,0.0,407.77261364400647,51.95877504072147,0.056068792768981,0.5250421692060062,1.5873127135442495,"{""rand1"": 56, ""pbest"": 57, ""closure"": 67, ""local"": 91, ""consensus"": 89}"
NarrowCorridor12,12,DCAS,15,400,1.0,1,141,0.9482833994231912,0.0,407.2997489352239,54.61374278462334,0.0436264944574238,0.3894821779527661,1.5975622600566046,"{""rand1"": 58, ""pbest"": 64, ""closure"": 78, ""local"": 70, ""consensus"": 90}"
NarrowCorridor12,12,DCAS,16,400,1.0,1,98,1.3674446851097732,0.0,399.5453798270063,52.49640782605784,0.0431952310935233,0.8518511488511488,1.596804759512095,"{""rand1"": 59, ""pbest"": 68, ""closure"": 94, ""local"": 71, ""consensus"": 68}"
NarrowCorridor12,12,DCAS,17,400,1.0,1,83,1.6061486290404177,0.0,403.3527916543979,53.24372113895456,0.0432917825665667,0.8700717573281291,1.5979926131021245,"{""rand1"": 59, ""pbest"": 64, ""closure"": 86, ""local"": 67, ""consensus"": 84}"
NarrowCorridor12,12,DCAS,18,400,1.0,1,121,1.3012445084754602,0.0,407.2689713080293,58.33869821002196,0.0351145518664134,0.8775998822590232,1.603173259037976,"{""rand1"": 61, ""pbest"": 68, ""closure"": 69, ""local"": 78, ""consensus"": 84}"
NarrowCorridor12,12,DCAS,19,400,1.0,1,103,1.4593858445152756,0.0,403.5149394561464,50.73493977907045,0.0344856575366856,0.6816667179524576,1.599723890917801,"{""rand1"": 59, ""pbest"": 62, ""closure"": 84, ""local"": 74, ""consensus"": 81}"
NarrowCorridor12,12,DCAS,20,400,1.0,1,126,1.2912325861506315,0.0,403.7473834771644,59.71208592519005,0.0352283825153432,0.8365105070368228,1.599616579965759,"{""rand1"": 56, ""pbest"": 68, ""closure"": 81, ""local"": 71, ""consensus"": 84}"
NarrowCorridor12,12,DCAS,21,400,1.0,1,137,1.1812170015090042,0.0,403.5786978691738,57.01439341500564,0.0424168637615696,0.8512975912975914,1.5937095490785107,"{""rand1"": 55, ""pbest"": 63, ""closure"": 71, ""local"": 92, ""consensus"": 79}"
NarrowCorridor12,12,DCAS,22,400,1.0,1,159,1.2854194450939491,0.0,412.0070685699268,54.39575422363212,0.0518219384718819,1.0248522386260084,1.583761995418406,"{""rand1"": 53, ""pbest"": 63, ""closure"": 76, ""local"": 66, ""consensus"": 102}"
NarrowCorridor12,12,DCAS,23,400,1.0,1,162,1.344787193797702,0.0,405.01291359932463,55.58145356237303,0.0488075036369906,0.7585983074048246,1.5920557674718827,"{""rand1"": 55, ""pbest"": 66, ""closure"": 64, ""local"": 92, ""consensus"": 83}"
NarrowCorridor12,12,DCAS,24,400,1.0,1,136,1.3222491986341005,0.0,400.3918034872611,63.51063887850024,0.0493998730866419,0.8580227189690106,1.5965625284392424,"{""rand1"": 59, ""pbest"": 66, ""closure"": 69, ""local"": 94, ""consensus"": 72}"
NarrowCorridor12,12,DCAS,25,400,1.0,1,142,1.5742497376988045,0.0,404.7605897300161,52.28667146001885,0.0435365372054687,0.4509901993812669,1.5978038071037608,"{""rand1"": 58, ""pbest"": 66, ""closure"": 67, ""local"": 89, ""consensus"": 80}"
NarrowCorridor12,12,DCAS,26,400,1.0,1,189,1.4071415443200073,0.0,407.9352730299141,62.712785271686776,0.046994964281908,0.6580915935638574,1.5868005296068068,"{""rand1"": 50, ""pbest"": 69, ""closure"": 63, ""local"": 89, ""consensus"": 89}"
NarrowCorridor12,12,DCAS,27,400,1.0,1,151,1.1425384069879252,0.0,411.43020893154153,56.48388890427341,0.0520065841562,0.9534447501230284,1.5897661094335127,"{""rand1"": 57, ""pbest"": 69, ""closure"": 58, ""local"": 81, ""consensus"": 95}"
NarrowCorridor12,12,DCAS,28,400,1.0,1,129,0.9666060447956104,0.0,404.37842764189946,60.53070696288311,0.0447619908983369,0.7407115646501836,1.5927271379345291,"{""rand1"": 54, ""pbest"": 61, ""closure"": 78, ""local"": 91, ""consensus"": 76}"
NarrowCorridor12,12,DCAS,29,400,1.0,1,91,1.4084240230595912,0.0,404.2525430917012,52.04775938480509,0.0448330805936834,0.733082741819584,1.590738946149802,"{""rand1"": 54, ""pbest"": 61, ""closure"": 92, ""local"": 70, ""consensus"": 83}"
NarrowCorridor12,12,DCAS-noClosure,0,400,1.0,1,121,1.199771553481957,0.0,412.8877719150265,47.57987906217804,0.1235679613158083,0.7258785502107907,1.3530662474829884,"{""rand1"": 67, ""pbest"": 69, ""closure"": 0, ""local"": 123, ""consensus"": 101}"
NarrowCorridor12,12,DCAS-noClosure,1,400,1.0,1,206,1.0171727272035256,0.0,417.7781713233736,54.03113860858045,0.1237162887964065,0.7236988526735856,1.347006868819122,"{""rand1"": 63, ""pbest"": 67, ""closure"": 0, ""local"": 114, ""consensus"": 116}"
NarrowCorridor12,12,DCAS-noClosure,2,400,1.0,1,168,1.530379994690927,0.0,410.89696672465374,55.69987554435491,0.1158851710452962,0.7917179338578932,1.3645041016860473,"{""rand1"": 63, ""pbest"": 83, ""closure"": 0, ""local"": 108, ""consensus"": 106}"
NarrowCorridor12,12,DCAS-noClosure,3,400,1.0,1,197,1.157854684922354,0.0,411.6366645927536,51.27477794266758,0.1196280919937395,0.7575585118893426,1.3615753767821106,"{""rand1"": 62, ""pbest"": 83, ""closure"": 0, ""local"": 115, ""consensus"": 100}"
NarrowCorridor12,12,DCAS-noClosure,4,400,1.0,1,130,1.2776704359505229,0.0,412.2046538318175,51.17053990487469,0.1194729524657145,0.7612117158204115,1.3607240322206102,"{""rand1"": 67, ""pbest"": 74, ""closure"": 0, ""local"": 117, ""consensus"": 102}"
NarrowCorridor12,12,DCAS-noClosure,5,400,1.0,1,170,1.1739655128187587,0.0,415.6205260439735,53.50180297932162,0.113740228889852,0.8663845718957907,1.3607240322206102,"{""rand1"": 67, ""pbest"": 74, ""closure"": 0, ""local"": 117, ""consensus"": 102}"
NarrowCorridor12,12,DCAS-noClosure,6,400,1.0,1,169,1.285914994003159,0.0,414.24105395565465,50.47106787025493,0.1146155019985301,0.8941759392098951,1.3644880406714717,"{""rand1"": 64, ""pbest"": 81, ""closure"": 0, ""local"": 108, ""consensus"": 107}"
NarrowCorridor12,12,DCAS-noClosure,7,400,1.0,1,169,1.0441932502937668,0.0,418.7268166598398,56.85907627104793,0.1244105509733599,1.175518247810337,1.3502543702953236,"{""rand1"": 66, ""pbest"": 68, ""closure"": 0, ""local"": 102, ""consensus"": 124}"
NarrowCorridor12,12,DCAS-noClosure,8,400,1.0,1,72,1.1474879817329195,0.0,409.9106431694573,46.55898245153056,0.1171485436392209,0.4752397143117212,1.3633399065413487,"{""rand1"": 69, ""pbest"": 77, ""closure"": 0, ""local"": 120, ""consensus"": 94}"
NarrowCorridor12,12,DCAS-noClosure,9,400,1.0,1,96,1.059830081744522,0.0,414.26782181354815,45.97629107395952,0.1137857195788977,1.0449534911887526,1.3654866138880877,"{""rand1"": 66, ""pbest"": 79, ""closure"": 0, ""local"": 110, ""consensus"": 105}"
NarrowCorridor12,12,DCAS-noClosure,10,400,1.0,1,179,1.7608248569706384,0.0,413.0903485235993,48.61913292643894,0.1125134420474981,0.8652309229644672,1.3684727385879665,"{""rand1"": 63, ""pbest"": 91, ""closure"": 0, ""local"": 106, ""consensus"": 100}"
NarrowCorridor12,12,DCAS-noClosure,11,400,1.0,1,210,1.2298335364978006,0.0,414.9258764907296,55.83315243507522,0.1179931487120052,0.806059445605818,1.359696141166845,"{""rand1"": 60, ""pbest"": 83, ""closure"": 0, ""local"": 111, ""consensus"": 106}"
NarrowCorridor12,12,DCAS-noClosure,12,400,1.0,1,109,1.4414864147726063,0.0,413.6981757269872,49.9199440568091,0.1187661715887764,1.0975897192732895,1.3606721010608749,"{""rand1"": 64, ""pbest"": 78, ""closure"": 0, ""local"": 116, ""consensus"": 102}"
NarrowCorridor12,12,DCAS-noClosure,13,400,1.0,1,135,1.6585782245436422,0.0,416.133284206801,50.32766138201914,0.1151727230530251,0.557470461227577,1.3669220272808826,"{""rand1"": 71, ""pbest"": 75, ""closure"": 0, ""local"": 100, ""consensus"": 114}"
NarrowCorridor12,12,DCAS-noClosure,14,400,1.0,1,179,1.3420874414050945,0.0,416.1688546444198,48.35629189700039,0.1208748437219458,0.6474134038005005,1.3499149984734822,"{""rand1"": 66, ""pbest"": 66, ""closure"": 0, ""local"": 118, ""consensus"": 110}"
NarrowCorridor12,12,DCAS-noClosure,15,400,1.0,1,141,0.9662575324203012,0.0,417.12603862445553,47.29680123641548,0.1196675878585845,0.6293113291689487,1.355760513898104,"{""rand1"": 62, ""pbest"": 75, ""closure"": 0, ""local"": 111, ""consensus"": 112}"
NarrowCorridor12,12,DCAS-noClosure,16,400,1.0,1,98,1.1913486362265229,0.0,412.5467322509806,46.71697229755603,0.1162418977826743,0.7359243278671934,1.3633756849497216,"{""rand1"": 69, ""pbest"": 76, ""closure"": 0, ""local"": 119, ""consensus"": 96}"
NarrowCorridor12,12,DCAS-noClosure,17,400,1.0,1,83,1.232111019856518,0.0,410.69947219844136,46.058159687097046,0.1139385389642956,0.8368693937193061,1.3664601199245303,"{""rand1"": 68, ""pbest"": 78, ""closure"": 0, ""local"": 113, ""consensus"": 101}"
NarrowCorridor12,12,DCAS-noClosure,18,400,1.0,1,121,1.253297316532155,0.0,416.4946146141626,48.22544888206709,0.1156081937411957,0.6638703603421435,1.36133072146185,"{""rand1"": 69, ""pbest"": 71, ""closure"": 0, ""local"": 111, ""consensus"": 109}"
NarrowCorridor12,12,DCAS-noClosure,19,400,1.0,1,103,1.432174179050692,0.0,416.5419033455224,47.10394807779114,0.1247637102585981,0.7497403555453092,1.345294978273606,"{""rand1"": 64, ""pbest"": 65, ""closure"": 0, ""local"": 112, ""consensus"": 119}"
NarrowCorridor12,12,DCAS-noClosure,20,400,1.0,1,126,1.1828332953189145,0.0,415.6731592136943,57.05218096280882,0.1087482996524931,0.7528722624291385,1.3657923652352817,"{""rand1"": 67, ""pbest"": 78, ""closure"": 0, ""local"": 104, ""consensus"": 111}"
NarrowCorridor12,12,DCAS-noClosure,21,400,1.0,1,137,1.579808137079587,0.0,409.9081084953464,46.98281748329219,0.1232044974218139,0.5824658723750267,1.3554398048546652,"{""rand1"": 65, ""pbest"": 75, ""closure"": 0, ""local"": 124, ""consensus"": 96}"
NarrowCorridor12,12,DCAS-noClosure,22,400,1.0,1,159,1.2669936110499072,0.0,417.55155057011456,48.700883387996,0.1183399602275607,0.5438831016673333,1.3578508933049265,"{""rand1"": 64, ""pbest"": 75, ""closure"": 0, ""local"": 104, ""consensus"": 117}"
NarrowCorridor12,12,DCAS-noClosure,23,400,1.0,1,162,1.2617457272991506,0.0,411.6113974446292,54.2658051707302,0.1134541228533907,0.7471860594998837,1.3664651202953606,"{""rand1"": 69, ""pbest"": 77, ""closure"": 0, ""local"": 114, ""consensus"": 100}"
NarrowCorridor12,12,DCAS-noClosure,24,400,1.0,1,136,1.261430013407583,0.0,411.0102768789112,54.460308032621775,0.1239709916056369,0.8586727232012275,1.351726969915504,"{""rand1"": 70, ""pbest"": 65, ""closure"": 0, ""local"": 123, ""consensus"": 102}"
NarrowCorridor12,12,DCAS-noClosure,25,400,1.0,1,142,1.837442097206584,0.0,412.2640127233121,45.99973645581463,0.1176588574368456,0.6924461823971431,1.3626850979996914,"{""rand1"": 67, ""pbest"": 78, ""closure"": 0, ""local"": 119, ""consensus"": 96}"
NarrowCorridor12,12,DCAS-noClosure,26,400,1.0,1,189,1.0844534964375545,0.0,416.0806076379809,50.95977167415121,0.1169405109393698,0.8126335768275093,1.3578869672674845,"{""rand1"": 58, ""pbest"": 85, ""closure"": 0, ""local"": 108, ""consensus"": 109}"
NarrowCorridor12,12,DCAS-noClosure,27,400,1.0,1,151,1.1909192384691871,0.0,417.9528310160027,48.45307677873321,0.1195150776202359,0.7873966158876644,1.359353157295866,"{""rand1"": 69, ""pbest"": 70, ""closure"": 0, ""local"": 105, ""consensus"": 116}"
NarrowCorridor12,12,DCAS-noClosure,28,400,1.0,1,129,1.537745541082532,0.0,414.9398630617746,54.383015290709416,0.1258374149542915,0.622586336508238,1.3471180651834258,"{""rand1"": 58, ""pbest"": 77, ""closure"": 0, ""local"": 125, ""consensus"": 100}"
NarrowCorridor12,12,DCAS-noClosure,29,400,1.0,1,91,1.3704253477688038,0.0,416.514062198675,48.35450585423393,0.1159672625534086,0.659062441797736,1.360764127518978,"{""rand1"": 70, ""pbest"": 70, ""closure"": 0, ""local"": 105, ""consensus"": 115}"
NarrowCorridor12,12,DCAS-stationary,0,400,1.0,1,127,1.5914652104553435,0.0,396.94594942413534,66.46076600022302,0.1014356512795162,0.9964671560323736,1.5199906453274663,"{""rand1"": 46, ""pbest"": 38, ""closure"": 101, ""local"": 115, ""consensus"": 60}"
NarrowCorridor12,12,DCAS-stationary,1,400,1.0,1,92,1.8619093217683451,0.0,391.4450904711728,51.336205112199806,0.188386999002473,0.5249159612317507,1.341498230460173,"{""rand1"": 35, ""pbest"": 36, ""closure"": 189, ""local"": 44, ""consensus"": 56}"
NarrowCorridor12,12,DCAS-stationary,2,400,1.0,1,149,1.1637778013971567,0.0,399.9071783626291,69.7728641713736,0.109649888141921,0.7174646921705745,1.4673392755533483,"{""rand1"": 37, ""pbest"": 26, ""closure"": 96, ""local"": 128, ""consensus"": 73}"
NarrowCorridor12,12,DCAS-stationary,3,400,1.0,1,99,1.2016048845413398,0.0,395.5279564641481,63.40622545823593,0.1429252365192001,0.2927030812324929,1.4222114352201425,"{""rand1"": 33, ""pbest"": 25, ""closure"": 144, ""local"": 99, ""consensus"": 59}"
NarrowCorridor12,12,DCAS-stationary,4,400,1.0,1,129,1.6359568357556165,0.0,398.3596987556381,68.17076300122997,0.1070740952380843,0.4208683473389356,1.5137636484721126,"{""rand1"": 29, ""pbest"": 48, ""closure"": 103, ""local"": 107, ""consensus"": 73}"
NarrowCorridor12,12,DCAS-stationary,5,400,1.0,1,194,1.7197656365794267,0.0,405.7973514311004,59.791205932029854,0.1095682996180055,0.7550747165222587,1.4557823078332164,"{""rand1"": 29, ""pbest"": 25, ""closure"": 103, ""local"": 114, ""consensus"": 89}"
NarrowCorridor12,12,DCAS-stationary,6,400,1.0,1,140,1.95458505132516,0.0,400.14808887187706,58.39652731702286,0.1490434449523795,0.282472229524861,1.3968912380659884,"{""rand1"": 22, ""pbest"": 40, ""closure"": 163, ""local"": 57, ""consensus"": 78}"
NarrowCorridor12,12,DCAS-stationary,7,400,1.0,1,92,0.9078741068033862,0.0,395.336562986935,60.245994419341095,0.1282023244451268,0.6434848484848485,1.5259123667757488,"{""rand1"": 59, ""pbest"": 49, ""closure"": 135, ""local"": 61, ""consensus"": 56}"
NarrowCorridor12,12,DCAS-stationary,8,400,1.0,1,124,1.195712890678165,0.0,399.2834118814185,63.77781766806531,0.1029672657961584,0.5463533834586466,1.509529891831234,"{""rand1"": 36, ""pbest"": 38, ""closure"": 109, ""local"": 106, ""consensus"": 71}"
NarrowCorridor12,12,DCAS-stationary,9,400,1.0,1,164,1.3481695486325855,0.0,399.207918395388,70.06986763054799,0.1332190345633348,0.4572360972360972,1.4038246234084055,"{""rand1"": 23, ""pbest"": 40, ""closure"": 71, ""local"": 163, ""consensus"": 63}"
NarrowCorridor12,12,DCAS-stationary,10,400,1.0,1,134,1.5913760881478516,0.0,400.5520357995551,65.56538368787515,0.1203890848552188,0.6061931051404734,1.5045420895210713,"{""rand1"": 56, ""pbest"": 27, ""closure"": 127, ""local"": 72, ""consensus"": 78}"
NarrowCorridor12,12,DCAS-stationary,11,400,1.0,1,145,1.367847250390578,0.0,403.6094648781206,63.13349942401135,0.1103714369465586,0.7594208732444027,1.4957706371014272,"{""rand1"": 30, ""pbest"": 40, ""closure"": 120, ""local"": 75, ""consensus"": 95}"
NarrowCorridor12,12,DCAS-stationary,12,400,1.0,1,175,1.1507304353695549,0.0,410.0211974462456,65.94706087858432,0.1183209742143394,0.6475773699984226,1.4873910261356886,"{""rand1"": 24, ""pbest"": 59, ""closure"": 109, ""local"": 54, ""consensus"": 114}"
NarrowCorridor12,12,DCAS-stationary,13,400,1.0,1,55,1.5211257838400836,0.0,391.4934878610768,52.165152482695405,0.1263619206317875,0.6821819357113474,1.461270216846143,"{""rand1"": 30, ""pbest"": 43, ""closure"": 138, ""local"": 97, ""consensus"": 52}"
NarrowCorridor12,12,DCAS-stationary,14,400,1.0,1,141,1.1656022277540796,0.0,404.7273993880386,65.60960249657808,0.126315203517282,0.507384644341166,1.484331973770369,"{""rand1"": 38, ""pbest"": 36, ""closure"": 131, ""local"": 59, ""consensus"": 96}"
NarrowCorridor12,12,DCAS-stationary,15,400,1.0,1,141,1.1651822369582872,0.0,404.37115158175214,65.8221048060348,0.1023848675426702,0.4571683218742042,1.541113410638062,"{""rand1"": 41, ""pbest"": 43, ""closure"": 105, ""local"": 77, ""consensus"": 94}"
NarrowCorridor12,12,DCAS-stationary,16,400,1.0,1,80,0.8713209798474225,0.0,392.4735129732013,73.5195039470894,0.1291382568778941,0.940879120879121,1.4014893130248214,"{""rand1"": 33, ""pbest"": 26, ""closure"": 117, ""local"": 139, ""consensus"": 45}"
NarrowCorridor12,12,DCAS-stationary,17,400,1.0,1,134,1.1248463498303662,0.0,397.6908422450481,63.92303583901228,0.1021858582977655,1.186268117847065,1.5173563978652729,"{""rand1"": 28, ""pbest"": 59, ""closure"": 105, ""local"": 106, ""consensus"": 62}"
NarrowCorridor12,12,DCAS-stationary,18,400,1.0,1,169,1.1618054034630436,0.0,404.18743791521337,72.47292769047392,0.0992490970177301,0.5059831396673502,1.4997870219316427,"{""rand1"": 39, ""pbest"": 30, ""closure"": 105, ""local"": 108, ""consensus"": 78}"
NarrowCorridor12,12,DCAS-stationary,19,400,1.0,1,135,1.0049277243576813,0.0,408.3188452914071,61.40351041574262,0.1189696476870433,0.8897925603807957,1.4942937118271984,"{""rand1"": 45, ""pbest"": 30, ""closure"": 113, ""local"": 61, ""consensus"": 111}"
NarrowCorridor12,12,DCAS-stationary,20,400,1.0,1,198,0.8800059092443346,0.0,403.4156995369468,65.25098888683381,0.0771553742221691,0.440774658020801,1.548170440080224,"{""rand1"": 60, ""pbest"": 35, ""closure"": 100, ""local"": 98, ""consensus"": 67}"
NarrowCorridor12,12,DCAS-stationary,21,400,1.0,1,76,1.025673129047805,0.0,395.8343651361295,64.90845576887239,0.1080825410129817,0.7240476190476189,1.5130055817534045,"{""rand1"": 25, ""pbest"": 77, ""closure"": 121, ""local"": 69, ""consensus"": 68}"
NarrowCorridor12,12,DCAS-stationary,22,400,1.0,1,141,1.2803564227204736,0.0,395.5392480979437,60.40199968857354,0.1254005567757141,0.3698056872607956,1.4427590989454138,"{""rand1"": 28, ""pbest"": 34, ""closure"": 128, ""local"": 114, ""consensus"": 56}"
NarrowCorridor12,12,DCAS-stationary,23,400,1.0,1,179,1.4691728195424574,0.0,395.89604045741726,63.98194444460327,0.1542535733918012,0.9248377465402636,1.3498230113316478,"{""rand1"": 23, ""pbest"": 26, ""closure"": 90, ""local"": 168, ""consensus"": 53}"
NarrowCorridor12,12,DCAS-stationary,24,400,1.0,1,214,1.336025933694597,0.0,401.844459143679,60.35088022158746,0.1172189693496976,0.6546537903699029,1.4574763018620265,"{""rand1"": 27, ""pbest"": 32, ""closure"": 87, ""local"": 132, ""consensus"": 82}"
NarrowCorridor12,12,DCAS-stationary,25,400,1.0,1,138,0.9708178851050152,0.0,406.3819760752102,65.44142386307448,0.1402011838083357,0.6535909291946445,1.4287021678546132,"{""rand1"": 20, ""pbest"": 72, ""closure"": 130, ""local"": 33, ""consensus"": 105}"
NarrowCorridor12,12,DCAS-stationary,26,400,1.0,1,96,1.3033167472741152,0.0,403.9566942487901,63.5254724816781,0.1511694610729763,0.536923076923077,1.4197032719143536,"{""rand1"": 31, ""pbest"": 53, ""closure"": 145, ""local"": 29, ""consensus"": 102}"
NarrowCorridor12,12,DCAS-stationary,27,400,1.0,1,82,1.3974230167704904,0.0,390.6830464709915,56.516282555588845,0.1545092545207249,0.4555178155178154,1.358872245768034,"{""rand1"": 28, ""pbest"": 29, ""closure"": 164, ""local"": 99, ""consensus"": 40}"
NarrowCorridor12,12,DCAS-stationary,28,400,1.0,1,149,1.2264061633459753,0.0,407.1864785798906,68.81751128851477,0.1357687553382288,0.6689268626110731,1.4717967109835577,"{""rand1"": 31, ""pbest"": 39, ""closure"": 126, ""local"": 57, ""consensus"": 107}"
NarrowCorridor12,12,DCAS-stationary,29,400,1.0,1,127,1.1731051518596316,0.0,394.7192835992242,62.38253574852733,0.1375975320651829,0.4535597735597735,1.435081722320839,"{""rand1"": 28, ""pbest"": 38, ""closure"": 145, ""local"": 97, ""consensus"": 52}"
NarrowCorridor12,12,DE-EPS,0,400,1.0,0,401,inf,0.475870572234949,400.0,0.0,0.0,0.0,0.0,{}
NarrowCorridor12,12,DE-EPS,1,400,1.0,0,401,inf,0.3801445362284449,400.0,0.0,0.0,0.0,0.0,{}
NarrowCorridor12,12,DE-EPS,2,400,1.0,0,401,inf,0.2722696314741799,400.0,0.0,0.0,0.0,0.0,{}
NarrowCorridor12,12,DE-EPS,3,400,1.0,0,401,inf,0.5643232506796411,400.0,0.0,0.0,0.0,0.0,{}
NarrowCorridor12,12,DE-EPS,4,400,1.0,0,401,inf,0.6125048144285117,400.0,0.0,0.0,0.0,0.0,{}
NarrowCorridor12,12,DE-EPS,5,400,1.0,0,401,inf,0.5660412316198883,400.0,0.0,0.0,0.0,0.0,{}
NarrowCorridor12,12,DE-EPS,6,400,1.0,0,401,inf,0.0989500156172106,400.0,0.0,0.0,0.0,0.0,{}
NarrowCorridor12,12,DE-EPS,7,400,1.0,0,401,inf,0.4264962862865358,400.0,0.0,0.0,0.0,0.0,{}
NarrowCorridor12,12,DE-EPS,8,400,1.0,0,401,inf,0.1819543582440025,400.0,0.0,0.0,0.0,0.0,{}
NarrowCorridor12,12,DE-EPS,9,400,1.0,0,401,inf,0.4743694486638831,400.0,0.0,0.0,0.0,0.0,{}
NarrowCorridor12,12,DE-EPS,10,400,1.0,0,401,inf,0.3484168962453184,400.0,0.0,0.0,0.0,0.0,{}
NarrowCorridor12,12,DE-EPS,11,400,1.0,0,401,inf,0.1994496406251546,400.0,0.0,0.0,0.0,0.0,{}
NarrowCorridor12,12,DE-EPS,12,400,1.0,1,175,2.0831462804506646,0.0,400.0,0.0,0.0,0.0,0.0,{}
NarrowCorridor12,12,DE-EPS,13,400,1.0,0,401,inf,0.2780660367473759,400.0,0.0,0.0,0.0,0.0,{}
NarrowCorridor12,12,DE-EPS,14,400,1.0,0,401,inf,0.0649621192519829,400.0,0.0,0.0,0.0,0.0,{}
NarrowCorridor12,12,DE-EPS,15,400,1.0,0,401,inf,0.2355492126563045,400.0,0.0,0.0,0.0,0.0,{}
NarrowCorridor12,12,DE-EPS,16,400,1.0,0,401,inf,0.3908290605298017,400.0,0.0,0.0,0.0,0.0,{}
NarrowCorridor12,12,DE-EPS,17,400,1.0,0,401,inf,0.3874640442803077,400.0,0.0,0.0,0.0,0.0,{}
NarrowCorridor12,12,DE-EPS,18,400,1.0,0,401,inf,0.4496323649189542,400.0,0.0,0.0,0.0,0.0,{}
NarrowCorridor12,12,DE-EPS,19,400,1.0,0,401,inf,0.6043981789632742,400.0,0.0,0.0,0.0,0.0,{}
NarrowCorridor12,12,DE-EPS,20,400,1.0,0,401,inf,0.370829665935799,400.0,0.0,0.0,0.0,0.0,{}
NarrowCorridor12,12,DE-EPS,21,400,1.0,0,401,inf,0.2400938074408767,400.0,0.0,0.0,0.0,0.0,{}
NarrowCorridor12,12,DE-EPS,22,400,1.0,0,401,inf,0.195248139002382,400.0,0.0,0.0,0.0,0.0,{}
NarrowCorridor12,12,DE-EPS,23,400,1.0,0,401,inf,0.3604060578117141,400.0,0.0,0.0,0.0,0.0,{}
NarrowCorridor12,12,DE-EPS,24,400,1.0,1,321,3.086551723825203,0.0,400.0,0.0,0.0,0.0,0.0,{}
NarrowCorridor12,12,DE-EPS,25,400,1.0,0,401,inf,0.3403257337037508,400.0,0.0,0.0,0.0,0.0,{}
NarrowCorridor12,12,DE-EPS,26,400,1.0,0,401,inf,0.7995328109960894,400.0,0.0,0.0,0.0,0.0,{}
NarrowCorridor12,12,DE-EPS,27,400,1.0,0,401,inf,0.5193743980332344,400.0,0.0,0.0,0.0,0.0,{}
NarrowCorridor12,12,DE-EPS,28,400,1.0,0,401,inf,0.7517886877693023,400.0,0.0,0.0,0.0,0.0,{}
NarrowCorridor12,12,DE-EPS,29,400,1.0,0,401,inf,0.2320508189450749,400.0,0.0,0.0,0.0,0.0,{}
NarrowCorridor12,12,DE-NCV,0,400,1.0,0,401,inf,0.475870572234949,400.0,0.0,0.0,0.0,0.0,{}
NarrowCorridor12,12,DE-NCV,1,400,1.0,0,401,inf,0.3801445362284449,400.0,0.0,0.0,0.0,0.0,{}
NarrowCorridor12,12,DE-NCV,2,400,1.0,0,401,inf,0.2722696314741799,400.0,0.0,0.0,0.0,0.0,{}
NarrowCorridor12,12,DE-NCV,3,400,1.0,0,401,inf,0.5643232506796411,400.0,0.0,0.0,0.0,0.0,{}
NarrowCorridor12,12,DE-NCV,4,400,1.0,0,401,inf,0.6125048144285117,400.0,0.0,0.0,0.0,0.0,{}
NarrowCorridor12,12,DE-NCV,5,400,1.0,0,401,inf,0.5660412316198883,400.0,0.0,0.0,0.0,0.0,{}
NarrowCorridor12,12,DE-NCV,6,400,1.0,0,401,inf,0.0989500156172106,400.0,0.0,0.0,0.0,0.0,{}
NarrowCorridor12,12,DE-NCV,7,400,1.0,0,401,inf,0.4264962862865358,400.0,0.0,0.0,0.0,0.0,{}
NarrowCorridor12,12,DE-NCV,8,400,1.0,0,401,inf,0.1819543582440025,400.0,0.0,0.0,0.0,0.0,{}
NarrowCorridor12,12,DE-NCV,9,400,1.0,0,401,inf,0.4743694486638831,400.0,0.0,0.0,0.0,0.0,{}
NarrowCorridor12,12,DE-NCV,10,400,1.0,0,401,inf,0.3484168962453184,400.0,0.0,0.0,0.0,0.0,{}
NarrowCorridor12,12,DE-NCV,11,400,1.0,0,401,inf,0.1994496406251546,400.0,0.0,0.0,0.0,0.0,{}
NarrowCorridor12,12,DE-NCV,12,400,1.0,1,175,2.0831462804506646,0.0,400.0,0.0,0.0,0.0,0.0,{}
NarrowCorridor12,12,DE-NCV,13,400,1.0,0,401,inf,0.2780660367473759,400.0,0.0,0.0,0.0,0.0,{}
NarrowCorridor12,12,DE-NCV,14,400,1.0,0,401,inf,0.0649621192519829,400.0,0.0,0.0,0.0,0.0,{}
NarrowCorridor12,12,DE-NCV,15,400,1.0,0,401,inf,0.2355492126563045,400.0,0.0,0.0,0.0,0.0,{}
NarrowCorridor12,12,DE-NCV,16,400,1.0,0,401,inf,0.3908290605298017,400.0,0.0,0.0,0.0,0.0,{}
NarrowCorridor12,12,DE-NCV,17,400,1.0,0,401,inf,0.3874640442803077,400.0,0.0,0.0,0.0,0.0,{}
NarrowCorridor12,12,DE-NCV,18,400,1.0,0,401,inf,0.4496323649189542,400.0,0.0,0.0,0.0,0.0,{}
NarrowCorridor12,12,DE-NCV,19,400,1.0,0,401,inf,0.6043981789632742,400.0,0.0,0.0,0.0,0.0,{}
NarrowCorridor12,12,DE-NCV,20,400,1.0,0,401,inf,0.370829665935799,400.0,0.0,0.0,0.0,0.0,{}
NarrowCorridor12,12,DE-NCV,21,400,1.0,0,401,inf,0.2400938074408767,400.0,0.0,0.0,0.0,0.0,{}
NarrowCorridor12,12,DE-NCV,22,400,1.0,0,401,inf,0.195248139002382,400.0,0.0,0.0,0.0,0.0,{}
NarrowCorridor12,12,DE-NCV,23,400,1.0,0,401,inf,0.3604060578117141,400.0,0.0,0.0,0.0,0.0,{}
NarrowCorridor12,12,DE-NCV,24,400,1.0,1,321,3.086551723825203,0.0,400.0,0.0,0.0,0.0,0.0,{}
NarrowCorridor12,12,DE-NCV,25,400,1.0,0,401,inf,0.3403257337037508,400.0,0.0,0.0,0.0,0.0,{}
NarrowCorridor12,12,DE-NCV,26,400,1.0,0,401,inf,0.7995328109960894,400.0,0.0,0.0,0.0,0.0,{}
NarrowCorridor12,12,DE-NCV,27,400,1.0,0,401,inf,0.5193743980332344,400.0,0.0,0.0,0.0,0.0,{}
NarrowCorridor12,12,DE-NCV,28,400,1.0,0,401,inf,0.7517886877693023,400.0,0.0,0.0,0.0,0.0,{}
NarrowCorridor12,12,DE-NCV,29,400,1.0,0,401,inf,0.2320508189450749,400.0,0.0,0.0,0.0,0.0,{}
NarrowCorridor12,12,DE-PEN,0,400,1.0,0,401,inf,0.475870572234949,400.0,0.0,0.0,0.0,0.0,{}
NarrowCorridor12,12,DE-PEN,1,400,1.0,0,401,inf,0.3801445362284449,400.0,0.0,0.0,0.0,0.0,{}
NarrowCorridor12,12,DE-PEN,2,400,1.0,0,401,inf,0.2722696314741799,400.0,0.0,0.0,0.0,0.0,{}
NarrowCorridor12,12,DE-PEN,3,400,1.0,0,401,inf,0.5643232506796411,400.0,0.0,0.0,0.0,0.0,{}
NarrowCorridor12,12,DE-PEN,4,400,1.0,0,401,inf,0.6125048144285117,400.0,0.0,0.0,0.0,0.0,{}
NarrowCorridor12,12,DE-PEN,5,400,1.0,0,401,inf,0.5660412316198883,400.0,0.0,0.0,0.0,0.0,{}
NarrowCorridor12,12,DE-PEN,6,400,1.0,0,401,inf,0.1220804809820972,400.0,0.0,0.0,0.0,0.0,{}
NarrowCorridor12,12,DE-PEN,7,400,1.0,0,401,inf,0.4264962862865358,400.0,0.0,0.0,0.0,0.0,{}
NarrowCorridor12,12,DE-PEN,8,400,1.0,0,401,inf,0.1819543582440025,400.0,0.0,0.0,0.0,0.0,{}
NarrowCorridor12,12,DE-PEN,9,400,1.0,0,401,inf,0.4743694486638831,400.0,0.0,0.0,0.0,0.0,{}
NarrowCorridor12,12,DE-PEN,10,400,1.0,0,401,inf,0.393230425035222,400.0,0.0,0.0,0.0,0.0,{}
NarrowCorridor12,12,DE-PEN,11,400,1.0,0,401,inf,0.1994496406251546,400.0,0.0,0.0,0.0,0.0,{}
NarrowCorridor12,12,DE-PEN,12,400,1.0,1,175,2.0831462804506646,0.0,400.0,0.0,0.0,0.0,0.0,{}
NarrowCorridor12,12,DE-PEN,13,400,1.0,0,401,inf,0.2780660367473759,400.0,0.0,0.0,0.0,0.0,{}
NarrowCorridor12,12,DE-PEN,14,400,1.0,0,401,inf,0.0649621192519829,400.0,0.0,0.0,0.0,0.0,{}
NarrowCorridor12,12,DE-PEN,15,400,1.0,0,401,inf,0.2355492126563045,400.0,0.0,0.0,0.0,0.0,{}
NarrowCorridor12,12,DE-PEN,16,400,1.0,0,401,inf,0.3103359720703308,400.0,0.0,0.0,0.0,0.0,{}
NarrowCorridor12,12,DE-PEN,17,400,1.0,0,401,inf,0.3874640442803077,400.0,0.0,0.0,0.0,0.0,{}
NarrowCorridor12,12,DE-PEN,18,400,1.0,0,401,inf,0.4496323649189542,400.0,0.0,0.0,0.0,0.0,{}
NarrowCorridor12,12,DE-PEN,19,400,1.0,0,401,inf,0.6043981789632742,400.0,0.0,0.0,0.0,0.0,{}
NarrowCorridor12,12,DE-PEN,20,400,1.0,0,401,inf,0.370829665935799,400.0,0.0,0.0,0.0,0.0,{}
NarrowCorridor12,12,DE-PEN,21,400,1.0,0,401,inf,0.1762605353782082,400.0,0.0,0.0,0.0,0.0,{}
NarrowCorridor12,12,DE-PEN,22,400,1.0,0,401,inf,0.195248139002382,400.0,0.0,0.0,0.0,0.0,{}
NarrowCorridor12,12,DE-PEN,23,400,1.0,0,401,inf,0.3604060578117141,400.0,0.0,0.0,0.0,0.0,{}
NarrowCorridor12,12,DE-PEN,24,400,1.0,0,401,inf,0.1723082700896633,400.0,0.0,0.0,0.0,0.0,{}
NarrowCorridor12,12,DE-PEN,25,400,1.0,0,401,inf,0.3403257337037508,400.0,0.0,0.0,0.0,0.0,{}
NarrowCorridor12,12,DE-PEN,26,400,1.0,0,401,inf,0.7995328109960894,400.0,0.0,0.0,0.0,0.0,{}
NarrowCorridor12,12,DE-PEN,27,400,1.0,0,401,inf,0.5193743980332344,400.0,0.0,0.0,0.0,0.0,{}
NarrowCorridor12,12,DE-PEN,28,400,1.0,0,401,inf,0.1320254392355746,400.0,0.0,0.0,0.0,0.0,{}
NarrowCorridor12,12,DE-PEN,29,400,1.0,0,401,inf,0.4214371857199602,400.0,0.0,0.0,0.0,0.0,{}
NarrowCorridor12,12,JADE-NCV,0,400,1.0,1,317,1.9551384291361904,0.0,400.0,0.0,0.0,0.0,0.0,{}
NarrowCorridor12,12,JADE-NCV,1,400,1.0,1,205,2.084426934536152,0.0,400.0,0.0,0.0,0.0,0.0,{}
NarrowCorridor12,12,JADE-NCV,2,400,1.0,1,296,2.3724830506211627,0.0,400.0,0.0,0.0,0.0,0.0,{}
NarrowCorridor12,12,JADE-NCV,3,400,1.0,1,113,2.7175064676058938,0.0,400.0,0.0,0.0,0.0,0.0,{}
NarrowCorridor12,12,JADE-NCV,4,400,1.0,1,256,1.6003391399272051,0.0,400.0,0.0,0.0,0.0,0.0,{}
NarrowCorridor12,12,JADE-NCV,5,400,1.0,1,287,2.429981182886548,0.0,400.0,0.0,0.0,0.0,0.0,{}
NarrowCorridor12,12,JADE-NCV,6,400,1.0,1,381,2.2705740520563977,0.0,400.0,0.0,0.0,0.0,0.0,{}
NarrowCorridor12,12,JADE-NCV,7,400,1.0,1,235,1.9389450124006613,0.0,400.0,0.0,0.0,0.0,0.0,{}
NarrowCorridor12,12,JADE-NCV,8,400,1.0,1,285,2.3907324612578624,0.0,400.0,0.0,0.0,0.0,0.0,{}
NarrowCorridor12,12,JADE-NCV,9,400,1.0,1,160,1.9644359919093732,0.0,400.0,0.0,0.0,0.0,0.0,{}
NarrowCorridor12,12,JADE-NCV,10,400,1.0,1,190,1.9037990736867536,0.0,400.0,0.0,0.0,0.0,0.0,{}
NarrowCorridor12,12,JADE-NCV,11,400,1.0,1,235,2.1152479815261023,0.0,400.0,0.0,0.0,0.0,0.0,{}
NarrowCorridor12,12,JADE-NCV,12,400,1.0,1,398,3.1718901311904992,0.0,400.0,0.0,0.0,0.0,0.0,{}
NarrowCorridor12,12,JADE-NCV,13,400,1.0,1,301,2.3992011957282084,0.0,400.0,0.0,0.0,0.0,0.0,{}
NarrowCorridor12,12,JADE-NCV,14,400,1.0,1,183,1.7024430302678597,0.0,400.0,0.0,0.0,0.0,0.0,{}
NarrowCorridor12,12,JADE-NCV,15,400,1.0,1,289,1.7033066037066198,0.0,400.0,0.0,0.0,0.0,0.0,{}
NarrowCorridor12,12,JADE-NCV,16,400,1.0,1,164,2.4732654180722795,0.0,400.0,0.0,0.0,0.0,0.0,{}
NarrowCorridor12,12,JADE-NCV,17,400,1.0,1,350,2.5103302824513527,0.0,400.0,0.0,0.0,0.0,0.0,{}
NarrowCorridor12,12,JADE-NCV,18,400,1.0,1,221,2.16576664262506,0.0,400.0,0.0,0.0,0.0,0.0,{}
NarrowCorridor12,12,JADE-NCV,19,400,1.0,1,300,2.3910367647111,0.0,400.0,0.0,0.0,0.0,0.0,{}
NarrowCorridor12,12,JADE-NCV,20,400,1.0,1,365,1.3400182092730812,0.0,400.0,0.0,0.0,0.0,0.0,{}
NarrowCorridor12,12,JADE-NCV,21,400,1.0,0,401,inf,0.005270774346244,400.0,0.0,0.0,0.0,0.0,{}
NarrowCorridor12,12,JADE-NCV,22,400,1.0,1,126,2.0513508974051957,0.0,400.0,0.0,0.0,0.0,0.0,{}
NarrowCorridor12,12,JADE-NCV,23,400,1.0,1,274,2.5568786561832795,0.0,400.0,0.0,0.0,0.0,0.0,{}
NarrowCorridor12,12,JADE-NCV,24,400,1.0,1,241,1.857298201936489,0.0,400.0,0.0,0.0,0.0,0.0,{}
NarrowCorridor12,12,JADE-NCV,25,400,1.0,1,369,2.466538033823096,0.0,400.0,0.0,0.0,0.0,0.0,{}
NarrowCorridor12,12,JADE-NCV,26,400,1.0,0,401,inf,0.0236843371288316,400.0,0.0,0.0,0.0,0.0,{}
NarrowCorridor12,12,JADE-NCV,27,400,1.0,1,273,1.5101886255442738,0.0,400.0,0.0,0.0,0.0,0.0,{}
NarrowCorridor12,12,JADE-NCV,28,400,1.0,0,401,inf,0.0015665792120889,400.0,0.0,0.0,0.0,0.0,{}
NarrowCorridor12,12,JADE-NCV,29,400,1.0,1,340,2.454362607980705,0.0,400.0,0.0,0.0,0.0,0.0,{}
NarrowCorridor12,12,UCB-Objective,0,400,1.0,1,136,1.3400732143492906,0.0,409.28686445896295,49.8941955093262,0.0246251835572394,0.7370826084063014,1.6043627220931589,"{""rand1"": 74, ""pbest"": 76, ""closure"": 58, ""local"": 75, ""consensus"": 77}"
NarrowCorridor12,12,UCB-Objective,1,400,1.0,1,136,1.013215233333069,0.0,409.14268111405937,52.037563857172685,0.0258493567277916,0.6518951396265301,1.6027282876068574,"{""rand1"": 76, ""pbest"": 78, ""closure"": 56, ""local"": 76, ""consensus"": 74}"
NarrowCorridor12,12,UCB-Objective,2,400,1.0,1,131,1.2693378531761748,0.0,406.58379681846486,44.768295408522704,0.0242761142064058,0.6722136852925307,1.6051449520116323,"{""rand1"": 75, ""pbest"": 76, ""closure"": 59, ""local"": 75, ""consensus"": 75}"
NarrowCorridor12,12,UCB-Objective,3,400,1.0,1,204,0.8770793918032921,0.0,410.7553583830884,47.91666438213175,0.0509506423006448,0.6134481302128361,1.58811741366182,"{""rand1"": 78, ""pbest"": 78, ""closure"": 44, ""local"": 80, ""consensus"": 80}"
NarrowCorridor12,12,UCB-Objective,4,400,1.0,1,127,1.1523419708052858,0.0,406.66018246302224,55.71910639502811,0.0237978305946599,0.5772044047906116,1.6042530571461038,"{""rand1"": 74, ""pbest"": 76, ""closure"": 58, ""local"": 74, ""consensus"": 78}"
NarrowCorridor12,12,UCB-Objective,5,400,1.0,1,156,1.3125549535712449,0.0,409.02212180094347,49.84507768475541,0.0334745221506179,0.7824441084288283,1.5999034436088355,"{""rand1"": 77, ""pbest"": 75, ""closure"": 53, ""local"": 79, ""consensus"": 76}"
NarrowCorridor12,12,UCB-Objective,6,400,1.0,1,172,1.073454908217895,0.0,407.6458130325629,49.724024651852886,0.0394714655380649,0.5704492747707113,1.5966052246651974,"{""rand1"": 76, ""pbest"": 79, ""closure"": 50, ""local"": 77, ""consensus"": 78}"
NarrowCorridor12,12,UCB-Objective,7,400,1.0,1,152,1.141812777516461,0.0,408.2361861117545,51.99747820773749,0.0313487848152608,0.452045034758678,1.6006760303203018,"{""rand1"": 73, ""pbest"": 76, ""closure"": 54, ""local"": 78, ""consensus"": 79}"
NarrowCorridor12,12,UCB-Objective,8,400,1.0,1,140,1.5486320367336894,0.0,407.6695333361197,46.49212233536869,0.0268536996063198,0.6243839611372614,1.603643224112626,"{""rand1"": 76, ""pbest"": 77, ""closure"": 57, ""local"": 75, ""consensus"": 75}"
NarrowCorridor12,12,UCB-Objective,9,400,1.0,1,203,1.6100092846358929,0.0,410.50726974244645,53.82690614169836,0.0503708872122309,0.5520647465384307,1.5897644715719983,"{""rand1"": 78, ""pbest"": 79, ""closure"": 45, ""local"": 79, ""consensus"": 79}"
NarrowCorridor12,12,UCB-Objective,10,400,1.0,1,132,1.2912703447697482,0.0,408.4713721168708,46.79334249780043,0.0248696301633796,0.5713281405156486,1.604436310989986,"{""rand1"": 75, ""pbest"": 75, ""closure"": 58, ""local"": 76, ""consensus"": 76}"
NarrowCorridor12,12,UCB-Objective,11,400,1.0,1,168,1.1913269526541233,0.0,408.7775246793393,50.90265957772057,0.0372928460539128,0.4892908759354794,1.59896589068557,"{""rand1"": 76, ""pbest"": 78, ""closure"": 52, ""local"": 77, ""consensus"": 77}"
NarrowCorridor12,12,UCB-Objective,12,400,1.0,1,168,0.8811488394669449,0.0,410.0242073535764,55.24573758792312,0.037133051464718,0.556119026206447,1.598572671983817,"{""rand1"": 75, ""pbest"": 81, ""closure"": 52, ""local"": 75, ""consensus"": 77}"
NarrowCorridor12,12,UCB-Objective,13,400,1.0,1,180,1.2038043685321829,0.0,406.89406196489045,50.84316272143741,0.0397060395421034,0.6953354394084619,1.5977589097303064,"{""rand1"": 76, ""pbest"": 76, ""closure"": 51, ""local"": 79, ""consensus"": 78}"
NarrowCorridor12,12,UCB-Objective,14,400,1.0,1,175,1.09333708795564,0.0,408.5030073692112,48.66347239236192,0.0395015702731882,0.6319152804818022,1.5964969843413956,"{""rand1"": 79, ""pbest"": 77, ""closure"": 50, ""local"": 75, ""consensus"": 79}"
NarrowCorridor12,12,UCB-Objective,15,400,1.0,1,260,1.679515457017286,0.0,410.9241397870608,47.98680885934728,0.0718496742858137,0.5658713655678602,1.5680513163245386,"{""rand1"": 81, ""pbest"": 81, ""closure"": 34, ""local"": 82, ""consensus"": 82}"
NarrowCorridor12,12,UCB-Objective,16,400,1.0,1,151,1.109498269410773,0.0,407.8328436542327,52.89580385811168,0.0304391262292094,0.7342720447701903,1.6019465244217177,"{""rand1"": 77, ""pbest"": 76, ""closure"": 55, ""local"": 77, ""consensus"": 75}"
NarrowCorridor12,12,UCB-Objective,17,400,1.0,1,175,1.5452226382736851,0.0,406.7870948740591,53.35451882780955,0.0398479604447265,0.7226442307141664,1.5964618216583142,"{""rand1"": 75, ""pbest"": 78, ""closure"": 50, ""local"": 77, ""consensus"": 80}"
NarrowCorridor12,12,UCB-Objective,18,400,1.0,1,192,1.4133496660000824,0.0,409.83056101331584,53.29769334538365,0.0462819864506102,0.3086224926243902,1.5926984649649223,"{""rand1"": 77, ""pbest"": 79, ""closure"": 47, ""local"": 78, ""consensus"": 79}"
NarrowCorridor12,12,UCB-Objective,19,400,1.0,1,132,1.4561670692606823,0.0,407.1865263581146,49.56956232452916,0.0236695193062804,0.3677019613632712,1.605071363114805,"{""rand1"": 74, ""pbest"": 77, ""closure"": 59, ""local"": 75, ""consensus"": 75}"
NarrowCorridor12,12,UCB-Objective,20,400,1.0,1,100,1.1543916615240777,0.0,404.6271364762957,50.61828307536429,0.0141835756558505,0.5196389414742003,1.6077359430286833,"{""rand1"": 72, ""pbest"": 75, ""closure"": 64, ""local"": 75, ""consensus"": 74}"
NarrowCorridor12,12,UCB-Objective,21,400,1.0,1,200,1.2623407848101114,0.0,407.7766779509883,53.99740902979601,0.0497750714864726,0.5903589887805751,1.588082690535317,"{""rand1"": 78, ""pbest"": 78, ""closure"": 44, ""local"": 79, ""consensus"": 81}"
NarrowCorridor12,12,UCB-Objective,22,400,1.0,1,123,1.0930230788897966,0.0,406.8454555414712,56.83252373678769,0.022745249155825,0.6253998170059551,1.6039947259420066,"{""rand1"": 73, ""pbest"": 78, ""closure"": 58, ""local"": 73, ""consensus"": 78}"
NarrowCorridor12,12,UCB-Objective,23,400,1.0,1,196,1.4154258569830345,0.0,409.2727659853248,49.22838503797807,0.0466334251731433,0.6537182726136637,1.5926984649649223,"{""rand1"": 79, ""pbest"": 78, ""closure"": 47, ""local"": 79, ""consensus"": 77}"
NarrowCorridor12,12,UCB-Objective,24,400,1.0,1,208,1.475304738493515,0.0,407.9017113370558,50.424134321143136,0.0521944444444444,0.7022682896835543,1.5881877390279828,"{""rand1"": 79, ""pbest"": 79, ""closure"": 44, ""local"": 79, ""consensus"": 79}"
NarrowCorridor12,12,UCB-Objective,25,400,1.0,1,172,1.2611539976809598,0.0,408.2102078578018,51.87522520351775,0.0391830193582678,0.672736642491471,1.5978305992917896,"{""rand1"": 78, ""pbest"": 77, ""closure"": 51, ""local"": 78, ""consensus"": 76}"
NarrowCorridor12,12,UCB-Objective,26,400,1.0,1,136,1.2436872424610326,0.0,407.4223109953428,46.324912344828384,0.0245712244876412,0.7297726710761903,1.6043997602276674,"{""rand1"": 75, ""pbest"": 75, ""closure"": 58, ""local"": 77, ""consensus"": 75}"
NarrowCorridor12,12,UCB-Objective,27,400,1.0,1,120,1.0662817098372743,0.0,405.1281693944733,53.15042704958702,0.0219556578628622,0.8388264023558142,1.6049967863001888,"{""rand1"": 73, ""pbest"": 76, ""closure"": 59, ""local"": 75, ""consensus"": 77}"
NarrowCorridor12,12,UCB-Objective,28,400,1.0,1,175,1.5484271628834807,0.0,410.0057976056212,51.23533906199124,0.0391830193582678,0.5928373879856952,1.5978305992917896,"{""rand1"": 76, ""pbest"": 77, ""closure"": 51, ""local"": 78, ""consensus"": 78}"
NarrowCorridor12,12,UCB-Objective,29,400,1.0,1,148,1.274910234454488,0.0,407.79237570714406,51.21385907534018,0.0304924268450942,0.5219995188348915,1.6019465244217177,"{""rand1"": 76, ""pbest"": 77, ""closure"": 55, ""local"": 77, ""consensus"": 75}"
NarrowCorridor12,12,UCB-Success,0,400,1.0,1,114,0.9929962439602558,0.0,421.11599222537694,62.26354833597484,0.118816606158875,0.8956781747439979,1.4013007973982514,"{""rand1"": 23, ""pbest"": 41, ""closure"": 73, ""local"": 59, ""consensus"": 164}"
NarrowCorridor12,12,UCB-Success,1,400,1.0,1,147,1.2497710703733975,0.0,418.7120385450013,58.58105575623564,0.125855405136968,0.932712107412652,1.4450594399929757,"{""rand1"": 31, ""pbest"": 38, ""closure"": 66, ""local"": 72, ""consensus"": 153}"
NarrowCorridor12,12,UCB-Success,2,400,1.0,1,162,1.048244743070541,0.0,409.9033560562736,66.540557006361,0.0978486459574305,0.7193058836588249,1.5023485657656994,"{""rand1"": 23, ""pbest"": 64, ""closure"": 90, ""local"": 64, ""consensus"": 119}"
NarrowCorridor12,12,UCB-Success,3,400,1.0,1,186,1.1536851723401007,0.0,424.39959106579215,61.20170711393215,0.1518674902646097,0.9985690151363362,1.3644084520523978,"{""rand1"": 25, ""pbest"": 47, ""closure"": 65, ""local"": 44, ""consensus"": 179}"
NarrowCorridor12,12,UCB-Success,4,400,1.0,1,137,0.8877681051354696,0.0,419.2780999142696,64.70029624452151,0.1143479466609811,1.0502793638362355,1.414495152823396,"{""rand1"": 31, ""pbest"": 33, ""closure"": 85, ""local"": 53, ""consensus"": 158}"
NarrowCorridor12,12,UCB-Success,5,400,1.0,1,165,1.1164670376911594,0.0,418.2639257021974,59.5484304576261,0.1348099577407425,0.8721648168326934,1.465865581353775,"{""rand1"": 25, ""pbest"": 50, ""closure"": 75, ""local"": 67, ""consensus"": 143}"
NarrowCorridor12,12,UCB-Success,6,400,1.0,1,188,1.2358688934674245,0.0,410.64214597246126,61.096083728455206,0.0922166471638775,0.7215581550224446,1.550331332224722,"{""rand1"": 40, ""pbest"": 64, ""closure"": 75, ""local"": 64, ""consensus"": 117}"
NarrowCorridor12,12,UCB-Success,7,400,1.0,1,165,0.9361296352176462,0.0,427.238501488494,59.47322036092957,0.148641226874211,0.727454135236744,1.33948999538215,"{""rand1"": 35, ""pbest"": 28, ""closure"": 54, ""local"": 56, ""consensus"": 187}"
NarrowCorridor12,12,UCB-Success,8,400,1.0,1,101,1.2245729760683812,0.0,414.3707293460199,60.22562947480152,0.1276697320939301,0.59208907034994,1.4510269953234738,"{""rand1"": 43, ""pbest"": 39, ""closure"": 93, ""local"": 39, ""consensus"": 146}"
NarrowCorridor12,12,UCB-Success,9,400,1.0,1,166,1.118683857070763,0.0,425.5123813132767,61.05161905164459,0.1723629931341162,0.905076292764642,1.3561011387896416,"{""rand1"": 30, ""pbest"": 41, ""closure"": 45, ""local"": 60, ""consensus"": 184}"
NarrowCorridor12,12,UCB-Success,10,400,1.0,1,164,1.392945859746343,0.0,415.9281359810587,61.77596001042353,0.103418471944504,0.8468887321828499,1.473598100916918,"{""rand1"": 36, ""pbest"": 32, ""closure"": 73, ""local"": 82, ""consensus"": 137}"
NarrowCorridor12,12,UCB-Success,11,400,1.0,1,138,1.1941755825329134,0.0,410.9874706964977,60.50923204950914,0.1009659141828081,0.6872835935993831,1.487684040335806,"{""rand1"": 24, ""pbest"": 69, ""closure"": 81, ""local"": 55, ""consensus"": 131}"
NarrowCorridor12,12,UCB-Success,12,400,1.0,1,137,1.0843960186484916,0.0,421.22855689311007,67.34929302578598,0.1384673414774588,0.4502973497091144,1.3678561611522138,"{""rand1"": 22, ""pbest"": 41, ""closure"": 85, ""local"": 43, ""consensus"": 169}"
NarrowCorridor12,12,UCB-Success,13,400,1.0,1,123,1.299078133450629,0.0,420.9861507817035,67.36773623371506,0.1261836657703741,0.98531328320802,1.3554182201775289,"{""rand1"": 19, ""pbest"": 34, ""closure"": 80, ""local"": 56, ""consensus"": 171}"
NarrowCorridor12,12,UCB-Success,14,400,1.0,1,132,1.403960905098852,0.0,418.4323855787115,63.48514967780363,0.1290285715995079,0.4704266747745008,1.436194831888547,"{""rand1"": 31, ""pbest"": 55, ""closure"": 71, ""local"": 44, ""consensus"": 159}"
NarrowCorridor12,12,UCB-Success,15,400,1.0,1,51,1.0494287102280924,0.0,421.717326278916,54.84480436463469,0.1475502936169505,0.6182333662209822,1.316877933014928,"{""rand1"": 24, ""pbest"": 36, ""closure"": 88, ""local"": 32, ""consensus"": 180}"
NarrowCorridor12,12,UCB-Success,16,400,1.0,1,119,1.058490401321515,0.0,413.0306298723827,68.35450364083721,0.1024838067893183,0.5489806532140629,1.4539718223400555,"{""rand1"": 25, ""pbest"": 37, ""closure"": 103, ""local"": 65, ""consensus"": 130}"
NarrowCorridor12,12,UCB-Success,17,400,1.0,1,133,1.0523499151986608,0.0,420.2430970794978,52.66960996569615,0.1416218972015856,0.7057463395880363,1.4024023939420842,"{""rand1"": 26, ""pbest"": 41, ""closure"": 79, ""local"": 50, ""consensus"": 164}"
NarrowCorridor12,12,UCB-Success,18,400,1.0,1,114,1.1712431588523782,0.0,415.3987535478984,62.50856851838888,0.1116124427280982,0.7018831168831169,1.4600079629248182,"{""rand1"": 25, ""pbest"": 57, ""closure"": 82, ""local"": 52, ""consensus"": 144}"
NarrowCorridor12,12,UCB-Success,19,400,1.0,1,164,0.9983045418280128,0.0,428.056278800394,58.27984859841381,0.1948376656070206,0.547087724697614,1.3204653480573911,"{""rand1"": 32, ""pbest"": 46, ""closure"": 41, ""local"": 46, ""consensus"": 195}"
NarrowCorridor12,12,UCB-Success,20,400,1.0,1,96,1.3531341890049071,0.0,414.94295479899023,57.77727785347973,0.1190611443271542,0.6589672996721052,1.425575875037649,"{""rand1"": 25, ""pbest"": 49, ""closure"": 103, ""local"": 40, ""consensus"": 143}"
NarrowCorridor12,12,UCB-Success,21,400,1.0,1,80,1.101382680644224,0.0,411.1204079140192,60.11402642008235,0.1232543788217893,0.6229870129870131,1.4095394535456958,"{""rand1"": 22, ""pbest"": 40, ""closure"": 114, ""local"": 46, ""consensus"": 138}"
NarrowCorridor12,12,UCB-Success,22,400,1.0,1,144,1.3226280141568922,0.0,421.14354563080025,64.40630134756753,0.1474738648386006,0.9836323676323676,1.3560468053371006,"{""rand1"": 23, ""pbest"": 36, ""closure"": 91, ""local"": 41, ""consensus"": 169}"
NarrowCorridor12,12,UCB-Success,23,400,1.0,1,114,1.2100018861692163,0.0,415.9492319345261,56.87117720281076,0.1164621080536156,0.6825923551710659,1.4523588373254734,"{""rand1"": 41, ""pbest"": 40, ""closure"": 80, ""local"": 46, ""consensus"": 153}"
NarrowCorridor12,12,UCB-Success,24,400,1.0,1,88,1.071478814585811,0.0,418.0411402820756,67.12799417990657,0.1412452379071257,0.2197619047619047,1.336508081818139,"{""rand1"": 27, ""pbest"": 24, ""closure"": 102, ""local"": 41, ""consensus"": 166}"
NarrowCorridor12,12,UCB-Success,25,400,1.0,1,126,1.3938706668684515,0.0,412.292356653644,64.13350767487294,0.1104443855231858,0.3895246398954838,1.4495776748242528,"{""rand1"": 30, ""pbest"": 37, ""closure"": 114, ""local"": 51, ""consensus"": 128}"
NarrowCorridor12,12,UCB-Success,26,400,1.0,1,163,1.3271846632336688,0.0,421.82710101923857,63.267343657264725,0.1579838317103876,0.9289931049342812,1.3715414183729115,"{""rand1"": 18, ""pbest"": 41, ""closure"": 74, ""local"": 58, ""consensus"": 169}"
NarrowCorridor12,12,UCB-Success,27,400,1.0,1,147,1.1416061425459572,0.0,419.90956287488285,64.06356170728115,0.1274168728662704,0.7060341448832498,1.4215629346804584,"{""rand1"": 25, ""pbest"": 43, ""closure"": 59, ""local"": 74, ""consensus"": 159}"
NarrowCorridor12,12,UCB-Success,28,400,1.0,1,126,1.3002095675922098,0.0,420.6589952748288,62.84302831371025,0.1097665611691809,0.8869436411541674,1.441853981994467,"{""rand1"": 34, ""pbest"": 36, ""closure"": 81, ""local"": 56, ""consensus"": 153}"
NarrowCorridor12,12,UCB-Success,29,400,1.0,1,139,1.208797395705175,0.0,410.84596684127393,62.97012378298378,0.0878523093047508,0.3187106227106227,1.5142879951221428,"{""rand1"": 29, ""pbest"": 63, ""closure"": 85, ""local"": 60, ""consensus"": 123}"
NarrowCorridor12,12,UCB-Violation,0,400,1.0,1,117,1.1145818012020474,0.0,398.8313466601244,61.019939142150776,0.1122862377131252,0.71491341991342,1.5301598521217437,"{""rand1"": 46, ""pbest"": 52, ""closure"": 73, ""local"": 130, ""consensus"": 59}"
NarrowCorridor12,12,UCB-Violation,1,400,1.0,1,152,1.5150440838240244,0.0,412.89639026197307,54.82155967407242,0.0936841000752553,0.6900823198501216,1.545193718432358,"{""rand1"": 45, ""pbest"": 65, ""closure"": 46, ""local"": 95, ""consensus"": 109}"
NarrowCorridor12,12,UCB-Violation,2,400,1.0,1,97,1.0235479018107068,0.0,405.2189471145685,54.46505366050184,0.0787327842413585,0.921518143184047,1.5655844025068124,"{""rand1"": 50, ""pbest"": 51, ""closure"": 96, ""local"": 64, ""consensus"": 99}"
NarrowCorridor12,12,UCB-Violation,3,400,1.0,1,162,1.62881602671852,0.0,410.05874240232447,50.22377884375464,0.1020577417042896,0.7617265928470203,1.5421006562458792,"{""rand1"": 56, ""pbest"": 48, ""closure"": 49, ""local"": 116, ""consensus"": 91}"
NarrowCorridor12,12,UCB-Violation,4,400,1.0,1,127,1.0051457693479315,0.0,409.0230787885927,59.81958202767716,0.0737526648573338,0.919452774532866,1.5742458747453452,"{""rand1"": 50, ""pbest"": 64, ""closure"": 63, ""local"": 75, ""consensus"": 108}"
NarrowCorridor12,12,UCB-Violation,5,400,1.0,1,95,1.1124704963637444,0.0,395.7072734046051,54.53228617013905,0.1030002233585474,0.6090531456847247,1.5389663834808165,"{""rand1"": 48, ""pbest"": 49, ""closure"": 120, ""local"": 87, ""consensus"": 56}"
NarrowCorridor12,12,UCB-Violation,6,400,1.0,1,99,0.9145559094076964,0.0,405.9710991604207,61.99270202330494,0.0818721264554544,0.8487662337662336,1.5644283564107837,"{""rand1"": 55, ""pbest"": 52, ""closure"": 89, ""local"": 57, ""consensus"": 107}"
NarrowCorridor12,12,UCB-Violation,7,400,1.0,1,100,0.9585665395014458,0.0,408.8507223783019,55.86407682856871,0.0730442803211727,1.0113288161114249,1.575736214913151,"{""rand1"": 55, ""pbest"": 58, ""closure"": 76, ""local"": 63, ""consensus"": 108}"
NarrowCorridor12,12,UCB-Violation,8,400,1.0,1,104,1.5265730803824027,0.0,396.8698074486926,62.331104899243726,0.0897428162446295,0.6557842157842158,1.55568253143281,"{""rand1"": 47, ""pbest"": 50, ""closure"": 88, ""local"": 110, ""consensus"": 65}"
NarrowCorridor12,12,UCB-Violation,9,400,1.0,1,134,0.9870372211046776,0.0,402.44527918535954,60.45514124826605,0.0998521536971972,0.8594086439963501,1.545725649445114,"{""rand1"": 47, ""pbest"": 53, ""closure"": 65, ""local"": 123, ""consensus"": 72}"
NarrowCorridor12,12,UCB-Violation,10,400,1.0,1,121,1.2561606043609652,0.0,401.911595707031,56.95254523321429,0.0780293482471536,1.041413276781698,1.5685432038238036,"{""rand1"": 48, ""pbest"": 52, ""closure"": 80, ""local"": 105, ""consensus"": 75}"
NarrowCorridor12,12,UCB-Violation,11,400,1.0,1,55,1.3511873017250382,0.0,398.6406307735076,49.50823504510923,0.09829750954969,1.1739538278386037,1.549531724337044,"{""rand1"": 48, ""pbest"": 58, ""closure"": 63, ""local"": 123, ""consensus"": 68}"
NarrowCorridor12,12,UCB-Violation,12,400,1.0,1,163,1.714828204525264,0.0,399.6114439864746,53.484043610082345,0.1361512097276369,0.5940419656023371,1.502108802897521,"{""rand1"": 48, ""pbest"": 60, ""closure"": 58, ""local"": 144, ""consensus"": 50}"
NarrowCorridor12,12,UCB-Violation,13,400,1.0,1,95,1.3157305207900654,0.0,399.90847118457873,61.3590977121079,0.0722881268148059,0.5255375996552467,1.57057209523007,"{""rand1"": 46, ""pbest"": 52, ""closure"": 92, ""local"": 93, ""consensus"": 77}"
NarrowCorridor12,12,UCB-Violation,14,400,1.0,1,130,1.608958096010587,0.0,399.6648894464264,54.89744928243017,0.1203964744800736,0.6898560112656222,1.5160024743933826,"{""rand1"": 47, ""pbest"": 44, ""closure"": 70, ""local"": 135, ""consensus"": 64}"
NarrowCorridor12,12,UCB-Violation,15,400,1.0,1,180,1.120163883964056,0.0,411.11810109116857,60.5643755860638,0.0882804138589477,0.6065126919863763,1.559537547945393,"{""rand1"": 52, ""pbest"": 59, ""closure"": 62, ""local"": 68, ""consensus"": 119}"
NarrowCorridor12,12,UCB-Violation,16,400,1.0,1,133,1.2743459050613186,0.0,411.57508989711454,57.04620456093617,0.1027068348629856,0.6245024893632574,1.5401511167737212,"{""rand1"": 50, ""pbest"": 47, ""closure"": 84, ""local"": 58, ""consensus"": 121}"
NarrowCorridor12,12,UCB-Violation,17,400,1.0,1,171,1.8125866698153776,0.0,401.9775992016317,51.4895415274574,0.1258220066219057,0.5202034935835496,1.5102380718113215,"{""rand1"": 44, ""pbest"": 55, ""closure"": 51, ""local"": 138, ""consensus"": 72}"
NarrowCorridor12,12,UCB-Violation,18,400,1.0,1,152,1.025177302978964,0.0,410.3019826573594,59.35338190527852,0.0888195763179455,0.8996265637714018,1.5574573790332038,"{""rand1"": 47, ""pbest"": 55, ""closure"": 60, ""local"": 87, ""consensus"": 111}"
NarrowCorridor12,12,UCB-Violation,19,400,1.0,1,132,1.1891855967230591,0.0,412.5598976556762,55.35658403156106,0.1006811648980051,0.6567618648743876,1.546457535704869,"{""rand1"": 45, ""pbest"": 60, ""closure"": 71, ""local"": 61, ""consensus"": 123}"
NarrowCorridor12,12,UCB-Violation,20,400,1.0,1,163,0.9861133229776662,0.0,403.9369865471472,60.661335690026334,0.1015686460641079,0.7995223167636961,1.5425624327206988,"{""rand1"": 44, ""pbest"": 53, ""closure"": 68, ""local"": 123, ""consensus"": 72}"
NarrowCorridor12,12,UCB-Violation,21,400,1.0,1,98,1.453564242825257,0.0,401.472004420224,52.31346989794826,0.0933104260259084,0.9284939539397604,1.5538295915628164,"{""rand1"": 45, ""pbest"": 60, ""closure"": 60, ""local"": 117, ""consensus"": 78}"
NarrowCorridor12,12,UCB-Violation,22,400,1.0,1,123,1.185901845838039,0.0,409.8439405795728,50.580347107753816,0.0920142034795776,0.6303646564695731,1.5523138322092938,"{""rand1"": 47, ""pbest"": 56, ""closure"": 79, ""local"": 60, ""consensus"": 118}"
NarrowCorridor12,12,UCB-Violation,23,400,1.0,1,109,1.0303425533271031,0.0,409.5229549297046,58.16150521107215,0.0900203571066389,1.0800175042348954,1.5559420196700875,"{""rand1"": 52, ""pbest"": 54, ""closure"": 77, ""local"": 59, ""consensus"": 118}"
NarrowCorridor12,12,UCB-Violation,24,400,1.0,1,174,1.021205414947024,0.0,404.2764089941744,56.625894517645726,0.0756572367530083,0.548260592473254,1.5732097841469417,"{""rand1"": 57, ""pbest"": 64, ""closure"": 52, ""local"": 107, ""consensus"": 80}"
NarrowCorridor12,12,UCB-Violation,25,400,1.0,1,138,1.0792999062796418,0.0,411.0751973618735,58.89872407751761,0.0826394171290555,0.5392138653844643,1.5665301956631192,"{""rand1"": 50, ""pbest"": 55, ""closure"": 72, ""local"": 71, ""consensus"": 112}"
NarrowCorridor12,12,UCB-Violation,26,400,1.0,1,88,1.3438014874635915,0.0,402.99659844043,59.333447225837645,0.0949639483310983,0.4295833578186519,1.5481349558756423,"{""rand1"": 47, ""pbest"": 52, ""closure"": 111, ""local"": 56, ""consensus"": 94}"
NarrowCorridor12,12,UCB-Violation,27,400,1.0,1,135,1.2166429014042812,0.0,406.73252947338574,55.113949145888434,0.0728846940214271,0.964189448672345,1.571834052527772,"{""rand1"": 50, ""pbest"": 54, ""closure"": 65, ""local"": 95, ""consensus"": 96}"
NarrowCorridor12,12,UCB-Violation,28,400,1.0,1,139,1.624441688275129,0.0,398.63060967675295,59.134380837760204,0.0983787609283713,0.7841821937951969,1.5437718467910075,"{""rand1"": 46, ""pbest"": 48, ""closure"": 88, ""local"": 116, ""consensus"": 62}"
NarrowCorridor12,12,UCB-Violation,29,400,1.0,1,63,1.220345672502117,0.0,391.9160040338544,54.18224665021954,0.0951450133464436,0.3012324929971988,1.551019555878724,"{""rand1"": 54, ""pbest"": 58, ""closure"": 122, ""local"": 73, ""consensus"": 53}"
RotatedBox10,10,DCAS,0,400,1.0,1,242,6.0903713457572985,0.0,407.6902487558967,50.28795805979132,0.0683666697152744,0.2491526370086741,1.581439762522402,"{""rand1"": 60, ""pbest"": 63, ""closure"": 52, ""local"": 93, ""consensus"": 92}"
RotatedBox10,10,DCAS,1,400,1.0,1,281,7.750090310511661,0.0,407.1262170496282,49.92256099847006,0.0894828652615723,0.1951292172112605,1.553008469444149,"{""rand1"": 58, ""pbest"": 71, ""closure"": 37, ""local"": 105, ""consensus"": 89}"
RotatedBox10,10,DCAS,2,400,1.0,1,284,7.158084002024885,0.0,406.498560774934,54.110642584063655,0.0950662665261786,0.374398395721925,1.5498128559278102,"{""rand1"": 63, ""pbest"": 60, ""closure"": 38, ""local"": 108, ""consensus"": 91}"
RotatedBox10,10,DCAS,3,400,1.0,1,229,5.882166944175479,0.0,405.5458401275274,53.5853585438694,0.0567458667714633,0.6499906382919087,1.5923416051448658,"{""rand1"": 59, ""pbest"": 67, ""closure"": 60, ""local"": 79, ""consensus"": 95}"
RotatedBox10,10,DCAS,4,400,1.0,1,178,5.746580417598657,0.0,400.5722674879063,53.18591098217976,0.0393425006399983,0.5668451445355471,1.5973690786809724,"{""rand1"": 57, ""pbest"": 64, ""closure"": 73, ""local"": 90, ""consensus"": 76}"
RotatedBox10,10,DCAS,5,400,1.0,1,278,7.326849987839518,0.0,403.0903666105195,54.622010281030185,0.085261265826364,0.4452512774742788,1.5668326866904565,"{""rand1"": 58, ""pbest"": 72, ""closure"": 43, ""local"": 104, ""consensus"": 83}"
RotatedBox10,10,DCAS,6,400,1.0,1,287,4.728963476297874,0.0,408.5269114932206,54.60138672551988,0.0923730647731386,0.328075840588294,1.5523344176415286,"{""rand1"": 59, ""pbest"": 67, ""closure"": 37, ""local"": 100, ""consensus"": 97}"
RotatedBox10,10,DCAS,7,400,1.0,1,287,5.205156126961811,0.0,405.9963779155168,50.911467919823366,0.0859524372405347,0.180490389831822,1.563969059270277,"{""rand1"": 62, ""pbest"": 67, ""closure"": 40, ""local"": 97, ""consensus"": 94}"
RotatedBox10,10,DCAS,8,400,1.0,1,282,5.157778540912108,0.0,405.2237189594045,52.44979425541312,0.0807394776703952,0.4307738808506071,1.575409280781927,"{""rand1"": 60, ""pbest"": 60, ""closure"": 51, ""local"": 100, ""consensus"": 89}"
RotatedBox10,10,DCAS,9,400,1.0,1,293,8.344117908444506,0.0,405.1273011888828,50.34773731048643,0.0812635110369336,0.2861421625849938,1.575516247955937,"{""rand1"": 68, ""pbest"": 68, ""closure"": 42, ""local"": 91, ""consensus"": 91}"
RotatedBox10,10,DCAS,10,400,1.0,1,143,4.554078337180569,0.0,396.8270239287387,48.35523198461375,0.0376218151853732,0.2508287881484812,1.599189469267622,"{""rand1"": 63, ""pbest"": 62, ""closure"": 79, ""local"": 89, ""consensus"": 67}"
RotatedBox10,10,DCAS,11,400,1.0,1,275,7.845313521871322,0.0,409.26639694539,50.98822339933338,0.0764656378027507,0.3179420579420579,1.5832691929868214,"{""rand1"": 65, ""pbest"": 68, ""closure"": 48, ""local"": 83, ""consensus"": 96}"
RotatedBox10,10,DCAS,12,400,1.0,1,264,6.762450950643854,0.0,408.8498051449137,52.18719996166768,0.0741834242363368,0.3410852343789525,1.5725656829503931,"{""rand1"": 62, ""pbest"": 69, ""closure"": 43, ""local"": 95, ""consensus"": 91}"
RotatedBox10,10,DCAS,13,400,1.0,1,218,4.9657334733871465,0.0,400.2802166395324,54.479515522029295,0.0687834370004315,0.3029740161722558,1.578666195756942,"{""rand1"": 63, ""pbest"": 61, ""closure"": 55, ""local"": 107, ""consensus"": 74}"
RotatedBox10,10,DCAS,14,400,1.0,1,294,9.548472850746894,0.0,405.315804528403,49.84546532320115,0.0892085983218717,0.2298646824962614,1.558417516674366,"{""rand1"": 61, ""pbest"": 68, ""closure"": 39, ""local"": 106, ""consensus"": 86}"
RotatedBox10,10,DCAS,15,400,1.0,1,279,5.241933569153633,0.0,403.1858738387014,50.34924784074202,0.0828245502987946,0.3595884895884896,1.5704428492661182,"{""rand1"": 62, ""pbest"": 67, ""closure"": 43, ""local"": 98, ""consensus"": 90}"
RotatedBox10,10,DCAS,16,400,1.0,1,220,9.888983162790916,0.0,402.5636923171203,49.08627007683729,0.0741187500379239,0.3449827274258014,1.5732097841469417,"{""rand1"": 57, ""pbest"": 64, ""closure"": 52, ""local"": 107, ""consensus"": 80}"
RotatedBox10,10,DCAS,17,400,1.0,1,245,6.063862386394596,0.0,403.57190672737545,53.25893253607669,0.0718933416388953,0.4277684291583224,1.5786725072238106,"{""rand1"": 61, ""pbest"": 64, ""closure"": 50, ""local"": 100, ""consensus"": 85}"
RotatedBox10,10,DCAS,18,400,1.0,1,205,5.299582178864902,0.0,403.1171232657508,45.82243690681674,0.0409712063412384,0.3919629315225558,1.596808982466467,"{""rand1"": 59, ""pbest"": 67, ""closure"": 63, ""local"": 89, ""consensus"": 82}"
RotatedBox10,10,DCAS,19,400,1.0,1,241,4.440712163175755,0.0,406.1768864444314,54.83063700417519,0.0647170653015544,0.5325685233420157,1.585169480587346,"{""rand1"": 61, ""pbest"": 60, ""closure"": 56, ""local"": 91, ""consensus"": 92}"
RotatedBox10,10,DCAS,20,400,1.0,1,203,5.957928214269035,0.0,403.8872387627689,56.17809780895218,0.0768851314682664,0.6978081378081378,1.565349976200907,"{""rand1"": 54, ""pbest"": 68, ""closure"": 46, ""local"": 104, ""consensus"": 88}"
RotatedBox10,10,DCAS,21,400,1.0,1,241,5.172807102633745,0.0,406.022368950826,55.68020022709157,0.0629389392762878,0.5138683963095728,1.58531444980882,"{""rand1"": 57, ""pbest"": 70, ""closure"": 53, ""local"": 88, ""consensus"": 92}"
RotatedBox10,10,DCAS,22,400,1.0,1,166,6.830193553772647,0.0,400.2741742326121,58.59182297785402,0.0408734835290126,0.2086831295125535,1.5977733050024048,"{""rand1"": 61, ""pbest"": 62, ""closure"": 67, ""local"": 89, ""consensus"": 81}"
RotatedBox10,10,DCAS,23,400,1.0,1,234,6.033480942148215,0.0,401.02115496908505,54.08451212379399,0.0706170795048382,0.4095382346051476,1.5842769751963497,"{""rand1"": 63, ""pbest"": 58, ""closure"": 57, ""local"": 99, ""consensus"": 83}"
RotatedBox10,10,DCAS,24,400,1.0,1,244,6.170317957184281,0.0,404.4836137812813,50.95869007693004,0.069768185921476,0.2179838740939808,1.5852223347690142,"{""rand1"": 58, ""pbest"": 67, ""closure"": 54, ""local"": 95, ""consensus"": 86}"
RotatedBox10,10,DCAS,25,400,1.0,1,286,8.013608461719798,0.0,404.80626393205125,51.877176789074255,0.0866838844370302,0.2302767597150898,1.5747315798772206,"{""rand1"": 60, ""pbest"": 64, ""closure"": 49, ""local"": 103, ""consensus"": 84}"
RotatedBox10,10,DCAS,26,400,1.0,1,252,6.906544077950241,0.0,408.2707487664699,51.70864600793265,0.0792856454204427,0.3606361843243402,1.567670095625552,"{""rand1"": 66, ""pbest"": 57, ""closure"": 45, ""local"": 97, ""consensus"": 95}"
RotatedBox10,10,DCAS,27,400,1.0,1,170,6.535265282965573,0.0,401.3194231269776,63.85108119560783,0.0406796871954879,0.2231138190303344,1.5940194345189922,"{""rand1"": 61, ""pbest"": 68, ""closure"": 58, ""local"": 92, ""consensus"": 81}"
RotatedBox10,10,DCAS,28,400,1.0,1,222,5.384152299752342,0.0,401.604392772885,55.97870231948818,0.0531977250201863,0.3912297004606447,1.593660422656839,"{""rand1"": 63, ""pbest"": 67, ""closure"": 57, ""local"": 93, ""consensus"": 80}"
RotatedBox10,10,DCAS,29,400,1.0,1,278,6.850993954494644,0.0,406.4797573705749,55.19420252063885,0.0912642654403554,0.2290602111654743,1.56370292504829,"{""rand1"": 56, ""pbest"": 68, ""closure"": 43, ""local"": 94, ""consensus"": 99}"
RotatedBox10,10,DCAS-noClosure,0,400,1.0,1,242,6.104163502002812,0.0,411.1812813060841,45.754764894025,0.1139781315937285,0.2110376315735556,1.3600137988631815,"{""rand1"": 65, ""pbest"": 76, ""closure"": 0, ""local"": 117, ""consensus"": 102}"
RotatedBox10,10,DCAS-noClosure,1,400,1.0,1,281,8.201654398563047,0.0,410.84331352048673,46.55960837289672,0.1142138134337105,0.2010203487441339,1.3617448109038135,"{""rand1"": 64, ""pbest"": 79, ""closure"": 0, ""local"": 115, ""consensus"": 102}"
RotatedBox10,10,DCAS-noClosure,2,400,1.0,1,284,5.12705864047877,0.0,409.18643328399673,52.09421385899874,0.1165828781141585,0.2313539952758967,1.3641639256179845,"{""rand1"": 69, ""pbest"": 75, ""closure"": 0, ""local"": 116, ""consensus"": 100}"
RotatedBox10,10,DCAS-noClosure,3,400,1.0,1,229,6.802450700946402,0.0,413.92261369395527,48.82194446502626,0.1172399975101949,0.3059497102796675,1.354496502991958,"{""rand1"": 63, ""pbest"": 76, ""closure"": 0, ""local"": 98, ""consensus"": 123}"
RotatedBox10,10,DCAS-noClosure,4,400,1.0,1,178,6.570899044467305,0.0,408.5104161246312,46.04827667108367,0.1103945814003149,0.4103099693354101,1.3718340797348203,"{""rand1"": 67, ""pbest"": 88, ""closure"": 0, ""local"": 108, ""consensus"": 97}"
RotatedBox10,10,DCAS-noClosure,5,400,1.0,1,278,7.004038691421045,0.0,409.05914447404814,49.72756808043732,0.1141954152124581,0.248287372757961,1.3673226302466386,"{""rand1"": 69, ""pbest"": 77, ""closure"": 0, ""local"": 111, ""consensus"": 103}"
RotatedBox10,10,DCAS-noClosure,6,400,1.0,1,287,7.182976011857184,0.0,412.479571800544,52.36314138024196,0.1154892323976171,0.2596874400697257,1.3590110832180242,"{""rand1"": 61, ""pbest"": 80, ""closure"": 0, ""local"": 108, ""consensus"": 111}"
RotatedBox10,10,DCAS-noClosure,7,400,1.0,1,287,6.85325352391969,0.0,408.41463682009766,48.82917810636084,0.1144643539624162,0.2270195164312811,1.3596071861921188,"{""rand1"": 65, ""pbest"": 76, ""closure"": 0, ""local"": 118, ""consensus"": 101}"
RotatedBox10,10,DCAS-noClosure,8,400,1.0,1,282,7.319498476497377,0.0,408.4991483608905,48.29263615696781,0.1151332923580504,0.2380549291024673,1.3573420807863503,"{""rand1"": 65, ""pbest"": 75, ""closure"": 0, ""local"": 121, ""consensus"": 99}"
RotatedBox10,10,DCAS-noClosure,9,400,1.0,1,293,9.342917126962966,0.0,409.2747854386267,46.807700176238896,0.10905633563482,0.2338473539395616,1.3714138335322514,"{""rand1"": 70, ""pbest"": 80, ""closure"": 0, ""local"": 105, ""consensus"": 105}"
RotatedBox10,10,DCAS-noClosure,10,400,1.0,1,143,5.409681432300449,0.0,409.9807859086096,46.05078660908468,0.1129586208794088,0.3210127616427426,1.363659862595642,"{""rand1"": 69, ""pbest"": 73, ""closure"": 0, ""local"": 110, ""consensus"": 108}"
RotatedBox10,10,DCAS-noClosure,11,400,1.0,1,275,6.854589028969251,0.0,416.0146682284416,47.39757470799,0.1127853297012941,0.354498955850349,1.3598597629074212,"{""rand1"": 74, ""pbest"": 67, ""closure"": 0, ""local"": 100, ""consensus"": 119}"
RotatedBox10,10,DCAS-noClosure,12,400,1.0,1,264,7.846923139913315,0.0,412.1858228573624,46.62800850862801,0.1115479763949487,0.1904694912759428,1.3633323645511974,"{""rand1"": 69, ""pbest"": 74, ""closure"": 0, ""local"": 116, ""consensus"": 101}"
RotatedBox10,10,DCAS-noClosure,13,400,1.0,1,218,6.252201613694658,0.0,405.8041893408133,49.50780481346505,0.1243507895625684,0.3558474191842313,1.3518763648981658,"{""rand1"": 67, ""pbest"": 73, ""closure"": 0, ""local"": 129, ""consensus"": 91}"
RotatedBox10,10,DCAS-noClosure,14,400,1.0,1,294,10.375524813463151,0.0,409.325523157775,48.81187974997631,0.1150396795735372,0.3337105990156335,1.3592660525798257,"{""rand1"": 63, ""pbest"": 79, ""closure"": 0, ""local"": 118, ""consensus"": 100}"
RotatedBox10,10,DCAS-noClosure,15,400,1.0,1,279,6.099119105018287,0.0,407.1430440229931,46.87702928033728,0.1107100402688182,0.3112919463074606,1.3672662104119058,"{""rand1"": 67, ""pbest"": 80, ""closure"": 0, ""local"": 111, ""consensus"": 102}"
RotatedBox10,10,DCAS-noClosure,16,400,1.0,1,220,7.020059576973285,0.0,406.8570252211701,49.75645069185571,0.1185292865716738,0.3644730906195829,1.3608041343608712,"{""rand1"": 65, ""pbest"": 81, ""closure"": 0, ""local"": 121, ""consensus"": 93}"
RotatedBox10,10,DCAS-noClosure,17,400,1.0,1,245,6.549657981528293,0.0,410.4341270660076,49.932491229979824,0.1146395937672235,0.3099995175134219,1.3599567764374438,"{""rand1"": 69, ""pbest"": 70, ""closure"": 0, ""local"": 113, ""consensus"": 108}"
RotatedBox10,10,DCAS-noClosure,18,400,1.0,1,205,6.962647125628177,0.0,406.9935568166718,42.77688868262568,0.1154035864071455,0.3640860247882068,1.3630632426869913,"{""rand1"": 69, ""pbest"": 80, ""closure"": 0, ""local"": 122, ""consensus"": 89}"
RotatedBox10,10,DCAS-noClosure,19,400,1.0,1,241,6.449181194441507,0.0,411.63575515942034,47.58849717247204,0.1152752322936744,0.2613618131628167,1.3566804192180393,"{""rand1"": 65, ""pbest"": 72, ""closure"": 0, ""local"": 115, ""consensus"": 108}"
RotatedBox10,10,DCAS-noClosure,20,400,1.0,1,203,6.560053480722878,0.0,408.1162678397228,52.36586016144701,0.1159910864787838,0.3348789434238351,1.3623567667121632,"{""rand1"": 61, ""pbest"": 86, ""closure"": 0, ""local"": 113, ""consensus"": 100}"
RotatedBox10,10,DCAS-noClosure,21,400,1.0,1,241,5.154791284738959,0.0,410.2062060027792,51.75352962841628,0.1096487304100425,0.3186312099443649,1.3723661979723574,"{""rand1"": 68, ""pbest"": 85, ""closure"": 0, ""local"": 103, ""consensus"": 104}"
RotatedBox10,10,DCAS-noClosure,22,400,1.0,1,166,7.141386816299141,0.0,408.8111267761876,44.591508827491445,0.1165879507728775,0.536634913787951,1.360695296074499,"{""rand1"": 63, ""pbest"": 79, ""closure"": 0, ""local"": 114, ""consensus"": 104}"
RotatedBox10,10,DCAS-noClosure,23,400,1.0,1,234,5.40436408736082,0.0,406.5731732110531,49.77465529038134,0.119973548537492,0.2757769877181641,1.3556255236018373,"{""rand1"": 71, ""pbest"": 67, ""closure"": 0, ""local"": 122, ""consensus"": 100}"
RotatedBox10,10,DCAS-noClosure,24,400,1.0,1,244,6.120933077748115,0.0,410.8517212531576,50.05767193290168,0.1199896928804078,0.3131653835362014,1.347691008067262,"{""rand1"": 61, ""pbest"": 71, ""closure"": 0, ""local"": 122, ""consensus"": 106}"
RotatedBox10,10,DCAS-noClosure,25,400,1.0,1,286,8.969287992004979,0.0,409.5557147822352,47.60050885069367,0.1219982461093185,0.1887282547899608,1.3476861880691935,"{""rand1"": 68, ""pbest"": 66, ""closure"": 0, ""local"": 128, ""consensus"": 98}"
RotatedBox10,10,DCAS-noClosure,26,400,1.0,1,252,6.462752109057427,0.0,414.4466577644423,49.77776357770426,0.1132838711088489,0.300105272039305,1.3660897123856806,"{""rand1"": 71, ""pbest"": 75, ""closure"": 0, ""local"": 98, ""consensus"": 116}"
RotatedBox10,10,DCAS-noClosure,27,400,1.0,1,170,6.141828888115585,0.0,407.5775431533611,45.28495012870032,0.1135091022733111,0.3821172960818422,1.3664402906049775,"{""rand1"": 67, ""pbest"": 81, ""closure"": 0, ""local"": 115, ""consensus"": 97}"
RotatedBox10,10,DCAS-noClosure,28,400,1.0,1,222,7.310641806373612,0.0,408.1931180867553,50.51783218992821,0.1159694858604275,0.2934900778941026,1.3643294793145488,"{""rand1"": 74, ""pbest"": 71, ""closure"": 0, ""local"": 118, ""consensus"": 97}"
RotatedBox10,10,DCAS-noClosure,29,400,1.0,1,278,7.429596508583533,0.0,409.2280776006104,48.03539708350022,0.1183480067854151,0.2638341151204479,1.3605515612096974,"{""rand1"": 60, ""pbest"": 84, ""closure"": 0, ""local"": 109, ""consensus"": 107}"
RotatedBox10,10,DCAS-stationary,0,400,1.0,1,255,8.19953250298823,0.0,400.4002682471605,54.86028777772997,0.1191104645564349,0.4882958167152541,1.4893111275870896,"{""rand1"": 34, ""pbest"": 35, ""closure"": 89, ""local"": 127, ""consensus"": 75}"
RotatedBox10,10,DCAS-stationary,1,400,1.0,1,245,9.397542599209691,0.0,407.6541282043449,60.94587042877561,0.1189086986201957,0.276984126984127,1.4732339836597197,"{""rand1"": 27, ""pbest"": 32, ""closure"": 89, ""local"": 98, ""consensus"": 114}"
RotatedBox10,10,DCAS-stationary,2,400,1.0,1,219,5.572656572873185,0.0,395.4145452392104,60.01930822850009,0.1473296949824327,0.3584136643163012,1.3976760359946503,"{""rand1"": 26, ""pbest"": 31, ""closure"": 100, ""local"": 152, ""consensus"": 51}"
RotatedBox10,10,DCAS-stationary,3,400,1.0,1,241,4.773082034556206,0.0,402.3424316323112,64.32063487828079,0.1119836252859082,0.8351428571428571,1.44147341602908,"{""rand1"": 21, ""pbest"": 38, ""closure"": 78, ""local"": 139, ""consensus"": 84}"
RotatedBox10,10,DCAS-stationary,4,400,1.0,1,235,6.130680213234255,0.0,397.45001178701983,61.63716279458273,0.1619586976428832,0.3725491691807481,1.3602270482469152,"{""rand1"": 26, ""pbest"": 22, ""closure"": 80, ""local"": 167, ""consensus"": 65}"
RotatedBox10,10,DCAS-stationary,5,400,1.0,1,279,7.443353240905016,0.0,407.9768461167055,58.40733165342629,0.1340836082551788,0.1898154761312656,1.4479729051150985,"{""rand1"": 26, ""pbest"": 27, ""closure"": 83, ""local"": 118, ""consensus"": 106}"
RotatedBox10,10,DCAS-stationary,6,400,1.0,1,271,4.956869962877356,0.0,412.649206999209,57.7619235855724,0.1372386638953852,0.2810338981734863,1.4473139371816544,"{""rand1"": 22, ""pbest"": 33, ""closure"": 90, ""local"": 87, ""consensus"": 128}"
RotatedBox10,10,DCAS-stationary,7,400,1.0,1,226,5.646464171070942,0.0,397.24454675939495,61.987606240535406,0.1069715043677222,0.6262960044397653,1.4444968279595851,"{""rand1"": 30, ""pbest"": 29, ""closure"": 92, ""local"": 139, ""consensus"": 70}"
RotatedBox10,10,DCAS-stationary,8,400,1.0,1,235,7.158301596278072,0.0,392.1884995955155,54.450805032563,0.1233381480923375,0.3705540576902805,1.4667586685189542,"{""rand1"": 25, ""pbest"": 55, ""closure"": 96, ""local"": 134, ""consensus"": 50}"
RotatedBox10,10,DCAS-stationary,9,400,1.0,1,199,5.7872705441004,0.0,393.93374316217137,64.03895582652828,0.0973533081521482,0.3778622911615238,1.4323430656605856,"{""rand1"": 23, ""pbest"": 37, ""closure"": 120, ""local"": 124, ""consensus"": 56}"
RotatedBox10,10,DCAS-stationary,10,400,1.0,1,178,4.63989563789572,0.0,392.3687474783807,60.35498901655961,0.1081291469594497,0.7090081085065606,1.5008821983833829,"{""rand1"": 46, ""pbest"": 35, ""closure"": 110, ""local"": 115, ""consensus"": 54}"
RotatedBox10,10,DCAS-stationary,11,400,1.0,1,219,7.101629134793511,0.0,395.3414588840782,60.02910349280749,0.1014593096993656,0.5581901595136889,1.51449936965063,"{""rand1"": 43, ""pbest"": 39, ""closure"": 105, ""local"": 114, ""consensus"": 59}"
RotatedBox10,10,DCAS-stationary,12,400,1.0,1,246,6.2354506077524725,0.0,408.5368450374257,56.4141004590274,0.1150254296918996,0.5307545824004971,1.4898342515666516,"{""rand1"": 33, ""pbest"": 31, ""closure"": 88, ""local"": 95, ""consensus"": 113}"
RotatedBox10,10,DCAS-stationary,13,400,1.0,1,208,4.261093278363594,0.0,396.3175171149554,59.16492306241649,0.1314122919652443,0.633743890518084,1.4405943772904808,"{""rand1"": 26, ""pbest"": 33, ""closure"": 93, ""local"": 140, ""consensus"": 68}"
RotatedBox10,10,DCAS-stationary,14,400,1.0,1,208,9.558189285180193,0.0,397.8752887185325,51.69145332479114,0.1004128747612106,0.3677542268068584,1.4657383569386186,"{""rand1"": 32, ""pbest"": 43, ""closure"": 148, ""local"": 67, ""consensus"": 70}"
RotatedBox10,10,DCAS-stationary,15,400,1.0,1,165,5.524425628247396,0.0,396.41400338124765,58.64554243485608,0.1032895220302015,0.2215754771544245,1.516790698284574,"{""rand1"": 43, ""pbest"": 33, ""closure"": 115, ""local"": 90, ""consensus"": 79}"
RotatedBox10,10,DCAS-stationary,16,400,1.0,1,288,4.544935818911723,0.0,402.9333575271058,53.17499080427629,0.1475559683823019,0.2177797681245957,1.4513221013877216,"{""rand1"": 33, ""pbest"": 30, ""closure"": 71, ""local"": 143, ""consensus"": 83}"
RotatedBox10,10,DCAS-stationary,17,400,1.0,1,242,5.705299203697235,0.0,400.73930255651294,57.213378435811656,0.116701616468104,0.3493848180804703,1.4875255684066868,"{""rand1"": 38, ""pbest"": 27, ""closure"": 101, ""local"": 113, ""consensus"": 81}"
RotatedBox10,10,DCAS-stationary,18,400,1.0,1,168,5.1548954127455655,0.0,392.55084440433217,67.60245057668504,0.1150817149084045,0.547510964439757,1.405870336354312,"{""rand1"": 29, ""pbest"": 27, ""closure"": 110, ""local"": 142, ""consensus"": 52}"
RotatedBox10,10,DCAS-stationary,19,400,1.0,1,248,5.0289590162190825,0.0,398.5385055725358,53.63548566637436,0.1232852866625772,0.6426359339864197,1.4451030758373564,"{""rand1"": 27, ""pbest"": 34, ""closure"": 97, ""local"": 138, ""consensus"": 64}"
RotatedBox10,10,DCAS-stationary,20,400,1.0,1,186,7.96771579418448,0.0,393.1885607638496,53.46587303073316,0.1061282350007433,1.0278040321474855,1.4852021885243052,"{""rand1"": 31, ""pbest"": 51, ""closure"": 139, ""local"": 81, ""consensus"": 58}"
RotatedBox10,10,DCAS-stationary,21,400,1.0,1,207,7.687264784674237,0.0,398.99332186856407,55.65721812513807,0.1017378542643224,0.524740593674675,1.481014348320269,"{""rand1"": 33, ""pbest"": 32, ""closure"": 125, ""local"": 93, ""consensus"": 77}"
RotatedBox10,10,DCAS-stationary,22,400,1.0,1,222,10.65841235326278,0.0,390.9540473098812,52.25159690669258,0.1442337921505347,0.6113738136897053,1.3881439491038972,"{""rand1"": 24, ""pbest"": 33, ""closure"": 116, ""local"": 143, ""consensus"": 44}"
RotatedBox10,10,DCAS-stationary,23,400,1.0,1,166,5.001866612388035,0.0,397.2392253894465,64.03113945015531,0.1199027697858402,0.4684798534798535,1.4831936339919551,"{""rand1"": 23, ""pbest"": 45, ""closure"": 111, ""local"": 108, ""consensus"": 73}"
RotatedBox10,10,DCAS-stationary,24,400,1.0,1,208,8.98885919001204,0.0,395.8795158476017,52.29262551591695,0.1174349284620537,0.5562573867080527,1.4602958728159663,"{""rand1"": 25, ""pbest"": 38, ""closure"": 109, ""local"": 123, ""consensus"": 65}"
RotatedBox10,10,DCAS-stationary,25,400,1.0,1,173,5.786708960710881,0.0,396.2194155405989,56.58106258188373,0.1061482601363148,1.086538654328128,1.4845891621796403,"{""rand1"": 31, ""pbest"": 37, ""closure"": 116, ""local"": 109, ""consensus"": 67}"
RotatedBox10,10,DCAS-stationary,26,400,1.0,1,279,6.656369019521065,0.0,401.305149141735,51.86085817697295,0.1069574329862526,0.1156348380833506,1.5214947563310413,"{""rand1"": 27, ""pbest"": 53, ""closure"": 95, ""local"": 105, ""consensus"": 80}"
RotatedBox10,10,DCAS-stationary,27,400,1.0,1,182,6.76800133394001,0.0,389.5975724331188,55.78918251671894,0.1330173408880364,0.4417836727167355,1.4258145358975425,"{""rand1"": 45, ""pbest"": 26, ""closure"": 114, ""local"": 135, ""consensus"": 40}"
RotatedBox10,10,DCAS-stationary,28,400,1.0,1,298,9.345790789213453,0.0,402.6377498680089,55.325976798661856,0.1025860440247688,0.4810819681495412,1.536874171731867,"{""rand1"": 32, ""pbest"": 50, ""closure"": 97, ""local"": 91, ""consensus"": 90}"
RotatedBox10,10,DCAS-stationary,29,400,1.0,1,266,9.31132985125956,0.0,397.79767086690407,54.98927011562404,0.1210451063182509,0.3552110194215457,1.4921420356873183,"{""rand1"": 24, ""pbest"": 45, ""closure"": 103, ""local"": 110, ""consensus"": 78}"
RotatedBox10,10,DE-EPS,0,400,1.0,0,401,inf,0.7317098785308126,400.0,0.0,0.0,0.0,0.0,{}
RotatedBox10,10,DE-EPS,1,400,1.0,0,401,inf,0.583802075465275,400.0,0.0,0.0,0.0,0.0,{}
RotatedBox10,10,DE-EPS,2,400,1.0,0,401,inf,0.2807458378450638,400.0,0.0,0.0,0.0,0.0,{}
RotatedBox10,10,DE-EPS,3,400,1.0,0,401,inf,0.3565867996975794,400.0,0.0,0.0,0.0,0.0,{}
RotatedBox10,10,DE-EPS,4,400,1.0,0,401,inf,0.898080259116074,400.0,0.0,0.0,0.0,0.0,{}
RotatedBox10,10,DE-EPS,5,400,1.0,0,401,inf,0.4886697837090371,400.0,0.0,0.0,0.0,0.0,{}
RotatedBox10,10,DE-EPS,6,400,1.0,0,401,inf,0.2491396653641993,400.0,0.0,0.0,0.0,0.0,{}
RotatedBox10,10,DE-EPS,7,400,1.0,0,401,inf,0.4481656677318759,400.0,0.0,0.0,0.0,0.0,{}
RotatedBox10,10,DE-EPS,8,400,1.0,0,401,inf,0.2869157403928075,400.0,0.0,0.0,0.0,0.0,{}
RotatedBox10,10,DE-EPS,9,400,1.0,0,401,inf,0.8385082875017766,400.0,0.0,0.0,0.0,0.0,{}
RotatedBox10,10,DE-EPS,10,400,1.0,0,401,inf,0.7695531549110776,400.0,0.0,0.0,0.0,0.0,{}
RotatedBox10,10,DE-EPS,11,400,1.0,0,401,inf,0.7280672829693928,400.0,0.0,0.0,0.0,0.0,{}
RotatedBox10,10,DE-EPS,12,400,1.0,0,401,inf,0.6490996982638153,400.0,0.0,0.0,0.0,0.0,{}
RotatedBox10,10,DE-EPS,13,400,1.0,0,401,inf,1.095572136717501,400.0,0.0,0.0,0.0,0.0,{}
RotatedBox10,10,DE-EPS,14,400,1.0,0,401,inf,0.7846607027599514,400.0,0.0,0.0,0.0,0.0,{}
RotatedBox10,10,DE-EPS,15,400,1.0,0,401,inf,0.4980360225280727,400.0,0.0,0.0,0.0,0.0,{}
RotatedBox10,10,DE-EPS,16,400,1.0,0,401,inf,0.0123132721471663,400.0,0.0,0.0,0.0,0.0,{}
RotatedBox10,10,DE-EPS,17,400,1.0,0,401,inf,0.918664408301579,400.0,0.0,0.0,0.0,0.0,{}
RotatedBox10,10,DE-EPS,18,400,1.0,0,401,inf,0.6814813401808818,400.0,0.0,0.0,0.0,0.0,{}
RotatedBox10,10,DE-EPS,19,400,1.0,0,401,inf,0.92167449317936,400.0,0.0,0.0,0.0,0.0,{}
RotatedBox10,10,DE-EPS,20,400,1.0,0,401,inf,0.4570376246290133,400.0,0.0,0.0,0.0,0.0,{}
RotatedBox10,10,DE-EPS,21,400,1.0,0,401,inf,0.554278535088967,400.0,0.0,0.0,0.0,0.0,{}
RotatedBox10,10,DE-EPS,22,400,1.0,0,401,inf,0.8725740601383833,400.0,0.0,0.0,0.0,0.0,{}
RotatedBox10,10,DE-EPS,23,400,1.0,0,401,inf,0.7862479846243815,400.0,0.0,0.0,0.0,0.0,{}
RotatedBox10,10,DE-EPS,24,400,1.0,0,401,inf,0.4913578846416349,400.0,0.0,0.0,0.0,0.0,{}
RotatedBox10,10,DE-EPS,25,400,1.0,0,401,inf,0.702105290540437,400.0,0.0,0.0,0.0,0.0,{}
RotatedBox10,10,DE-EPS,26,400,1.0,0,401,inf,0.8745565464860963,400.0,0.0,0.0,0.0,0.0,{}
RotatedBox10,10,DE-EPS,27,400,1.0,0,401,inf,0.9519119318379649,400.0,0.0,0.0,0.0,0.0,{}
RotatedBox10,10,DE-EPS,28,400,1.0,0,401,inf,1.1768828854592408,400.0,0.0,0.0,0.0,0.0,{}
RotatedBox10,10,DE-EPS,29,400,1.0,0,401,inf,0.3967202168679603,400.0,0.0,0.0,0.0,0.0,{}
RotatedBox10,10,DE-NCV,0,400,1.0,0,401,inf,0.7317098785308126,400.0,0.0,0.0,0.0,0.0,{}
RotatedBox10,10,DE-NCV,1,400,1.0,0,401,inf,0.583802075465275,400.0,0.0,0.0,0.0,0.0,{}
RotatedBox10,10,DE-NCV,2,400,1.0,0,401,inf,0.2807458378450638,400.0,0.0,0.0,0.0,0.0,{}
RotatedBox10,10,DE-NCV,3,400,1.0,0,401,inf,0.3565867996975794,400.0,0.0,0.0,0.0,0.0,{}
RotatedBox10,10,DE-NCV,4,400,1.0,0,401,inf,0.898080259116074,400.0,0.0,0.0,0.0,0.0,{}
RotatedBox10,10,DE-NCV,5,400,1.0,0,401,inf,0.4886697837090371,400.0,0.0,0.0,0.0,0.0,{}
RotatedBox10,10,DE-NCV,6,400,1.0,0,401,inf,0.2491396653641993,400.0,0.0,0.0,0.0,0.0,{}
RotatedBox10,10,DE-NCV,7,400,1.0,0,401,inf,0.4481656677318759,400.0,0.0,0.0,0.0,0.0,{}
RotatedBox10,10,DE-NCV,8,400,1.0,0,401,inf,0.2869157403928075,400.0,0.0,0.0,0.0,0.0,{}
RotatedBox10,10,DE-NCV,9,400,1.0,0,401,inf,0.8385082875017766,400.0,0.0,0.0,0.0,0.0,{}
RotatedBox10,10,DE-NCV,10,400,1.0,0,401,inf,0.7695531549110776,400.0,0.0,0.0,0.0,0.0,{}
RotatedBox10,10,DE-NCV,11,400,1.0,0,401,inf,0.7280672829693928,400.0,0.0,0.0,0.0,0.0,{}
RotatedBox10,10,DE-NCV,12,400,1.0,0,401,inf,0.6490996982638153,400.0,0.0,0.0,0.0,0.0,{}
RotatedBox10,10,DE-NCV,13,400,1.0,0,401,inf,1.095572136717501,400.0,0.0,0.0,0.0,0.0,{}
RotatedBox10,10,DE-NCV,14,400,1.0,0,401,inf,0.7846607027599514,400.0,0.0,0.0,0.0,0.0,{}
RotatedBox10,10,DE-NCV,15,400,1.0,0,401,inf,0.4980360225280727,400.0,0.0,0.0,0.0,0.0,{}
RotatedBox10,10,DE-NCV,16,400,1.0,0,401,inf,0.0123132721471663,400.0,0.0,0.0,0.0,0.0,{}
RotatedBox10,10,DE-NCV,17,400,1.0,0,401,inf,0.918664408301579,400.0,0.0,0.0,0.0,0.0,{}
RotatedBox10,10,DE-NCV,18,400,1.0,0,401,inf,0.6814813401808818,400.0,0.0,0.0,0.0,0.0,{}
RotatedBox10,10,DE-NCV,19,400,1.0,0,401,inf,0.92167449317936,400.0,0.0,0.0,0.0,0.0,{}
RotatedBox10,10,DE-NCV,20,400,1.0,0,401,inf,0.4570376246290133,400.0,0.0,0.0,0.0,0.0,{}
RotatedBox10,10,DE-NCV,21,400,1.0,0,401,inf,0.554278535088967,400.0,0.0,0.0,0.0,0.0,{}
RotatedBox10,10,DE-NCV,22,400,1.0,0,401,inf,0.8725740601383833,400.0,0.0,0.0,0.0,0.0,{}
RotatedBox10,10,DE-NCV,23,400,1.0,0,401,inf,0.7862479846243815,400.0,0.0,0.0,0.0,0.0,{}
RotatedBox10,10,DE-NCV,24,400,1.0,0,401,inf,0.4913578846416349,400.0,0.0,0.0,0.0,0.0,{}
RotatedBox10,10,DE-NCV,25,400,1.0,0,401,inf,0.702105290540437,400.0,0.0,0.0,0.0,0.0,{}
RotatedBox10,10,DE-NCV,26,400,1.0,0,401,inf,0.8745565464860963,400.0,0.0,0.0,0.0,0.0,{}
RotatedBox10,10,DE-NCV,27,400,1.0,0,401,inf,0.9519119318379649,400.0,0.0,0.0,0.0,0.0,{}
RotatedBox10,10,DE-NCV,28,400,1.0,0,401,inf,1.1768828854592408,400.0,0.0,0.0,0.0,0.0,{}
RotatedBox10,10,DE-NCV,29,400,1.0,0,401,inf,0.3967202168679603,400.0,0.0,0.0,0.0,0.0,{}
RotatedBox10,10,DE-PEN,0,400,1.0,0,401,inf,0.3482603247929297,400.0,0.0,0.0,0.0,0.0,{}
RotatedBox10,10,DE-PEN,1,400,1.0,0,401,inf,0.950891791794085,400.0,0.0,0.0,0.0,0.0,{}
RotatedBox10,10,DE-PEN,2,400,1.0,0,401,inf,0.6719144356242426,400.0,0.0,0.0,0.0,0.0,{}
RotatedBox10,10,DE-PEN,3,400,1.0,0,401,inf,0.6784578434964835,400.0,0.0,0.0,0.0,0.0,{}
RotatedBox10,10,DE-PEN,4,400,1.0,0,401,inf,0.4857427385853422,400.0,0.0,0.0,0.0,0.0,{}
RotatedBox10,10,DE-PEN,5,400,1.0,0,401,inf,0.4886697837090371,400.0,0.0,0.0,0.0,0.0,{}
RotatedBox10,10,DE-PEN,6,400,1.0,0,401,inf,0.2491396653641993,400.0,0.0,0.0,0.0,0.0,{}
RotatedBox10,10,DE-PEN,7,400,1.0,0,401,inf,0.2639124977886353,400.0,0.0,0.0,0.0,0.0,{}
RotatedBox10,10,DE-PEN,8,400,1.0,0,401,inf,0.2869157403928075,400.0,0.0,0.0,0.0,0.0,{}
RotatedBox10,10,DE-PEN,9,400,1.0,0,401,inf,0.8483650169182446,400.0,0.0,0.0,0.0,0.0,{}
RotatedBox10,10,DE-PEN,10,400,1.0,0,401,inf,0.5716112062193339,400.0,0.0,0.0,0.0,0.0,{}
RotatedBox10,10,DE-PEN,11,400,1.0,0,401,inf,0.559202442019765,400.0,0.0,0.0,0.0,0.0,{}
RotatedBox10,10,DE-PEN,12,400,1.0,0,401,inf,0.6490996982638153,400.0,0.0,0.0,0.0,0.0,{}
RotatedBox10,10,DE-PEN,13,400,1.0,0,401,inf,0.8894149995641726,400.0,0.0,0.0,0.0,0.0,{}
RotatedBox10,10,DE-PEN,14,400,1.0,0,401,inf,0.5056699686417271,400.0,0.0,0.0,0.0,0.0,{}
RotatedBox10,10,DE-PEN,15,400,1.0,0,401,inf,0.4882336909918631,400.0,0.0,0.0,0.0,0.0,{}
RotatedBox10,10,DE-PEN,16,400,1.0,0,401,inf,0.5789527618542591,400.0,0.0,0.0,0.0,0.0,{}
RotatedBox10,10,DE-PEN,17,400,1.0,0,401,inf,0.5468811109604466,400.0,0.0,0.0,0.0,0.0,{}
RotatedBox10,10,DE-PEN,18,400,1.0,0,401,inf,0.1856729725945269,400.0,0.0,0.0,0.0,0.0,{}
RotatedBox10,10,DE-PEN,19,400,1.0,0,401,inf,0.903920840020226,400.0,0.0,0.0,0.0,0.0,{}
RotatedBox10,10,DE-PEN,20,400,1.0,0,401,inf,0.2578674541737131,400.0,0.0,0.0,0.0,0.0,{}
RotatedBox10,10,DE-PEN,21,400,1.0,0,401,inf,0.554278535088967,400.0,0.0,0.0,0.0,0.0,{}
RotatedBox10,10,DE-PEN,22,400,1.0,0,401,inf,0.8070865511500555,400.0,0.0,0.0,0.0,0.0,{}
RotatedBox10,10,DE-PEN,23,400,1.0,0,401,inf,0.8654060794885026,400.0,0.0,0.0,0.0,0.0,{}
RotatedBox10,10,DE-PEN,24,400,1.0,0,401,inf,0.4300692038020411,400.0,0.0,0.0,0.0,0.0,{}
RotatedBox10,10,DE-PEN,25,400,1.0,0,401,inf,0.5387756234350025,400.0,0.0,0.0,0.0,0.0,{}
RotatedBox10,10,DE-PEN,26,400,1.0,0,401,inf,0.8780433136771331,400.0,0.0,0.0,0.0,0.0,{}
RotatedBox10,10,DE-PEN,27,400,1.0,0,401,inf,0.8842310411173657,400.0,0.0,0.0,0.0,0.0,{}
RotatedBox10,10,DE-PEN,28,400,1.0,0,401,inf,0.1853799029198414,400.0,0.0,0.0,0.0,0.0,{}
RotatedBox10,10,DE-PEN,29,400,1.0,0,401,inf,0.393293516236913,400.0,0.0,0.0,0.0,0.0,{}
RotatedBox10,10,JADE-NCV,0,400,1.0,0,401,inf,0.1815786787849009,400.0,0.0,0.0,0.0,0.0,{}
RotatedBox10,10,JADE-NCV,1,400,1.0,0,401,inf,0.0740777828948769,400.0,0.0,0.0,0.0,0.0,{}
RotatedBox10,10,JADE-NCV,2,400,1.0,0,401,inf,0.0026596848014092,400.0,0.0,0.0,0.0,0.0,{}
RotatedBox10,10,JADE-NCV,3,400,1.0,0,401,inf,0.1547308344146082,400.0,0.0,0.0,0.0,0.0,{}
RotatedBox10,10,JADE-NCV,4,400,1.0,0,401,inf,0.1726432326564669,400.0,0.0,0.0,0.0,0.0,{}
RotatedBox10,10,JADE-NCV,5,400,1.0,0,401,inf,0.0275108452115349,400.0,0.0,0.0,0.0,0.0,{}
RotatedBox10,10,JADE-NCV,6,400,1.0,0,401,inf,0.2026587317479135,400.0,0.0,0.0,0.0,0.0,{}
RotatedBox10,10,JADE-NCV,7,400,1.0,1,396,11.984715020290476,0.0,400.0,0.0,0.0,0.0,0.0,{}
RotatedBox10,10,JADE-NCV,8,400,1.0,0,401,inf,0.1227452606533519,400.0,0.0,0.0,0.0,0.0,{}
RotatedBox10,10,JADE-NCV,9,400,1.0,1,327,9.135916975228238,0.0,400.0,0.0,0.0,0.0,0.0,{}
RotatedBox10,10,JADE-NCV,10,400,1.0,0,401,inf,0.0142228305796405,400.0,0.0,0.0,0.0,0.0,{}
RotatedBox10,10,JADE-NCV,11,400,1.0,0,401,inf,0.1049367379362603,400.0,0.0,0.0,0.0,0.0,{}
RotatedBox10,10,JADE-NCV,12,400,1.0,0,401,inf,0.0744909117779843,400.0,0.0,0.0,0.0,0.0,{}
RotatedBox10,10,JADE-NCV,13,400,1.0,0,401,inf,0.0558456542119715,400.0,0.0,0.0,0.0,0.0,{}
RotatedBox10,10,JADE-NCV,14,400,1.0,0,401,inf,0.1255710748520006,400.0,0.0,0.0,0.0,0.0,{}
RotatedBox10,10,JADE-NCV,15,400,1.0,0,401,inf,0.0782559807257604,400.0,0.0,0.0,0.0,0.0,{}
RotatedBox10,10,JADE-NCV,16,400,1.0,0,401,inf,0.0231851833533438,400.0,0.0,0.0,0.0,0.0,{}
RotatedBox10,10,JADE-NCV,17,400,1.0,0,401,inf,0.0188566893342107,400.0,0.0,0.0,0.0,0.0,{}
RotatedBox10,10,JADE-NCV,18,400,1.0,0,401,inf,0.1090909251476966,400.0,0.0,0.0,0.0,0.0,{}
RotatedBox10,10,JADE-NCV,19,400,1.0,0,401,inf,0.0018067144654322,400.0,0.0,0.0,0.0,0.0,{}
RotatedBox10,10,JADE-NCV,20,400,1.0,0,401,inf,0.1847508113176337,400.0,0.0,0.0,0.0,0.0,{}
RotatedBox10,10,JADE-NCV,21,400,1.0,1,385,12.220701754291646,0.0,400.0,0.0,0.0,0.0,0.0,{}
RotatedBox10,10,JADE-NCV,22,400,1.0,0,401,inf,0.0888510871319981,400.0,0.0,0.0,0.0,0.0,{}
RotatedBox10,10,JADE-NCV,23,400,1.0,1,396,8.680879483351548,0.0,400.0,0.0,0.0,0.0,0.0,{}
RotatedBox10,10,JADE-NCV,24,400,1.0,0,401,inf,0.1468521838927476,400.0,0.0,0.0,0.0,0.0,{}
RotatedBox10,10,JADE-NCV,25,400,1.0,0,401,inf,0.2013816611949697,400.0,0.0,0.0,0.0,0.0,{}
RotatedBox10,10,JADE-NCV,26,400,1.0,0,401,inf,0.2224745913992203,400.0,0.0,0.0,0.0,0.0,{}
RotatedBox10,10,JADE-NCV,27,400,1.0,0,401,inf,0.01293471775127,400.0,0.0,0.0,0.0,0.0,{}
RotatedBox10,10,JADE-NCV,28,400,1.0,0,401,inf,0.0919677448400061,400.0,0.0,0.0,0.0,0.0,{}
RotatedBox10,10,JADE-NCV,29,400,1.0,0,401,inf,0.0614796386784468,400.0,0.0,0.0,0.0,0.0,{}
RotatedBox10,10,UCB-Objective,0,400,1.0,1,196,6.187993843663746,0.0,405.88618962431394,46.03406459256475,0.0469118006191883,0.4162507247360524,1.591244307956341,"{""rand1"": 78, ""pbest"": 80, ""closure"": 46, ""local"": 78, ""consensus"": 78}"
RotatedBox10,10,UCB-Objective,1,400,1.0,1,272,5.296541331778001,0.0,407.022429612513,47.86026588673448,0.0758068098879553,0.3178243874795599,1.5575216347724976,"{""rand1"": 81, ""pbest"": 82, ""closure"": 30, ""local"": 84, ""consensus"": 83}"
RotatedBox10,10,UCB-Objective,2,400,1.0,1,207,5.545333704104941,0.0,407.3714508813528,45.9271734448052,0.0525324281024457,0.2068647822908556,1.586338641008592,"{""rand1"": 78, ""pbest"": 79, ""closure"": 43, ""local"": 78, ""consensus"": 82}"
RotatedBox10,10,UCB-Objective,3,400,1.0,1,260,4.74288309041895,0.0,406.4543110464592,46.96255252341181,0.0721494286505719,0.2848899191174233,1.5654461114243805,"{""rand1"": 81, ""pbest"": 82, ""closure"": 33, ""local"": 80, ""consensus"": 84}"
RotatedBox10,10,UCB-Objective,4,400,1.0,1,310,9.85080887398366,0.0,407.762687534067,48.83716749011882,0.0854900721388084,0.0914777982324302,1.5387059442189726,"{""rand1"": 86, ""pbest"": 84, ""closure"": 24, ""local"": 83, ""consensus"": 83}"
RotatedBox10,10,UCB-Objective,5,400,1.0,1,288,5.003647183511242,0.0,408.9772604185203,50.39889671862051,0.0816921885812452,0.2530657881111602,1.5517795645796664,"{""rand1"": 83, ""pbest"": 83, ""closure"": 28, ""local"": 83, ""consensus"": 83}"
RotatedBox10,10,UCB-Objective,6,400,1.0,1,303,6.031624071946798,0.0,409.4649673286765,48.30207815407156,0.0845348167964399,0.1328136433036614,1.5422109776242174,"{""rand1"": 84, ""pbest"": 84, ""closure"": 25, ""local"": 84, ""consensus"": 83}"
RotatedBox10,10,UCB-Objective,7,400,1.0,1,252,6.40789188792533,0.0,407.2587892607573,48.25190378075914,0.0691133137926268,0.2571460109015634,1.572713603975338,"{""rand1"": 81, ""pbest"": 81, ""closure"": 36, ""local"": 80, ""consensus"": 82}"
RotatedBox10,10,UCB-Objective,8,400,1.0,1,311,7.555422100215482,0.0,405.55436546780265,47.92957512719316,0.0858054318586208,0.1753894201358704,1.5387716942756504,"{""rand1"": 84, ""pbest"": 84, ""closure"": 24, ""local"": 85, ""consensus"": 83}"
RotatedBox10,10,UCB-Objective,9,400,1.0,1,208,5.259720397012826,0.0,405.3263609858235,45.87937390450955,0.0525337154939054,0.3121072745658543,1.5863720450478511,"{""rand1"": 79, ""pbest"": 80, ""closure"": 43, ""local"": 77, ""consensus"": 81}"
RotatedBox10,10,UCB-Objective,10,400,1.0,1,252,7.545746990427024,0.0,406.8502371135717,43.26868351309081,0.0694171523768424,0.2204113392201149,1.5702694860855544,"{""rand1"": 81, ""pbest"": 80, ""closure"": 35, ""local"": 84, ""consensus"": 80}"
RotatedBox10,10,UCB-Objective,11,400,1.0,1,183,5.917064336612853,0.0,405.63425927767946,47.00165037588148,0.0421669883032185,0.4024406221998047,1.5952891280956718,"{""rand1"": 77, ""pbest"": 76, ""closure"": 49, ""local"": 78, ""consensus"": 80}"
RotatedBox10,10,UCB-Objective,12,400,1.0,1,287,6.725253694561983,0.0,408.86326158971576,47.77459633077039,0.0807456966768521,0.1385496285470709,1.5547321739872964,"{""rand1"": 83, ""pbest"": 83, ""closure"": 29, ""local"": 83, ""consensus"": 82}"
RotatedBox10,10,UCB-Objective,13,400,1.0,1,252,4.591434022060357,0.0,405.4529919508551,48.7366935520532,0.0700273230291321,0.2203041559631234,1.5677810933531695,"{""rand1"": 80, ""pbest"": 80, ""closure"": 34, ""local"": 85, ""consensus"": 81}"
RotatedBox10,10,UCB-Objective,14,400,1.0,1,124,6.256301231887861,0.0,401.85733856136704,41.9490548054405,0.0211101299376985,0.4116273067245902,1.6051449520116323,"{""rand1"": 75, ""pbest"": 75, ""closure"": 59, ""local"": 75, ""consensus"": 76}"
RotatedBox10,10,UCB-Objective,15,400,1.0,1,191,5.664577224025519,0.0,403.4200558809912,43.37450752140759,0.0460140680592513,0.3462256784905863,1.591208694445085,"{""rand1"": 77, ""pbest"": 80, ""closure"": 46, ""local"": 78, ""consensus"": 79}"
RotatedBox10,10,UCB-Objective,16,400,1.0,1,304,7.141832992218971,0.0,410.0674852148202,49.90895729208827,0.0848200776914225,0.2283434851855904,1.5387386247114343,"{""rand1"": 83, ""pbest"": 83, ""closure"": 24, ""local"": 85, ""consensus"": 85}"
RotatedBox10,10,UCB-Objective,17,400,1.0,1,199,4.231371805463979,0.0,404.9082086168367,45.962488790091214,0.0494550187782291,0.361660679835122,1.5879402247794965,"{""rand1"": 80, ""pbest"": 79, ""closure"": 44, ""local"": 76, ""consensus"": 81}"
RotatedBox10,10,UCB-Objective,18,400,1.0,1,272,5.239358525754936,0.0,407.3910781861174,45.243508180504506,0.075523262224791,0.1764803489453857,1.5603192980129026,"{""rand1"": 81, ""pbest"": 83, ""closure"": 31, ""local"": 82, ""consensus"": 83}"
RotatedBox10,10,UCB-Objective,19,400,1.0,1,267,6.866879367282064,0.0,408.1323706827098,45.96448102438782,0.0734910921102264,0.1947992879757585,1.5629938719598395,"{""rand1"": 82, ""pbest"": 81, ""closure"": 32, ""local"": 82, ""consensus"": 83}"
RotatedBox10,10,UCB-Objective,20,400,1.0,1,267,5.921845145256652,0.0,406.4935364945394,49.77113468583353,0.0734910921102264,0.1769157070769973,1.5629938719598393,"{""rand1"": 81, ""pbest"": 83, ""closure"": 32, ""local"": 82, ""consensus"": 82}"
RotatedBox10,10,UCB-Objective,21,400,1.0,1,240,5.985558089294669,0.0,406.29276645751605,49.74007406211696,0.0664080719145337,0.1987007476934709,1.5769980731375328,"{""rand1"": 81, ""pbest"": 82, ""closure"": 38, ""local"": 79, ""consensus"": 80}"
RotatedBox10,10,UCB-Objective,22,400,1.0,1,139,6.580775503328004,0.0,401.3023233695333,40.85358567600117,0.024555415833217,0.4675268706966481,1.6044363109899855,"{""rand1"": 75, ""pbest"": 76, ""closure"": 58, ""local"": 75, ""consensus"": 76}"
RotatedBox10,10,UCB-Objective,23,400,1.0,1,268,9.092801978345673,0.0,407.17866385480295,46.70212282915356,0.0745690462308527,0.1659276723921651,1.5629938719598395,"{""rand1"": 82, ""pbest"": 82, ""closure"": 32, ""local"": 81, ""consensus"": 83}"
RotatedBox10,10,UCB-Objective,24,400,1.0,1,239,6.539454038732883,0.0,406.45238800974784,46.47592547514749,0.066834294058447,0.2777419796294569,1.572506530012761,"{""rand1"": 78, ""pbest"": 83, ""closure"": 36, ""local"": 82, ""consensus"": 81}"
RotatedBox10,10,UCB-Objective,25,400,1.0,1,287,6.698773305601523,0.0,407.6479875640682,49.01986619644218,0.0807456966768521,0.2153186849322652,1.5547321739872966,"{""rand1"": 83, ""pbest"": 83, ""closure"": 29, ""local"": 82, ""consensus"": 83}"
RotatedBox10,10,UCB-Objective,26,400,1.0,1,231,5.061142516113984,0.0,406.3441461986432,47.91731569612643,0.0602598912848578,0.2737848884352188,1.579047019318376,"{""rand1"": 80, ""pbest"": 79, ""closure"": 39, ""local"": 80, ""consensus"": 82}"
RotatedBox10,10,UCB-Objective,27,400,1.0,1,299,7.610124649110029,0.0,409.8633410425415,47.65770879450593,0.0835895868681194,0.1233366328418802,1.545506050648849,"{""rand1"": 84, ""pbest"": 83, ""closure"": 26, ""local"": 83, ""consensus"": 84}"
RotatedBox10,10,UCB-Objective,28,400,1.0,1,268,5.713221559741214,0.0,406.71735588133816,52.428682590557685,0.0751932074841823,0.1873093228254966,1.5572538323469278,"{""rand1"": 83, ""pbest"": 80, ""closure"": 30, ""local"": 81, ""consensus"": 86}"
RotatedBox10,10,UCB-Objective,29,400,1.0,1,140,5.71264615855466,0.0,401.2754770016413,39.68063213324111,0.0270897424599979,0.3137543077695179,1.6036797748749445,"{""rand1"": 75, ""pbest"": 76, ""closure"": 57, ""local"": 76, ""consensus"": 76}"
RotatedBox10,10,UCB-Success,0,400,1.0,1,231,5.153768582463624,0.0,421.122142600262,60.23950840087013,0.1382666668237813,0.4377860619239929,1.391765546342584,"{""rand1"": 31, ""pbest"": 40, ""closure"": 43, ""local"": 76, ""consensus"": 170}"
RotatedBox10,10,UCB-Success,1,400,1.0,1,226,4.968037210770209,0.0,421.0203080840878,57.3284089358695,0.1535034163512605,0.2835333417251923,1.361297940638929,"{""rand1"": 16, ""pbest"": 46, ""closure"": 64, ""local"": 61, ""consensus"": 173}"
RotatedBox10,10,UCB-Success,2,400,1.0,1,218,7.237575296971255,0.0,419.4620282703379,56.726028558003705,0.1525041119718313,0.4634582568659647,1.3942045519564277,"{""rand1"": 33, ""pbest"": 42, ""closure"": 57, ""local"": 53, ""consensus"": 175}"
RotatedBox10,10,UCB-Success,3,400,1.0,1,192,4.807006058377323,0.0,416.3607327963349,58.0918409941473,0.1212970927715318,0.2678067357479122,1.431101633636127,"{""rand1"": 27, ""pbest"": 54, ""closure"": 56, ""local"": 62, ""consensus"": 161}"
RotatedBox10,10,UCB-Success,4,400,1.0,1,245,6.923395225482367,0.0,425.52938341062753,51.87898519384281,0.181604859024934,0.480064960394575,1.3225817378719222,"{""rand1"": 31, ""pbest"": 34, ""closure"": 44, ""local"": 59, ""consensus"": 192}"
RotatedBox10,10,UCB-Success,5,400,1.0,1,231,4.92005628182698,0.0,420.6372694841919,55.14958747585837,0.1584067133764045,0.4043482926841247,1.3790912760395615,"{""rand1"": 30, ""pbest"": 34, ""closure"": 56, ""local"": 65, ""consensus"": 175}"
RotatedBox10,10,UCB-Success,6,400,1.0,1,206,5.806512195073699,0.0,423.6561107954333,54.85277719455898,0.1633628010798772,0.6468520574712524,1.322219374351721,"{""rand1"": 23, ""pbest"": 40, ""closure"": 59, ""local"": 48, ""consensus"": 190}"
RotatedBox10,10,UCB-Success,7,400,1.0,1,201,6.706044960838258,0.0,422.0499495877908,54.99375750944316,0.148764482291314,0.3424211508422035,1.3540375992460558,"{""rand1"": 32, ""pbest"": 27, ""closure"": 55, ""local"": 66, ""consensus"": 180}"
RotatedBox10,10,UCB-Success,8,400,1.0,1,257,4.907855490082337,0.0,420.8877075841536,51.79860967380871,0.1807145030573275,0.3643017742942079,1.3535342059864752,"{""rand1"": 37, ""pbest"": 28, ""closure"": 62, ""local"": 50, ""consensus"": 183}"
RotatedBox10,10,UCB-Success,9,400,1.0,1,217,6.21106923866733,0.0,423.8210680956981,61.26776266978942,0.1451715496455012,0.3539158139158139,1.3532031901418176,"{""rand1"": 30, ""pbest"": 35, ""closure"": 55, ""local"": 56, ""consensus"": 184}"
RotatedBox10,10,UCB-Success,10,400,1.0,1,211,6.185445891933411,0.0,417.6330841621688,53.350499477650544,0.1370126137164141,0.3823777712718536,1.428270808556515,"{""rand1"": 32, ""pbest"": 55, ""closure"": 63, ""local"": 46, ""consensus"": 164}"
RotatedBox10,10,UCB-Success,11,400,1.0,1,186,5.646639139983616,0.0,422.9117320297563,56.52389166746543,0.1458451981292099,0.4576221634371212,1.3492825196627989,"{""rand1"": 27, ""pbest"": 32, ""closure"": 60, ""local"": 59, ""consensus"": 182}"
RotatedBox10,10,UCB-Success,12,400,1.0,1,163,4.74498753826947,0.0,420.13604428558585,57.284778529807184,0.1256809092611191,0.3660659630224847,1.4061245021635709,"{""rand1"": 30, ""pbest"": 44, ""closure"": 61, ""local"": 55, ""consensus"": 170}"
RotatedBox10,10,UCB-Success,13,400,1.0,1,188,7.455174004189303,0.0,417.9536249365837,56.916509297184696,0.1271075828557541,0.2553283789609175,1.4157683090955135,"{""rand1"": 29, ""pbest"": 41, ""closure"": 61, ""local"": 64, ""consensus"": 165}"
RotatedBox10,10,UCB-Success,14,400,1.0,1,260,5.198769568738213,0.0,430.4074493163868,53.634879616783714,0.2124842064121874,0.4698402798402797,1.2087925033782725,"{""rand1"": 19, ""pbest"": 34, ""closure"": 39, ""local"": 53, ""consensus"": 215}"
RotatedBox10,10,UCB-Success,15,400,1.0,1,183,4.424368733067443,0.0,425.5742410588788,53.37844392612206,0.1849814733358431,0.4164715710845742,1.2502445846203507,"{""rand1"": 16, ""pbest"": 45, ""closure"": 60, ""local"": 36, ""consensus"": 203}"
RotatedBox10,10,UCB-Success,16,400,1.0,1,184,7.504161233036338,0.0,416.63844891262187,53.24690906602849,0.124837634308896,0.2443957309893317,1.4322084672823423,"{""rand1"": 27, ""pbest"": 45, ""closure"": 71, ""local"": 59, ""consensus"": 158}"
RotatedBox10,10,UCB-Success,17,400,1.0,1,177,4.31304118321793,0.0,426.9362073026063,59.496306905563486,0.1772264388727416,0.4723121503614167,1.231560608271415,"{""rand1"": 21, ""pbest"": 25, ""closure"": 56, ""local"": 50, ""consensus"": 208}"
RotatedBox10,10,UCB-Success,18,400,1.0,1,291,6.792533946342816,0.0,421.2644800796846,51.81558483593395,0.1765183898900569,0.1528827982053789,1.3740988897108024,"{""rand1"": 25, ""pbest"": 40, ""closure"": 49, ""local"": 72, ""consensus"": 174}"
RotatedBox10,10,UCB-Success,19,400,1.0,1,211,4.6396385390924975,0.0,422.43694683178177,56.5909782765556,0.1770889180189168,0.4260273680567797,1.3446778479388517,"{""rand1"": 20, ""pbest"": 56, ""closure"": 53, ""local"": 48, ""consensus"": 183}"
RotatedBox10,10,UCB-Success,20,400,1.0,1,182,3.907536646006101,0.0,421.1565875189595,61.47503147281292,0.1453279037370879,0.2513406593406593,1.3646426404097698,"{""rand1"": 22, ""pbest"": 44, ""closure"": 66, ""local"": 51, ""consensus"": 177}"
RotatedBox10,10,UCB-Success,21,400,1.0,1,161,5.926129510671453,0.0,419.3004448927255,59.95201146178809,0.1404309968890255,0.4008705738705739,1.3635484869874903,"{""rand1"": 23, ""pbest"": 32, ""closure"": 72, ""local"": 60, ""consensus"": 173}"
RotatedBox10,10,UCB-Success,22,400,1.0,1,255,6.310057193578565,0.0,428.9729083574426,62.84956448752836,0.2070498116158705,0.3273949579831933,1.2340098894958218,"{""rand1"": 27, ""pbest"": 25, ""closure"": 42, ""local"": 56, ""consensus"": 210}"
RotatedBox10,10,UCB-Success,23,400,1.0,1,210,4.490147672132537,0.0,419.6735179346474,56.932074378176445,0.1444689722321685,0.3637655514863644,1.3817240148627732,"{""rand1"": 20, ""pbest"": 49, ""closure"": 55, ""local"": 65, ""consensus"": 171}"
RotatedBox10,10,UCB-Success,24,400,1.0,1,207,5.330232712500292,0.0,423.4452243811034,59.587851548335465,0.1683830375074507,0.3364727911733357,1.3163723676393415,"{""rand1"": 28, ""pbest"": 30, ""closure"": 62, ""local"": 49, ""consensus"": 191}"
RotatedBox10,10,UCB-Success,25,400,1.0,1,193,6.085145935554792,0.0,421.6174440821409,60.2504747437116,0.1479617642448731,0.273586683302672,1.366510733546048,"{""rand1"": 29, ""pbest"": 37, ""closure"": 54, ""local"": 60, ""consensus"": 180}"
RotatedBox10,10,UCB-Success,26,400,1.0,1,234,6.851752145133579,0.0,419.383264667418,52.286292605087546,0.1304381335084308,0.5177200062648979,1.4376630926640592,"{""rand1"": 34, ""pbest"": 30, ""closure"": 65, ""local"": 80, ""consensus"": 151}"
RotatedBox10,10,UCB-Success,27,400,1.0,1,260,6.420856276358828,0.0,418.8223288145793,52.60167277830777,0.1580935442744613,0.2349357235057032,1.4022634177197264,"{""rand1"": 28, ""pbest"": 47, ""closure"": 39, ""local"": 83, ""consensus"": 163}"
RotatedBox10,10,UCB-Success,28,400,1.0,1,171,5.270491679664719,0.0,416.5239512857326,57.18099440372237,0.1072192012733546,0.1660871896806561,1.4313510758852577,"{""rand1"": 27, ""pbest"": 34, ""closure"": 70, ""local"": 78, ""consensus"": 151}"
RotatedBox10,10,UCB-Success,29,400,1.0,1,217,6.999394167929617,0.0,417.3385396822136,55.90932453213481,0.1331261035539979,0.2694941664226377,1.3932433941344695,"{""rand1"": 24, ""pbest"": 33, ""closure"": 63, ""local"": 77, ""consensus"": 163}"
RotatedBox10,10,UCB-Violation,0,400,1.0,1,248,5.182276471896218,0.0,412.390796777783,50.55485270138724,0.1273220943769105,0.3417207469949406,1.506975374191454,"{""rand1"": 44, ""pbest"": 55, ""closure"": 44, ""local"": 83, ""consensus"": 134}"
RotatedBox10,10,UCB-Violation,1,400,1.0,1,235,6.214952476853064,0.0,406.7957612552791,51.28946203929667,0.1042787388818539,0.4503187178960413,1.535487208272266,"{""rand1"": 39, ""pbest"": 57, ""closure"": 54, ""local"": 109, ""consensus"": 101}"
RotatedBox10,10,UCB-Violation,2,400,1.0,1,255,7.636704471812976,0.0,404.410408177269,49.8722728232502,0.1153007227369578,0.3759418247331643,1.5205378333620785,"{""rand1"": 45, ""pbest"": 60, ""closure"": 41, ""local"": 123, ""consensus"": 91}"
RotatedBox10,10,UCB-Violation,3,400,1.0,1,233,5.661744888685672,0.0,407.46328016161664,54.3249138798471,0.0970283327217521,0.575196020840444,1.549921696450731,"{""rand1"": 50, ""pbest"": 52, ""closure"": 53, ""local"": 96, ""consensus"": 109}"
RotatedBox10,10,UCB-Violation,4,400,1.0,1,297,7.918188803586512,0.0,408.8765015819879,49.58639213895903,0.1213868985884103,0.2446329483850706,1.5159048801719857,"{""rand1"": 47, ""pbest"": 57, ""closure"": 38, ""local"": 119, ""consensus"": 99}"
RotatedBox10,10,UCB-Violation,5,400,1.0,1,286,7.660497127666657,0.0,403.7757019746726,47.532621084612096,0.1352704851413459,0.2540682310482571,1.5003987088386253,"{""rand1"": 55, ""pbest"": 51, ""closure"": 35, ""local"": 133, ""consensus"": 86}"
RotatedBox10,10,UCB-Violation,6,400,1.0,1,198,6.107140312788395,0.0,402.94367741253126,49.44260120952021,0.0919053019698886,0.4020489598055314,1.5544128488481137,"{""rand1"": 47, ""pbest"": 58, ""closure"": 54, ""local"": 110, ""consensus"": 91}"
RotatedBox10,10,UCB-Violation,7,400,1.0,1,226,7.56302818244186,0.0,409.2405418559351,50.94895443400442,0.1044426317490051,0.3703464390461294,1.53697370658177,"{""rand1"": 46, ""pbest"": 58, ""closure"": 49, ""local"": 86, ""consensus"": 121}"
RotatedBox10,10,UCB-Violation,8,400,1.0,1,278,6.756668400640334,0.0,400.8920576436553,45.65760796178044,0.1207844407860984,0.2389004561890178,1.5183496656786546,"{""rand1"": 44, ""pbest"": 65, ""closure"": 40, ""local"": 126, ""consensus"": 85}"
RotatedBox10,10,UCB-Violation,9,400,1.0,1,171,4.0717886593634285,0.0,396.9552950768545,47.93919303131643,0.0855497439453434,0.3963606976604154,1.5628697717514206,"{""rand1"": 55, ""pbest"": 52, ""closure"": 68, ""local"": 116, ""consensus"": 69}"
RotatedBox10,10,UCB-Violation,10,400,1.0,1,251,5.125319644649158,0.0,409.8966150692783,54.10166105675147,0.1114314879490223,0.3901883282957451,1.5320684436061396,"{""rand1"": 44, ""pbest"": 64, ""closure"": 46, ""local"": 83, ""consensus"": 123}"
RotatedBox10,10,UCB-Violation,11,400,1.0,1,243,7.551767172259424,0.0,406.0215685275987,54.10206087426084,0.1066685250055278,0.5161250114364686,1.5397484785337,"{""rand1"": 43, ""pbest"": 59, ""closure"": 49, ""local"": 105, ""consensus"": 104}"
RotatedBox10,10,UCB-Violation,12,400,1.0,1,243,5.484802502332441,0.0,405.5603671011398,56.72371445342694,0.1077021307143891,0.1553322539529436,1.5309476015977077,"{""rand1"": 57, ""pbest"": 57, ""closure"": 36, ""local"": 113, ""consensus"": 97}"
RotatedBox10,10,UCB-Violation,13,400,1.0,1,275,8.611661062199182,0.0,398.422657773893,52.6222808629401,0.1310715806516275,0.5440139887828238,1.503601370611518,"{""rand1"": 59, ""pbest"": 59, ""closure"": 35, ""local"": 138, ""consensus"": 69}"
RotatedBox10,10,UCB-Violation,14,400,1.0,1,302,5.11999945551988,0.0,410.7242234843163,49.34060066522177,0.124908573303917,0.2938139345441576,1.49583758193801,"{""rand1"": 51, ""pbest"": 58, ""closure"": 29, ""local"": 99, ""consensus"": 123}"
RotatedBox10,10,UCB-Violation,15,400,1.0,1,175,4.650857129852651,0.0,399.238786069871,51.5412158370023,0.0597991960923966,0.5205708529964823,1.5844591296028805,"{""rand1"": 49, ""pbest"": 60, ""closure"": 75, ""local"": 94, ""consensus"": 82}"
RotatedBox10,10,UCB-Violation,16,400,1.0,1,211,5.336406602690358,0.0,404.73469152668486,58.32175657120796,0.0943644070603047,0.5949011252875025,1.5468050924420065,"{""rand1"": 44, ""pbest"": 53, ""closure"": 57, ""local"": 102, ""consensus"": 104}"
RotatedBox10,10,UCB-Violation,17,400,1.0,1,290,5.375507955107774,0.0,410.52605491372896,49.1908370095818,0.1193245270423358,0.2433784267851599,1.5069781657023973,"{""rand1"": 47, ""pbest"": 67, ""closure"": 31, ""local"": 94, ""consensus"": 121}"
RotatedBox10,10,UCB-Violation,18,400,1.0,1,213,5.051641440468842,0.0,397.3059383817279,54.91746832537884,0.1236824299258183,0.3922225457803,1.5112463294120613,"{""rand1"": 43, ""pbest"": 62, ""closure"": 53, ""local"": 139, ""consensus"": 63}"
RotatedBox10,10,UCB-Violation,19,400,1.0,1,194,5.464602273977268,0.0,400.1591296737219,55.590783228338935,0.1024965604397406,0.5370394088376274,1.5441290714510008,"{""rand1"": 46, ""pbest"": 64, ""closure"": 53, ""local"": 123, ""consensus"": 74}"
RotatedBox10,10,UCB-Violation,20,400,1.0,1,165,5.847076552361247,0.0,406.2450529103206,57.60662304106116,0.0856276588411905,0.3250255407674762,1.5604205488223917,"{""rand1"": 55, ""pbest"": 46, ""closure"": 76, ""local"": 70, ""consensus"": 113}"
RotatedBox10,10,UCB-Violation,21,400,1.0,1,270,7.555193295031884,0.0,406.6506932599098,51.5369861455976,0.1173774015013139,0.3564324219303182,1.513793391363619,"{""rand1"": 46, ""pbest"": 61, ""closure"": 35, ""local"": 109, ""consensus"": 109}"
RotatedBox10,10,UCB-Violation,22,400,1.0,1,253,6.406952746734213,0.0,404.799684308388,51.80004502898831,0.1104007172051208,0.255146235379645,1.540475126135695,"{""rand1"": 49, ""pbest"": 48, ""closure"": 53, ""local"": 109, ""consensus"": 101}"
RotatedBox10,10,UCB-Violation,23,400,1.0,1,219,6.46945599575119,0.0,401.3264954832296,50.20581386003765,0.1094297921040694,0.4986311309373828,1.5312500444514758,"{""rand1"": 48, ""pbest"": 59, ""closure"": 47, ""local"": 127, ""consensus"": 79}"
RotatedBox10,10,UCB-Violation,24,400,1.0,1,201,6.38022709705631,0.0,399.275364983271,51.85490185896676,0.0978933244831285,0.4317761357416529,1.5483011682088046,"{""rand1"": 50, ""pbest"": 49, ""closure"": 66, ""local"": 121, ""consensus"": 74}"
RotatedBox10,10,UCB-Violation,25,400,1.0,1,243,9.080846688803932,0.0,401.9275440405502,53.08662145654883,0.1206855699446054,0.4250717240791578,1.5227265415886335,"{""rand1"": 51, ""pbest"": 54, ""closure"": 42, ""local"": 126, ""consensus"": 87}"
RotatedBox10,10,UCB-Violation,26,400,1.0,1,372,8.04936020486837,0.0,411.8298033963569,48.97075737201894,0.1355128691994892,0.150735294117647,1.4344276112285166,"{""rand1"": 59, ""pbest"": 53, ""closure"": 14, ""local"": 123, ""consensus"": 111}"
RotatedBox10,10,UCB-Violation,27,400,1.0,1,250,6.567803825151251,0.0,407.4536180426813,52.130184539490166,0.1151239092504726,0.27274822497619,1.521788208222329,"{""rand1"": 46, ""pbest"": 57, ""closure"": 40, ""local"": 108, ""consensus"": 109}"
RotatedBox10,10,UCB-Violation,28,400,1.0,1,232,5.249555463659714,0.0,413.5505532594512,54.00620846535424,0.1250547113310271,0.3245070183769875,1.5103673725030478,"{""rand1"": 45, ""pbest"": 45, ""closure"": 50, ""local"": 92, ""consensus"": 128}"
RotatedBox10,10,UCB-Violation,29,400,1.0,1,263,5.916832818716172,0.0,404.4445218148751,48.41494153729617,0.0885467480152546,0.4062652380299439,1.562821041385881,"{""rand1"": 49, ""pbest"": 76, ""closure"": 45, ""local"": 96, ""consensus"": 94}"
RotatedEllipsoid20,20,DCAS,0,400,1.0,1,166,13.096373649652405,0.0,414.2819576089853,78.94973001108899,0.0494091296115539,0.369438982070561,1.590443463460562,"{""rand1"": 56, ""pbest"": 59, ""closure"": 68, ""local"": 87, ""consensus"": 90}"
RotatedEllipsoid20,20,DCAS,1,400,1.0,1,182,16.428098604826527,0.0,419.778887820201,72.77431540495647,0.0735208525629116,0.5428769057029927,1.563485500776396,"{""rand1"": 51, ""pbest"": 61, ""closure"": 53, ""local"": 86, ""consensus"": 109}"
RotatedEllipsoid20,20,DCAS,2,400,1.0,1,165,12.029360067285012,0.0,416.0851761681545,78.33530257895298,0.0490105541822274,0.4602824822236586,1.5801400540464456,"{""rand1"": 52, ""pbest"": 56, ""closure"": 70, ""local"": 100, ""consensus"": 82}"
RotatedEllipsoid20,20,DCAS,3,400,1.0,1,144,15.4979393400347,0.0,418.08283855035535,77.95265939149644,0.0515251884096894,0.2501135190918472,1.5824028360858988,"{""rand1"": 54, ""pbest"": 61, ""closure"": 61, ""local"": 86, ""consensus"": 98}"
RotatedEllipsoid20,20,DCAS,4,400,1.0,1,140,11.43848194068892,0.0,417.2799478891872,85.10454131411016,0.0649373862749779,0.2259340659340659,1.5513713142150776,"{""rand1"": 42, ""pbest"": 51, ""closure"": 67, ""local"": 105, ""consensus"": 95}"
RotatedEllipsoid20,20,DCAS,5,400,1.0,1,151,13.150979761759674,0.0,416.0943402356835,81.55748284837351,0.052869829583323,0.4059340659340659,1.5803198180997626,"{""rand1"": 58, ""pbest"": 51, ""closure"": 66, ""local"": 93, ""consensus"": 92}"
RotatedEllipsoid20,20,DCAS,6,400,1.0,1,132,7.837820248507686,0.0,414.0766766148591,74.0083081803757,0.0450425741876167,0.5067897320071233,1.5927291537667474,"{""rand1"": 55, ""pbest"": 60, ""closure"": 72, ""local"": 85, ""consensus"": 88}"
RotatedEllipsoid20,20,DCAS,7,400,1.0,1,231,21.294841111226813,0.0,420.7245435053901,64.18939992318892,0.0814997778450256,0.5973230690877751,1.5547604687500782,"{""rand1"": 50, ""pbest"": 62, ""closure"": 47, ""local"": 96, ""consensus"": 105}"
RotatedEllipsoid20,20,DCAS,8,400,1.0,1,135,22.31324897445497,0.0,414.3956707532642,74.74597890139037,0.0485376732082141,0.5599999999999999,1.5897598985446402,"{""rand1"": 55, ""pbest"": 66, ""closure"": 68, ""local"": 72, ""consensus"": 99}"
RotatedEllipsoid20,20,DCAS,9,400,1.0,1,184,6.186882556955563,0.0,418.1816816968678,82.58501481748031,0.0697127034389415,0.4708300395256917,1.5685875893634105,"{""rand1"": 55, ""pbest"": 68, ""closure"": 46, ""local"": 93, ""consensus"": 98}"
RotatedEllipsoid20,20,DCAS,10,400,1.0,1,175,13.905240470830554,0.0,418.6750241188009,78.53384514887944,0.0568287197817727,0.6894596273291926,1.584061586503676,"{""rand1"": 50, ""pbest"": 62, ""closure"": 67, ""local"": 88, ""consensus"": 93}"
RotatedEllipsoid20,20,DCAS,11,400,1.0,1,177,14.742845563947732,0.0,416.5244238810368,73.84937815313653,0.0565626861563717,0.3183346065699007,1.592698791658942,"{""rand1"": 57, ""pbest"": 61, ""closure"": 68, ""local"": 81, ""consensus"": 93}"
RotatedEllipsoid20,20,DCAS,12,400,1.0,1,89,21.90611419381403,0.0,407.3306941558831,67.58591982129134,0.0524249328083872,0.4596070596070596,1.59658116303978,"{""rand1"": 58, ""pbest"": 64, ""closure"": 89, ""local"": 82, ""consensus"": 67}"
RotatedEllipsoid20,20,DCAS,13,400,1.0,1,160,20.643051847182527,0.0,415.7291124199751,83.17673364926627,0.0561843150606445,0.2462464985994397,1.5775264816160144,"{""rand1"": 44, ""pbest"": 70, ""closure"": 64, ""local"": 89, ""consensus"": 93}"
RotatedEllipsoid20,20,DCAS,14,400,1.0,1,136,7.935981216355086,0.0,414.5511770642863,85.61729896276364,0.050522931175521,0.1923809523809523,1.5782144285144355,"{""rand1"": 50, ""pbest"": 56, ""closure"": 69, ""local"": 96, ""consensus"": 89}"
RotatedEllipsoid20,20,DCAS,15,400,1.0,1,136,24.86928703167132,0.0,412.3302992821929,67.22007471397427,0.0534606231086809,0.6206695222935632,1.5839429754312289,"{""rand1"": 52, ""pbest"": 53, ""closure"": 85, ""local"": 86, ""consensus"": 84}"
RotatedEllipsoid20,20,DCAS,16,400,1.0,1,182,25.921114251487943,0.0,415.34685067974254,75.36894033031597,0.0649839298205069,0.5940194150534708,1.560004647337116,"{""rand1"": 47, ""pbest"": 53, ""closure"": 65, ""local"": 110, ""consensus"": 85}"
RotatedEllipsoid20,20,DCAS,17,400,1.0,1,170,14.002879942903997,0.0,417.6218025479487,82.04693647296847,0.0627411555487482,0.1158823529411764,1.5653860872063303,"{""rand1"": 52, ""pbest"": 66, ""closure"": 48, ""local"": 101, ""consensus"": 93}"
RotatedEllipsoid20,20,DCAS,18,400,1.0,1,120,18.80421060190809,0.0,414.4786646211955,83.84865413072477,0.0365349220329687,0.5514285714285714,1.6015830428758804,"{""rand1"": 62, ""pbest"": 68, ""closure"": 68, ""local"": 73, ""consensus"": 89}"
RotatedEllipsoid20,20,DCAS,19,400,1.0,1,183,15.873721083017116,0.0,419.1117937935604,73.94616687465842,0.0546815198505031,0.4824650195006232,1.57816640227384,"{""rand1"": 54, ""pbest"": 61, ""closure"": 57, ""local"": 97, ""consensus"": 91}"
RotatedEllipsoid20,20,DCAS,20,400,1.0,1,124,10.95509806766147,0.0,412.4681226965436,81.19476714519585,0.053506826949214,0.2152380952380952,1.5865820757177869,"{""rand1"": 46, ""pbest"": 65, ""closure"": 82, ""local"": 81, ""consensus"": 86}"
RotatedEllipsoid20,20,DCAS,21,400,1.0,1,154,18.94266026897826,0.0,415.2412612111787,72.1083719896565,0.0487141040085438,0.2615183052241875,1.5886600163090134,"{""rand1"": 52, ""pbest"": 59, ""closure"": 74, ""local"": 87, ""consensus"": 88}"
RotatedEllipsoid20,20,DCAS,22,400,1.0,1,102,9.730835317967346,0.0,412.8195788734682,77.86784481919533,0.0458980027101394,0.3893706293706294,1.592110837750221,"{""rand1"": 54, ""pbest"": 58, ""closure"": 81, ""local"": 85, ""consensus"": 82}"
RotatedEllipsoid20,20,DCAS,23,400,1.0,1,116,13.537253166824918,0.0,414.8625077627983,77.60115475114304,0.0557108200027664,0.2373626373626373,1.578041121355908,"{""rand1"": 55, ""pbest"": 66, ""closure"": 80, ""local"": 55, ""consensus"": 104}"
RotatedEllipsoid20,20,DCAS,24,400,1.0,1,163,14.984569209315229,0.0,413.3936827910357,76.53361599657141,0.0499098744089664,0.6119214119214119,1.5807251344301725,"{""rand1"": 50, ""pbest"": 57, ""closure"": 73, ""local"": 98, ""consensus"": 82}"
RotatedEllipsoid20,20,DCAS,25,400,1.0,1,123,7.198226124539154,0.0,412.11619971253,82.53909916478706,0.0522239412682251,0.1756043956043956,1.5776243150459106,"{""rand1"": 50, ""pbest"": 56, ""closure"": 77, ""local"": 102, ""consensus"": 75}"
RotatedEllipsoid20,20,DCAS,26,400,1.0,1,170,9.316146268313576,0.0,417.65585252244,78.2581775227665,0.055952775520219,0.3824262012497307,1.566597364055777,"{""rand1"": 52, ""pbest"": 55, ""closure"": 58, ""local"": 105, ""consensus"": 90}"
RotatedEllipsoid20,20,DCAS,27,400,1.0,1,142,15.825988846528936,0.0,409.72845428436455,72.91700474108221,0.0452954872071145,0.4724526247746062,1.5976303238779055,"{""rand1"": 60, ""pbest"": 65, ""closure"": 67, ""local"": 92, ""consensus"": 76}"
RotatedEllipsoid20,20,DCAS,28,400,1.0,1,123,11.190130416816404,0.0,413.5565848628076,81.25501426915342,0.048489810979725,0.1417715617715617,1.5710054914485925,"{""rand1"": 52, ""pbest"": 55, ""closure"": 65, ""local"": 108, ""consensus"": 80}"
RotatedEllipsoid20,20,DCAS,29,400,1.0,1,131,9.592762432839976,0.0,413.3742630553402,84.89334094013137,0.0571975237158062,0.2264935064935064,1.5745698384808695,"{""rand1"": 49, ""pbest"": 52, ""closure"": 77, ""local"": 98, ""consensus"": 84}"
RotatedEllipsoid20,20,DCAS-noClosure,0,400,1.0,1,166,10.07804933700775,0.0,421.8259461758285,67.50814601314981,0.1287547437322692,0.5821816906027433,1.3243726726015763,"{""rand1"": 56, ""pbest"": 64, ""closure"": 0, ""local"": 134, ""consensus"": 106}"
RotatedEllipsoid20,20,DCAS-noClosure,1,400,1.0,1,182,11.913439420093772,0.0,425.7952646912956,77.2768495749084,0.1334254446386885,0.1761904761904761,1.330854532206661,"{""rand1"": 61, ""pbest"": 60, ""closure"": 0, ""local"": 114, ""consensus"": 125}"
RotatedEllipsoid20,20,DCAS-noClosure,2,400,1.0,1,165,16.64008632077319,0.0,427.277749404164,70.8360527406959,0.1242840602995475,0.3254781136549768,1.349800880079557,"{""rand1"": 61, ""pbest"": 72, ""closure"": 0, ""local"": 108, ""consensus"": 119}"
RotatedEllipsoid20,20,DCAS-noClosure,3,400,1.0,1,144,11.23438485420297,0.0,426.6160192103393,79.46967420398914,0.1245363212741018,0.2813178126221604,1.342398241744526,"{""rand1"": 54, ""pbest"": 77, ""closure"": 0, ""local"": 109, ""consensus"": 120}"
RotatedEllipsoid20,20,DCAS-noClosure,4,400,1.0,1,140,8.250365910599271,0.0,426.82815230357465,71.13839067175518,0.1273769003358182,0.6675534143276078,1.3400374820349097,"{""rand1"": 61, ""pbest"": 65, ""closure"": 0, ""local"": 113, ""consensus"": 121}"
RotatedEllipsoid20,20,DCAS-noClosure,5,400,1.0,1,151,15.552937610396608,0.0,426.577876416972,75.88375723237121,0.1353535076515565,0.4717966477966477,1.334457675120111,"{""rand1"": 57, ""pbest"": 67, ""closure"": 0, ""local"": 110, ""consensus"": 126}"
RotatedEllipsoid20,20,DCAS-noClosure,6,400,1.0,1,132,9.33617537932815,0.0,425.3810074017537,66.615038294292,0.1199002197545483,0.6387316133104539,1.3482689837802784,"{""rand1"": 60, ""pbest"": 73, ""closure"": 0, ""local"": 105, ""consensus"": 122}"
RotatedEllipsoid20,20,DCAS-noClosure,7,400,1.0,1,231,8.784735243431815,0.0,422.7082215350292,73.47916056807306,0.1282156486944053,0.36888758300523,1.3236714401284466,"{""rand1"": 59, ""pbest"": 61, ""closure"": 0, ""local"": 136, ""consensus"": 104}"
RotatedEllipsoid20,20,DCAS-noClosure,8,400,1.0,1,135,16.197219370934572,0.0,425.6555748188744,75.50063746145779,0.1282648298421675,0.4209305477131564,1.3527645267523831,"{""rand1"": 66, ""pbest"": 73, ""closure"": 0, ""local"": 94, ""consensus"": 127}"
RotatedEllipsoid20,20,DCAS-noClosure,9,400,1.0,1,184,13.79255920658275,0.0,424.344561770529,67.2770303674307,0.1265245786070772,0.5513371752675658,1.353051777521121,"{""rand1"": 62, ""pbest"": 74, ""closure"": 0, ""local"": 104, ""consensus"": 120}"
RotatedEllipsoid20,20,DCAS-noClosure,10,400,1.0,1,175,24.5007876091424,0.0,431.9815360480095,67.9209316005885,0.1347337766256742,0.4291916151689826,1.333235365636497,"{""rand1"": 61, ""pbest"": 70, ""closure"": 0, ""local"": 90, ""consensus"": 139}"
RotatedEllipsoid20,20,DCAS-noClosure,11,400,1.0,1,177,22.263996410653675,0.0,424.3323368206417,70.46423599637409,0.1300877072648481,0.4792913572913573,1.3391028578167508,"{""rand1"": 57, ""pbest"": 70, ""closure"": 0, ""local"": 124, ""consensus"": 109}"
RotatedEllipsoid20,20,DCAS-noClosure,12,400,1.0,1,89,18.68379399981412,0.0,417.738652606181,55.76306016971936,0.1199742433100513,0.678307920142297,1.3558470131763734,"{""rand1"": 60, ""pbest"": 83, ""closure"": 0, ""local"": 121, ""consensus"": 96}"
RotatedEllipsoid20,20,DCAS-noClosure,13,400,1.0,1,160,14.032571791966207,0.0,427.52360862921694,72.36855570795731,0.1295993403270856,0.420898290350623,1.3216324581948184,"{""rand1"": 59, ""pbest"": 57, ""closure"": 0, ""local"": 122, ""consensus"": 122}"
RotatedEllipsoid20,20,DCAS-noClosure,14,400,1.0,1,136,11.362327668036126,0.0,422.2022916990154,71.81244060793428,0.1197568571290465,0.2307562003214176,1.3567822646847385,"{""rand1"": 60, ""pbest"": 80, ""closure"": 0, ""local"": 115, ""consensus"": 105}"
RotatedEllipsoid20,20,DCAS-noClosure,15,400,1.0,1,136,15.559667918535006,0.0,427.0293333411248,53.60463787061565,0.1193938094927572,0.5402288775599334,1.362332154734171,"{""rand1"": 63, ""pbest"": 84, ""closure"": 0, ""local"": 96, ""consensus"": 117}"
RotatedEllipsoid20,20,DCAS-noClosure,16,400,1.0,1,182,13.184836242362788,0.0,423.5375607172657,76.04664178253365,0.130456286221248,0.4030821497504284,1.3425568771269858,"{""rand1"": 59, ""pbest"": 70, ""closure"": 0, ""local"": 124, ""consensus"": 107}"
RotatedEllipsoid20,20,DCAS-noClosure,17,400,1.0,1,170,24.33003053737844,0.0,426.8819639684075,70.79240266719715,0.1288668585629642,0.6813283732465318,1.3215749877703022,"{""rand1"": 52, ""pbest"": 65, ""closure"": 0, ""local"": 119, ""consensus"": 124}"
RotatedEllipsoid20,20,DCAS-noClosure,18,400,1.0,1,120,9.613361166832464,0.0,418.7091138996494,78.76050570262083,0.1217389097275002,0.3091575091575091,1.3369795713371488,"{""rand1"": 59, ""pbest"": 74, ""closure"": 0, ""local"": 136, ""consensus"": 91}"
RotatedEllipsoid20,20,DCAS-noClosure,19,400,1.0,1,183,17.362331123335416,0.0,427.5626054568394,78.47688525857545,0.1305527775861273,0.642443737226346,1.3150486641098684,"{""rand1"": 51, ""pbest"": 64, ""closure"": 0, ""local"": 133, ""consensus"": 112}"
RotatedEllipsoid20,20,DCAS-noClosure,20,400,1.0,1,124,17.684747869232876,0.0,426.0864975874635,74.20483942110627,0.1279194651529819,0.3032342394447657,1.341126025546756,"{""rand1"": 56, ""pbest"": 73, ""closure"": 0, ""local"": 108, ""consensus"": 123}"
RotatedEllipsoid20,20,DCAS-noClosure,21,400,1.0,1,154,18.76180813673116,0.0,422.6946301121312,63.2193700726408,0.1200329376493621,0.6058196182902066,1.3621452979469146,"{""rand1"": 63, ""pbest"": 80, ""closure"": 0, ""local"": 110, ""consensus"": 107}"
RotatedEllipsoid20,20,DCAS-noClosure,22,400,1.0,1,102,14.112463987561172,0.0,427.2742107199776,75.36177171694386,0.1311279719287689,0.4014595311808934,1.325649059861394,"{""rand1"": 59, ""pbest"": 59, ""closure"": 0, ""local"": 119, ""consensus"": 123}"
RotatedEllipsoid20,20,DCAS-noClosure,23,400,1.0,1,116,8.03920712431837,0.0,421.8804096445524,80.85043041481367,0.127030320996431,0.2349920255183413,1.32059328064306,"{""rand1"": 57, ""pbest"": 60, ""closure"": 0, ""local"": 133, ""consensus"": 110}"
RotatedEllipsoid20,20,DCAS-noClosure,24,400,1.0,1,163,13.56429385282492,0.0,424.02915777954775,64.53296887482806,0.122679981367075,0.6731642515969304,1.3452770568382104,"{""rand1"": 62, ""pbest"": 67, ""closure"": 0, ""local"": 117, ""consensus"": 114}"
RotatedEllipsoid20,20,DCAS-noClosure,25,400,1.0,1,123,11.487515241320864,0.0,422.83587250780937,69.70370895556805,0.123642620271715,0.3939935227191599,1.3417516918821897,"{""rand1"": 65, ""pbest"": 65, ""closure"": 0, ""local"": 130, ""consensus"": 100}"
RotatedEllipsoid20,20,DCAS-noClosure,26,400,1.0,1,170,11.001643327351552,0.0,426.7165906912969,81.26912413052818,0.1268477431266841,0.3396992481203007,1.3333506592546565,"{""rand1"": 53, ""pbest"": 71, ""closure"": 0, ""local"": 120, ""consensus"": 116}"
RotatedEllipsoid20,20,DCAS-noClosure,27,400,1.0,1,142,11.019303855049108,0.0,421.7309682155423,65.61528907360065,0.1286144352478735,0.442022526067283,1.325901205786255,"{""rand1"": 53, ""pbest"": 68, ""closure"": 0, ""local"": 131, ""consensus"": 108}"
RotatedEllipsoid20,20,DCAS-noClosure,28,400,1.0,1,123,12.762255363178946,0.0,418.4219546383885,89.44595447219054,0.1318436176311532,0.1711764705882353,1.3199113561957274,"{""rand1"": 67, ""pbest"": 58, ""closure"": 0, ""local"": 145, ""consensus"": 90}"
RotatedEllipsoid20,20,DCAS-noClosure,29,400,1.0,1,131,11.77207854746683,0.0,425.003432634138,80.43336520001897,0.1379225050840651,0.278802414976328,1.3105446925150217,"{""rand1"": 53, ""pbest"": 58, ""closure"": 0, ""local"": 126, ""consensus"": 123}"
RotatedEllipsoid20,20,DCAS-stationary,0,400,1.0,1,142,10.584682394060884,0.0,409.4735741389538,98.4473719853454,0.1175158995172375,0.22,1.4089593704173486,"{""rand1"": 18, ""pbest"": 27, ""closure"": 95, ""local"": 131, ""consensus"": 89}"
RotatedEllipsoid20,20,DCAS-stationary,1,400,1.0,1,96,6.747275963920289,0.0,403.2694794701791,90.36983185620356,0.1503236292145705,0.0,1.3671635385210696,"{""rand1"": 18, ""pbest"": 23, ""closure"": 133, ""local"": 122, ""consensus"": 64}"
RotatedEllipsoid20,20,DCAS-stationary,2,400,1.0,1,139,9.760324701946084,0.0,410.25571894493214,98.2894735619021,0.1268108842108253,0.4109523809523809,1.3480659676682227,"{""rand1"": 23, ""pbest"": 16, ""closure"": 83, ""local"": 158, ""consensus"": 80}"
RotatedEllipsoid20,20,DCAS-stationary,3,400,1.0,1,112,8.794573985698351,0.0,403.04176095935657,94.853158569264,0.1457301942471652,0.2833333333333333,1.4210901913443177,"{""rand1"": 14, ""pbest"": 51, ""closure"": 128, ""local"": 112, ""consensus"": 55}"
RotatedEllipsoid20,20,DCAS-stationary,4,400,1.0,1,125,8.74937665672143,0.0,399.61063562391416,95.25303967958278,0.1433642648279887,0.3655677655677656,1.3028744748522592,"{""rand1"": 25, ""pbest"": 20, ""closure"": 111, ""local"": 166, ""consensus"": 38}"
RotatedEllipsoid20,20,DCAS-stationary,5,400,1.0,1,124,11.98738782575237,0.0,407.8607570641854,79.6940319204676,0.1339529018982966,0.4971428571428571,1.5013099752595764,"{""rand1"": 48, ""pbest"": 30, ""closure"": 127, ""local"": 87, ""consensus"": 68}"
RotatedEllipsoid20,20,DCAS-stationary,6,400,1.0,1,125,15.075682660029017,0.0,408.3735715951948,79.20382000468915,0.1297955463893284,0.4523076923076923,1.521749266410453,"{""rand1"": 41, ""pbest"": 42, ""closure"": 125, ""local"": 73, ""consensus"": 79}"
RotatedEllipsoid20,20,DCAS-stationary,7,400,1.0,1,115,7.797323854267655,0.0,405.5192904566591,83.99096227862019,0.1476228029126359,0.3774725274725274,1.3490107319668123,"{""rand1"": 16, ""pbest"": 20, ""closure"": 126, ""local"": 130, ""consensus"": 68}"
RotatedEllipsoid20,20,DCAS-stationary,8,400,1.0,1,136,10.28671256589526,0.0,406.9730464064392,94.50884122004354,0.1144258603765002,0.1028571428571428,1.5110531714631408,"{""rand1"": 20, ""pbest"": 68, ""closure"": 95, ""local"": 102, ""consensus"": 75}"
RotatedEllipsoid20,20,DCAS-stationary,9,400,1.0,1,112,24.357540365661222,0.0,407.00554294844505,77.42128839386689,0.1489569220031749,0.2,1.4359269641309518,"{""rand1"": 21, ""pbest"": 74, ""closure"": 136, ""local"": 35, ""consensus"": 94}"
RotatedEllipsoid20,20,DCAS-stationary,10,400,1.0,1,247,11.497656482136843,0.0,412.2688700617221,70.97705731073579,0.1460230542112754,0.3286645962732919,1.401191186683119,"{""rand1"": 20, ""pbest"": 34, ""closure"": 73, ""local"": 155, ""consensus"": 78}"
RotatedEllipsoid20,20,DCAS-stationary,11,400,1.0,1,108,48.68816456983895,0.0,400.1803630422144,68.46994337645275,0.1592956379023537,0.4548351648351649,1.456790968377061,"{""rand1"": 71, ""pbest"": 39, ""closure"": 154, ""local"": 39, ""consensus"": 57}"
RotatedEllipsoid20,20,DCAS-stationary,12,400,1.0,1,165,13.68424604017967,0.0,411.5987706384664,93.4545765993291,0.1339694177229692,0.3285714285714285,1.3500766119489316,"{""rand1"": 17, ""pbest"": 15, ""closure"": 113, ""local"": 129, ""consensus"": 86}"
RotatedEllipsoid20,20,DCAS-stationary,13,400,1.0,1,141,15.053023800536682,0.0,414.3808557711752,82.61182249197604,0.1141249798414785,0.3542857142857142,1.5041740289740515,"{""rand1"": 42, ""pbest"": 29, ""closure"": 111, ""local"": 79, ""consensus"": 99}"
RotatedEllipsoid20,20,DCAS-stationary,14,400,1.0,1,117,17.24789451589564,0.0,413.6147057245486,78.7932373864711,0.1516159938109602,0.2367765567765567,1.4220714804550525,"{""rand1"": 31, ""pbest"": 31, ""closure"": 141, ""local"": 49, ""consensus"": 108}"
RotatedEllipsoid20,20,DCAS-stationary,15,400,1.0,1,147,21.366181619746527,0.0,412.982166684067,85.52714008369104,0.1441151570481882,0.2142857142857142,1.4457056591431836,"{""rand1"": 20, ""pbest"": 34, ""closure"": 119, ""local"": 82, ""consensus"": 105}"
RotatedEllipsoid20,20,DCAS-stationary,16,400,1.0,1,127,10.589022313844568,0.0,410.29791980731534,100.46159282457454,0.1200169032042,0.2414285714285714,1.421387607616428,"{""rand1"": 42, ""pbest"": 13, ""closure"": 95, ""local"": 132, ""consensus"": 78}"
RotatedEllipsoid20,20,DCAS-stationary,17,400,1.0,1,130,24.58750868604345,0.0,406.0234343125154,78.72105451800249,0.1125213521549691,0.2133333333333333,1.531163434099181,"{""rand1"": 30, ""pbest"": 57, ""closure"": 103, ""local"": 100, ""consensus"": 70}"
RotatedEllipsoid20,20,DCAS-stationary,18,400,1.0,1,120,17.398188709182737,0.0,412.4907284327252,84.62348596149053,0.1410568772726452,0.16,1.4486493403683256,"{""rand1"": 21, ""pbest"": 42, ""closure"": 131, ""local"": 64, ""consensus"": 102}"
RotatedEllipsoid20,20,DCAS-stationary,19,400,1.0,1,129,11.280874145601045,0.0,406.6970868100212,87.30267092782753,0.1643798871498232,0.2509184726522188,1.3641791717098095,"{""rand1"": 18, ""pbest"": 21, ""closure"": 143, ""local"": 106, ""consensus"": 72}"
RotatedEllipsoid20,20,DCAS-stationary,20,400,1.0,1,133,16.081106783133635,0.0,415.6619894397886,100.88044855032344,0.1345201960783533,0.2857142857142857,1.359897348371875,"{""rand1"": 13, ""pbest"": 19, ""closure"": 102, ""local"": 114, ""consensus"": 112}"
RotatedEllipsoid20,20,DCAS-stationary,21,400,1.0,1,131,13.440025931423548,0.0,405.2062366202074,86.57076198786322,0.1468694201249237,0.1466666666666666,1.3777949228187731,"{""rand1"": 15, ""pbest"": 26, ""closure"": 132, ""local"": 114, ""consensus"": 73}"
RotatedEllipsoid20,20,DCAS-stationary,22,400,1.0,1,133,10.133623502704904,0.0,407.7466491979481,97.48474870679333,0.1495863555183388,0.0751515151515151,1.28559375677349,"{""rand1"": 13, ""pbest"": 15, ""closure"": 110, ""local"": 157, ""consensus"": 65}"
RotatedEllipsoid20,20,DCAS-stationary,23,400,1.0,1,131,17.851179896187936,0.0,407.675132118777,80.68140631915801,0.1323656092913314,0.1799200799200798,1.4073639556918986,"{""rand1"": 17, ""pbest"": 27, ""closure"": 123, ""local"": 108, ""consensus"": 85}"
RotatedEllipsoid20,20,DCAS-stationary,24,400,1.0,1,141,15.785180262890751,0.0,414.3365868023666,90.6266898118542,0.1258701351472061,0.3428571428571428,1.461272742875302,"{""rand1"": 46, ""pbest"": 15, ""closure"": 95, ""local"": 105, ""consensus"": 99}"
RotatedEllipsoid20,20,DCAS-stationary,25,400,1.0,1,122,10.327009469262745,0.0,405.2978406168597,78.28242793218266,0.1305360971701888,0.4373875866135927,1.467863048284838,"{""rand1"": 18, ""pbest"": 53, ""closure"": 127, ""local"": 90, ""consensus"": 72}"
RotatedEllipsoid20,20,DCAS-stationary,26,400,1.0,1,128,9.366989621301764,0.0,413.89477192050254,85.41556050805606,0.1503217899185251,0.1257142857142857,1.398232541364152,"{""rand1"": 23, ""pbest"": 19, ""closure"": 128, ""local"": 84, ""consensus"": 106}"
RotatedEllipsoid20,20,DCAS-stationary,27,400,1.0,1,119,9.409524852637364,0.0,407.5719504022338,93.3824236970218,0.1158426408390119,0.3461904761904762,1.4709824183043392,"{""rand1"": 20, ""pbest"": 44, ""closure"": 97, ""local"": 119, ""consensus"": 80}"
RotatedEllipsoid20,20,DCAS-stationary,28,400,1.0,1,150,9.843433112880575,0.0,412.4485381818285,98.22123895306434,0.1425302695607488,0.2727272727272727,1.3509814154254267,"{""rand1"": 16, ""pbest"": 16, ""closure"": 104, ""local"": 133, ""consensus"": 91}"
RotatedEllipsoid20,20,DCAS-stationary,29,400,1.0,1,132,8.926717185637115,0.0,418.655751532321,93.81353754292827,0.1442954019164063,0.1571428571428571,1.3842427171874123,"{""rand1"": 19, ""pbest"": 20, ""closure"": 102, ""local"": 87, ""consensus"": 132}"
RotatedEllipsoid20,20,DE-EPS,0,400,1.0,0,401,inf,0.3869699620912211,400.0,0.0,0.0,0.0,0.0,{}
RotatedEllipsoid20,20,DE-EPS,1,400,1.0,0,401,inf,1.3055754037919318,400.0,0.0,0.0,0.0,0.0,{}
RotatedEllipsoid20,20,DE-EPS,2,400,1.0,0,401,inf,0.8961653606955289,400.0,0.0,0.0,0.0,0.0,{}
RotatedEllipsoid20,20,DE-EPS,3,400,1.0,0,401,inf,0.7696683579638176,400.0,0.0,0.0,0.0,0.0,{}
RotatedEllipsoid20,20,DE-EPS,4,400,1.0,0,401,inf,1.2488990616627271,400.0,0.0,0.0,0.0,0.0,{}
RotatedEllipsoid20,20,DE-EPS,5,400,1.0,0,401,inf,0.954915339829948,400.0,0.0,0.0,0.0,0.0,{}
RotatedEllipsoid20,20,DE-EPS,6,400,1.0,0,401,inf,1.0558211653000584,400.0,0.0,0.0,0.0,0.0,{}
RotatedEllipsoid20,20,DE-EPS,7,400,1.0,0,401,inf,0.942315438838936,400.0,0.0,0.0,0.0,0.0,{}
RotatedEllipsoid20,20,DE-EPS,8,400,1.0,0,401,inf,1.2285579611013575,400.0,0.0,0.0,0.0,0.0,{}
RotatedEllipsoid20,20,DE-EPS,9,400,1.0,0,401,inf,1.2057491328329315,400.0,0.0,0.0,0.0,0.0,{}
RotatedEllipsoid20,20,DE-EPS,10,400,1.0,0,401,inf,1.3579765917441424,400.0,0.0,0.0,0.0,0.0,{}
RotatedEllipsoid20,20,DE-EPS,11,400,1.0,0,401,inf,1.3627279094571687,400.0,0.0,0.0,0.0,0.0,{}
RotatedEllipsoid20,20,DE-EPS,12,400,1.0,0,401,inf,0.8753397443575957,400.0,0.0,0.0,0.0,0.0,{}
RotatedEllipsoid20,20,DE-EPS,13,400,1.0,0,401,inf,1.1948889246851209,400.0,0.0,0.0,0.0,0.0,{}
RotatedEllipsoid20,20,DE-EPS,14,400,1.0,0,401,inf,1.341821845634794,400.0,0.0,0.0,0.0,0.0,{}
RotatedEllipsoid20,20,DE-EPS,15,400,1.0,0,401,inf,0.3141568142890273,400.0,0.0,0.0,0.0,0.0,{}
RotatedEllipsoid20,20,DE-EPS,16,400,1.0,0,401,inf,0.8754545427259306,400.0,0.0,0.0,0.0,0.0,{}
RotatedEllipsoid20,20,DE-EPS,17,400,1.0,0,401,inf,0.1503191896960831,400.0,0.0,0.0,0.0,0.0,{}
RotatedEllipsoid20,20,DE-EPS,18,400,1.0,0,401,inf,1.3630630357160378,400.0,0.0,0.0,0.0,0.0,{}
RotatedEllipsoid20,20,DE-EPS,19,400,1.0,0,401,inf,1.557303501910226,400.0,0.0,0.0,0.0,0.0,{}
RotatedEllipsoid20,20,DE-EPS,20,400,1.0,0,401,inf,0.779941533602462,400.0,0.0,0.0,0.0,0.0,{}
RotatedEllipsoid20,20,DE-EPS,21,400,1.0,0,401,inf,0.7775072012054477,400.0,0.0,0.0,0.0,0.0,{}
RotatedEllipsoid20,20,DE-EPS,22,400,1.0,0,401,inf,0.8784821575840197,400.0,0.0,0.0,0.0,0.0,{}
RotatedEllipsoid20,20,DE-EPS,23,400,1.0,0,401,inf,0.6621996733187089,400.0,0.0,0.0,0.0,0.0,{}
RotatedEllipsoid20,20,DE-EPS,24,400,1.0,0,401,inf,0.5390294212616563,400.0,0.0,0.0,0.0,0.0,{}
RotatedEllipsoid20,20,DE-EPS,25,400,1.0,0,401,inf,1.0491050604699002,400.0,0.0,0.0,0.0,0.0,{}
RotatedEllipsoid20,20,DE-EPS,26,400,1.0,0,401,inf,1.1637470464969712,400.0,0.0,0.0,0.0,0.0,{}
RotatedEllipsoid20,20,DE-EPS,27,400,1.0,0,401,inf,1.144536467294104,400.0,0.0,0.0,0.0,0.0,{}
RotatedEllipsoid20,20,DE-EPS,28,400,1.0,0,401,inf,0.7579827213322854,400.0,0.0,0.0,0.0,0.0,{}
RotatedEllipsoid20,20,DE-EPS,29,400,1.0,0,401,inf,0.9329926570088912,400.0,0.0,0.0,0.0,0.0,{}
RotatedEllipsoid20,20,DE-NCV,0,400,1.0,0,401,inf,0.3869699620912211,400.0,0.0,0.0,0.0,0.0,{}
RotatedEllipsoid20,20,DE-NCV,1,400,1.0,0,401,inf,1.3055754037919318,400.0,0.0,0.0,0.0,0.0,{}
RotatedEllipsoid20,20,DE-NCV,2,400,1.0,0,401,inf,0.8961653606955289,400.0,0.0,0.0,0.0,0.0,{}
RotatedEllipsoid20,20,DE-NCV,3,400,1.0,0,401,inf,0.7696683579638176,400.0,0.0,0.0,0.0,0.0,{}
RotatedEllipsoid20,20,DE-NCV,4,400,1.0,0,401,inf,1.2488990616627271,400.0,0.0,0.0,0.0,0.0,{}
RotatedEllipsoid20,20,DE-NCV,5,400,1.0,0,401,inf,0.954915339829948,400.0,0.0,0.0,0.0,0.0,{}
RotatedEllipsoid20,20,DE-NCV,6,400,1.0,0,401,inf,1.0558211653000584,400.0,0.0,0.0,0.0,0.0,{}
RotatedEllipsoid20,20,DE-NCV,7,400,1.0,0,401,inf,0.942315438838936,400.0,0.0,0.0,0.0,0.0,{}
RotatedEllipsoid20,20,DE-NCV,8,400,1.0,0,401,inf,1.2285579611013575,400.0,0.0,0.0,0.0,0.0,{}
RotatedEllipsoid20,20,DE-NCV,9,400,1.0,0,401,inf,1.2057491328329315,400.0,0.0,0.0,0.0,0.0,{}
RotatedEllipsoid20,20,DE-NCV,10,400,1.0,0,401,inf,1.3579765917441424,400.0,0.0,0.0,0.0,0.0,{}
RotatedEllipsoid20,20,DE-NCV,11,400,1.0,0,401,inf,1.3627279094571687,400.0,0.0,0.0,0.0,0.0,{}
RotatedEllipsoid20,20,DE-NCV,12,400,1.0,0,401,inf,0.8753397443575957,400.0,0.0,0.0,0.0,0.0,{}
RotatedEllipsoid20,20,DE-NCV,13,400,1.0,0,401,inf,1.1948889246851209,400.0,0.0,0.0,0.0,0.0,{}
RotatedEllipsoid20,20,DE-NCV,14,400,1.0,0,401,inf,1.341821845634794,400.0,0.0,0.0,0.0,0.0,{}
RotatedEllipsoid20,20,DE-NCV,15,400,1.0,0,401,inf,0.3141568142890273,400.0,0.0,0.0,0.0,0.0,{}
RotatedEllipsoid20,20,DE-NCV,16,400,1.0,0,401,inf,0.8754545427259306,400.0,0.0,0.0,0.0,0.0,{}
RotatedEllipsoid20,20,DE-NCV,17,400,1.0,0,401,inf,0.1503191896960831,400.0,0.0,0.0,0.0,0.0,{}
RotatedEllipsoid20,20,DE-NCV,18,400,1.0,0,401,inf,1.3630630357160378,400.0,0.0,0.0,0.0,0.0,{}
RotatedEllipsoid20,20,DE-NCV,19,400,1.0,0,401,inf,1.557303501910226,400.0,0.0,0.0,0.0,0.0,{}
RotatedEllipsoid20,20,DE-NCV,20,400,1.0,0,401,inf,0.779941533602462,400.0,0.0,0.0,0.0,0.0,{}
RotatedEllipsoid20,20,DE-NCV,21,400,1.0,0,401,inf,0.7775072012054477,400.0,0.0,0.0,0.0,0.0,{}
RotatedEllipsoid20,20,DE-NCV,22,400,1.0,0,401,inf,0.8784821575840197,400.0,0.0,0.0,0.0,0.0,{}
RotatedEllipsoid20,20,DE-NCV,23,400,1.0,0,401,inf,0.6621996733187089,400.0,0.0,0.0,0.0,0.0,{}
RotatedEllipsoid20,20,DE-NCV,24,400,1.0,0,401,inf,0.5390294212616563,400.0,0.0,0.0,0.0,0.0,{}
RotatedEllipsoid20,20,DE-NCV,25,400,1.0,0,401,inf,1.0491050604699002,400.0,0.0,0.0,0.0,0.0,{}
RotatedEllipsoid20,20,DE-NCV,26,400,1.0,0,401,inf,1.1637470464969712,400.0,0.0,0.0,0.0,0.0,{}
RotatedEllipsoid20,20,DE-NCV,27,400,1.0,0,401,inf,1.144536467294104,400.0,0.0,0.0,0.0,0.0,{}
RotatedEllipsoid20,20,DE-NCV,28,400,1.0,0,401,inf,0.7579827213322854,400.0,0.0,0.0,0.0,0.0,{}
RotatedEllipsoid20,20,DE-NCV,29,400,1.0,0,401,inf,0.9329926570088912,400.0,0.0,0.0,0.0,0.0,{}
RotatedEllipsoid20,20,DE-PEN,0,400,1.0,0,401,inf,0.5604023853146839,400.0,0.0,0.0,0.0,0.0,{}
RotatedEllipsoid20,20,DE-PEN,1,400,1.0,0,401,inf,1.444438513583013,400.0,0.0,0.0,0.0,0.0,{}
RotatedEllipsoid20,20,DE-PEN,2,400,1.0,0,401,inf,1.1689180414299467,400.0,0.0,0.0,0.0,0.0,{}
RotatedEllipsoid20,20,DE-PEN,3,400,1.0,0,401,inf,0.6763464074877861,400.0,0.0,0.0,0.0,0.0,{}
RotatedEllipsoid20,20,DE-PEN,4,400,1.0,0,401,inf,0.9592130396228246,400.0,0.0,0.0,0.0,0.0,{}
RotatedEllipsoid20,20,DE-PEN,5,400,1.0,0,401,inf,1.172660305864731,400.0,0.0,0.0,0.0,0.0,{}
RotatedEllipsoid20,20,DE-PEN,6,400,1.0,0,401,inf,0.4690845732066379,400.0,0.0,0.0,0.0,0.0,{}
RotatedEllipsoid20,20,DE-PEN,7,400,1.0,0,401,inf,1.3198603145630103,400.0,0.0,0.0,0.0,0.0,{}
RotatedEllipsoid20,20,DE-PEN,8,400,1.0,0,401,inf,1.095533615814389,400.0,0.0,0.0,0.0,0.0,{}
RotatedEllipsoid20,20,DE-PEN,9,400,1.0,0,401,inf,0.7251380661683268,400.0,0.0,0.0,0.0,0.0,{}
RotatedEllipsoid20,20,DE-PEN,10,400,1.0,0,401,inf,1.5945587272931874,400.0,0.0,0.0,0.0,0.0,{}
RotatedEllipsoid20,20,DE-PEN,11,400,1.0,0,401,inf,1.433031943176968,400.0,0.0,0.0,0.0,0.0,{}
RotatedEllipsoid20,20,DE-PEN,12,400,1.0,0,401,inf,0.5433440173708151,400.0,0.0,0.0,0.0,0.0,{}
RotatedEllipsoid20,20,DE-PEN,13,400,1.0,0,401,inf,1.0443665613861632,400.0,0.0,0.0,0.0,0.0,{}
RotatedEllipsoid20,20,DE-PEN,14,400,1.0,0,401,inf,1.6538783317126136,400.0,0.0,0.0,0.0,0.0,{}
RotatedEllipsoid20,20,DE-PEN,15,400,1.0,0,401,inf,0.971289136960781,400.0,0.0,0.0,0.0,0.0,{}
RotatedEllipsoid20,20,DE-PEN,16,400,1.0,0,401,inf,0.6121496291594308,400.0,0.0,0.0,0.0,0.0,{}
RotatedEllipsoid20,20,DE-PEN,17,400,1.0,0,401,inf,0.8895862609272622,400.0,0.0,0.0,0.0,0.0,{}
RotatedEllipsoid20,20,DE-PEN,18,400,1.0,0,401,inf,1.302368936314657,400.0,0.0,0.0,0.0,0.0,{}
RotatedEllipsoid20,20,DE-PEN,19,400,1.0,0,401,inf,1.1143024225520692,400.0,0.0,0.0,0.0,0.0,{}
RotatedEllipsoid20,20,DE-PEN,20,400,1.0,0,401,inf,0.8656595271621254,400.0,0.0,0.0,0.0,0.0,{}
RotatedEllipsoid20,20,DE-PEN,21,400,1.0,0,401,inf,1.0474870741938502,400.0,0.0,0.0,0.0,0.0,{}
RotatedEllipsoid20,20,DE-PEN,22,400,1.0,0,401,inf,1.4120350740999918,400.0,0.0,0.0,0.0,0.0,{}
RotatedEllipsoid20,20,DE-PEN,23,400,1.0,0,401,inf,0.8979678398445401,400.0,0.0,0.0,0.0,0.0,{}
RotatedEllipsoid20,20,DE-PEN,24,400,1.0,0,401,inf,0.6062972408753946,400.0,0.0,0.0,0.0,0.0,{}
RotatedEllipsoid20,20,DE-PEN,25,400,1.0,0,401,inf,1.1484116794209045,400.0,0.0,0.0,0.0,0.0,{}
RotatedEllipsoid20,20,DE-PEN,26,400,1.0,0,401,inf,1.741981685954464,400.0,0.0,0.0,0.0,0.0,{}
RotatedEllipsoid20,20,DE-PEN,27,400,1.0,0,401,inf,0.8505900676223983,400.0,0.0,0.0,0.0,0.0,{}
RotatedEllipsoid20,20,DE-PEN,28,400,1.0,0,401,inf,1.3009064756790398,400.0,0.0,0.0,0.0,0.0,{}
RotatedEllipsoid20,20,DE-PEN,29,400,1.0,0,401,inf,0.8895859247612634,400.0,0.0,0.0,0.0,0.0,{}
RotatedEllipsoid20,20,JADE-NCV,0,400,1.0,1,342,52.668026180863,0.0,400.0,0.0,0.0,0.0,0.0,{}
RotatedEllipsoid20,20,JADE-NCV,1,400,1.0,1,369,42.116805344783,0.0,400.0,0.0,0.0,0.0,0.0,{}
RotatedEllipsoid20,20,JADE-NCV,2,400,1.0,1,387,84.40659668979828,0.0,400.0,0.0,0.0,0.0,0.0,{}
RotatedEllipsoid20,20,JADE-NCV,3,400,1.0,1,306,34.592262557117515,0.0,400.0,0.0,0.0,0.0,0.0,{}
RotatedEllipsoid20,20,JADE-NCV,4,400,1.0,1,306,69.56686524668055,0.0,400.0,0.0,0.0,0.0,0.0,{}
RotatedEllipsoid20,20,JADE-NCV,5,400,1.0,1,334,32.46015763790981,0.0,400.0,0.0,0.0,0.0,0.0,{}
RotatedEllipsoid20,20,JADE-NCV,6,400,1.0,1,387,66.49899632510191,0.0,400.0,0.0,0.0,0.0,0.0,{}
RotatedEllipsoid20,20,JADE-NCV,7,400,1.0,1,225,35.45971946662106,0.0,400.0,0.0,0.0,0.0,0.0,{}
RotatedEllipsoid20,20,JADE-NCV,8,400,1.0,1,245,48.22306657650286,0.0,400.0,0.0,0.0,0.0,0.0,{}
RotatedEllipsoid20,20,JADE-NCV,9,400,1.0,1,299,30.395105260585574,0.0,400.0,0.0,0.0,0.0,0.0,{}
RotatedEllipsoid20,20,JADE-NCV,10,400,1.0,0,401,inf,0.1163162265436192,400.0,0.0,0.0,0.0,0.0,{}
RotatedEllipsoid20,20,JADE-NCV,11,400,1.0,1,222,56.65872515627065,0.0,400.0,0.0,0.0,0.0,0.0,{}
RotatedEllipsoid20,20,JADE-NCV,12,400,1.0,1,342,59.25150195730269,0.0,400.0,0.0,0.0,0.0,0.0,{}
RotatedEllipsoid20,20,JADE-NCV,13,400,1.0,1,385,70.63507254972906,0.0,400.0,0.0,0.0,0.0,0.0,{}
RotatedEllipsoid20,20,JADE-NCV,14,400,1.0,0,401,inf,0.0106146453186729,400.0,0.0,0.0,0.0,0.0,{}
RotatedEllipsoid20,20,JADE-NCV,15,400,1.0,0,401,inf,0.1115540869086798,400.0,0.0,0.0,0.0,0.0,{}
RotatedEllipsoid20,20,JADE-NCV,16,400,1.0,1,375,45.33710140651323,0.0,400.0,0.0,0.0,0.0,0.0,{}
RotatedEllipsoid20,20,JADE-NCV,17,400,1.0,1,256,16.471698776226273,0.0,400.0,0.0,0.0,0.0,0.0,{}
RotatedEllipsoid20,20,JADE-NCV,18,400,1.0,1,321,41.62996025693886,0.0,400.0,0.0,0.0,0.0,0.0,{}
RotatedEllipsoid20,20,JADE-NCV,19,400,1.0,1,347,41.59901292497774,0.0,400.0,0.0,0.0,0.0,0.0,{}
RotatedEllipsoid20,20,JADE-NCV,20,400,1.0,1,143,42.77250691626893,0.0,400.0,0.0,0.0,0.0,0.0,{}
RotatedEllipsoid20,20,JADE-NCV,21,400,1.0,1,299,25.49941260487473,0.0,400.0,0.0,0.0,0.0,0.0,{}
RotatedEllipsoid20,20,JADE-NCV,22,400,1.0,1,205,30.4959951904111,0.0,400.0,0.0,0.0,0.0,0.0,{}
RotatedEllipsoid20,20,JADE-NCV,23,400,1.0,0,401,inf,0.0039648032702736,400.0,0.0,0.0,0.0,0.0,{}
RotatedEllipsoid20,20,JADE-NCV,24,400,1.0,0,401,inf,0.0525912744785414,400.0,0.0,0.0,0.0,0.0,{}
RotatedEllipsoid20,20,JADE-NCV,25,400,1.0,1,311,52.573441778584325,0.0,400.0,0.0,0.0,0.0,0.0,{}
RotatedEllipsoid20,20,JADE-NCV,26,400,1.0,1,340,35.670708324448064,0.0,400.0,0.0,0.0,0.0,0.0,{}
RotatedEllipsoid20,20,JADE-NCV,27,400,1.0,1,322,49.2839973788867,0.0,400.0,0.0,0.0,0.0,0.0,{}
RotatedEllipsoid20,20,JADE-NCV,28,400,1.0,1,393,49.22523793229821,0.0,400.0,0.0,0.0,0.0,0.0,{}
RotatedEllipsoid20,20,JADE-NCV,29,400,1.0,0,401,inf,0.0092059838248999,400.0,0.0,0.0,0.0,0.0,{}
RotatedEllipsoid20,20,UCB-Objective,0,400,1.0,1,160,9.894035714657472,0.0,418.0092153480815,70.23110842076834,0.0423400265245763,0.2533847354947128,1.5814586235557306,"{""rand1"": 68, ""pbest"": 79, ""closure"": 43, ""local"": 92, ""consensus"": 78}"
RotatedEllipsoid20,20,UCB-Objective,1,400,1.0,1,124,30.977999233631472,0.0,417.3745481577964,59.98516679806283,0.0257664883614703,0.5549067903425152,1.6001953420881672,"{""rand1"": 68, ""pbest"": 80, ""closure"": 55, ""local"": 77, ""consensus"": 80}"
RotatedEllipsoid20,20,UCB-Objective,2,400,1.0,1,211,20.10463818336851,0.0,422.37221597551496,53.92996230148516,0.0537831134805203,0.3915148029009921,1.5846324077642564,"{""rand1"": 77, ""pbest"": 80, ""closure"": 42, ""local"": 81, ""consensus"": 80}"
RotatedEllipsoid20,20,UCB-Objective,3,400,1.0,1,184,16.141173591453782,0.0,422.01410465110746,60.44549774230208,0.0472896865917593,0.5631367209640454,1.5830942358725495,"{""rand1"": 73, ""pbest"": 77, ""closure"": 42, ""local"": 86, ""consensus"": 82}"
RotatedEllipsoid20,20,UCB-Objective,4,400,1.0,1,180,18.358138583723974,0.0,419.167407602426,73.35092142414237,0.0478898483882183,0.2019821731748726,1.5762153342897935,"{""rand1"": 72, ""pbest"": 74, ""closure"": 41, ""local"": 97, ""consensus"": 76}"
RotatedEllipsoid20,20,UCB-Objective,5,400,1.0,1,128,12.194372132230145,0.0,417.1568864483485,64.96284617997964,0.0325321326053877,0.5512906701141995,1.592469785804039,"{""rand1"": 71, ""pbest"": 70, ""closure"": 51, ""local"": 92, ""consensus"": 76}"
RotatedEllipsoid20,20,UCB-Objective,6,400,1.0,1,95,17.36870185757624,0.0,414.9868445090576,56.28189560161648,0.0120418012732784,0.5989654169360051,1.607367751188894,"{""rand1"": 74, ""pbest"": 73, ""closure"": 63, ""local"": 75, ""consensus"": 75}"
RotatedEllipsoid20,20,UCB-Objective,7,400,1.0,1,128,19.951967015834462,0.0,416.99706958673454,57.56306636012662,0.0266844383823285,0.5935169082125604,1.601219883440805,"{""rand1"": 75, ""pbest"": 77, ""closure"": 55, ""local"": 72, ""consensus"": 81}"
RotatedEllipsoid20,20,UCB-Objective,8,400,1.0,1,136,22.26079385080469,0.0,417.6544871968939,65.68344112595382,0.0296215985626527,0.6422699040090344,1.5992791446795742,"{""rand1"": 72, ""pbest"": 78, ""closure"": 54, ""local"": 72, ""consensus"": 84}"
RotatedEllipsoid20,20,UCB-Objective,9,400,1.0,1,160,14.06535887007112,0.0,417.68157363029087,71.62520520527367,0.0390857638843431,0.4177948717948718,1.5881513760049968,"{""rand1"": 71, ""pbest"": 80, ""closure"": 45, ""local"": 84, ""consensus"": 80}"
RotatedEllipsoid20,20,UCB-Objective,10,400,1.0,1,179,27.179840487391903,0.0,418.7970707022209,63.54974756799521,0.0452260758665522,0.3929163634893685,1.5850868171867316,"{""rand1"": 72, ""pbest"": 76, ""closure"": 44, ""local"": 90, ""consensus"": 78}"
RotatedEllipsoid20,20,UCB-Objective,11,400,1.0,1,167,22.32414415939663,0.0,419.1439707642571,61.08881041449628,0.0401529456152454,0.4616794088264676,1.5906742573752268,"{""rand1"": 74, ""pbest"": 82, ""closure"": 46, ""local"": 80, ""consensus"": 78}"
RotatedEllipsoid20,20,UCB-Objective,12,400,1.0,1,215,14.46341781961496,0.0,423.46183560939215,58.53168173051244,0.0568669046205529,0.5182764650039692,1.5804402211594148,"{""rand1"": 77, ""pbest"": 78, ""closure"": 40, ""local"": 80, ""consensus"": 85}"
RotatedEllipsoid20,20,UCB-Objective,13,400,1.0,1,128,17.47976397076595,0.0,419.9087461239748,72.45105225106283,0.0332359763539779,0.3788011988011988,1.589950182041655,"{""rand1"": 65, ""pbest"": 75, ""closure"": 49, ""local"": 88, ""consensus"": 83}"
RotatedEllipsoid20,20,UCB-Objective,14,400,1.0,1,175,11.855858878609345,0.0,418.5258402464421,69.6612386329925,0.0460571095090998,0.6323658169787203,1.5818011629124644,"{""rand1"": 70, ""pbest"": 85, ""closure"": 42, ""local"": 86, ""consensus"": 77}"
RotatedEllipsoid20,20,UCB-Objective,15,400,1.0,1,159,11.583066966654142,0.0,418.33937174336256,63.78099549512254,0.0394308331230449,0.4335910227293927,1.5870662880630677,"{""rand1"": 71, ""pbest"": 76, ""closure"": 45, ""local"": 88, ""consensus"": 80}"
RotatedEllipsoid20,20,UCB-Objective,16,400,1.0,1,140,13.566168466745136,0.0,418.373217752702,71.54985052749248,0.0311559546976673,0.7720797468785084,1.5963901320968306,"{""rand1"": 75, ""pbest"": 76, ""closure"": 50, ""local"": 79, ""consensus"": 80}"
RotatedEllipsoid20,20,UCB-Objective,17,400,1.0,1,176,23.49019621445889,0.0,420.56452276595184,58.51154977799706,0.0429229830221394,0.6765894482859928,1.589235588207592,"{""rand1"": 76, ""pbest"": 76, ""closure"": 45, ""local"": 82, ""consensus"": 81}"
RotatedEllipsoid20,20,UCB-Objective,18,400,1.0,1,188,14.7682155231354,0.0,420.37454177368176,67.65136516328613,0.0464913805386217,0.3323712093533065,1.5845912768196089,"{""rand1"": 71, ""pbest"": 85, ""closure"": 43, ""local"": 82, ""consensus"": 79}"
RotatedEllipsoid20,20,UCB-Objective,19,400,1.0,1,188,21.37351130064117,0.0,420.25733634898137,54.670743200549786,0.0454971260437531,0.496746185335161,1.590716642104557,"{""rand1"": 75, ""pbest"": 83, ""closure"": 46, ""local"": 78, ""consensus"": 78}"
RotatedEllipsoid20,20,UCB-Objective,20,400,1.0,1,187,12.299216935086324,0.0,420.3579610084821,60.09886233378345,0.0492296366750976,0.4125336389711185,1.5837398005193426,"{""rand1"": 79, ""pbest"": 77, ""closure"": 42, ""local"": 76, ""consensus"": 86}"
RotatedEllipsoid20,20,UCB-Objective,21,400,1.0,1,128,13.496989801546723,0.0,418.4174265975251,64.50840079595329,0.0308318543543639,0.5907769423558897,1.5950624947126315,"{""rand1"": 67, ""pbest"": 78, ""closure"": 51, ""local"": 81, ""consensus"": 83}"
RotatedEllipsoid20,20,UCB-Objective,22,400,1.0,1,164,25.10567957459055,0.0,419.8504911397903,61.93263257495194,0.0388767477829812,0.383957248535669,1.592586809997285,"{""rand1"": 71, ""pbest"": 78, ""closure"": 48, ""local"": 84, ""consensus"": 79}"
RotatedEllipsoid20,20,UCB-Objective,23,400,1.0,1,148,12.589031939751672,0.0,419.4213130567134,65.83453295288058,0.0358293635862512,0.4149082973743329,1.590628479740474,"{""rand1"": 71, ""pbest"": 83, ""closure"": 47, ""local"": 75, ""consensus"": 84}"
RotatedEllipsoid20,20,UCB-Objective,24,400,1.0,1,120,11.206045492261064,0.0,416.3350379795272,71.96485059830776,0.0267430147148895,0.3275689223057644,1.5955581939974572,"{""rand1"": 65, ""pbest"": 75, ""closure"": 53, ""local"": 86, ""consensus"": 81}"
RotatedEllipsoid20,20,UCB-Objective,25,400,1.0,1,144,14.734817637260624,0.0,418.1106766318916,62.28358199139856,0.0317218861851707,0.4993233050259698,1.5960832351028065,"{""rand1"": 71, ""pbest"": 77, ""closure"": 51, ""local"": 85, ""consensus"": 76}"
RotatedEllipsoid20,20,UCB-Objective,26,400,1.0,1,160,16.56951518493217,0.0,419.9484183237078,66.45252268164737,0.0379938689001244,0.4166989312361362,1.5921102865247212,"{""rand1"": 69, ""pbest"": 74, ""closure"": 49, ""local"": 87, ""consensus"": 81}"
RotatedEllipsoid20,20,UCB-Objective,27,400,1.0,1,160,9.06601373355124,0.0,418.2561674071991,64.90377344389739,0.038567611520289,0.8151969891000185,1.5927913423406097,"{""rand1"": 71, ""pbest"": 82, ""closure"": 48, ""local"": 78, ""consensus"": 81}"
RotatedEllipsoid20,20,UCB-Objective,28,400,1.0,1,136,11.060534168111989,0.0,417.4583493675938,66.65931068908154,0.0313049108016513,0.3359582233623153,1.5952163753937096,"{""rand1"": 70, ""pbest"": 79, ""closure"": 50, ""local"": 82, ""consensus"": 79}"
RotatedEllipsoid20,20,UCB-Objective,29,400,1.0,1,132,10.173012904473484,0.0,416.4156264572111,65.50610388604132,0.0304409297353313,0.2412235717498875,1.5955654301889948,"{""rand1"": 66, ""pbest"": 81, ""closure"": 52, ""local"": 84, ""consensus"": 77}"
RotatedEllipsoid20,20,UCB-Success,0,400,1.0,1,128,11.421249026671791,0.0,418.4473847965292,74.56410557046847,0.1172479109060474,0.4185714285714286,1.4928754225612362,"{""rand1"": 28, ""pbest"": 56, ""closure"": 83, ""local"": 60, ""consensus"": 133}"
RotatedEllipsoid20,20,UCB-Success,1,400,1.0,1,128,18.93932746686055,0.0,431.5563225920402,82.08905897277954,0.1540494750390026,0.3914485514485514,1.3161687399582522,"{""rand1"": 22, ""pbest"": 30, ""closure"": 66, ""local"": 55, ""consensus"": 187}"
RotatedEllipsoid20,20,UCB-Success,2,400,1.0,1,125,15.710508702667012,0.0,433.2789438228381,79.54821646028627,0.1595598323135528,0.7035087719298245,1.329444570518775,"{""rand1"": 32, ""pbest"": 32, ""closure"": 43, ""local"": 64, ""consensus"": 189}"
RotatedEllipsoid20,20,UCB-Success,3,400,1.0,1,138,13.079006473820572,0.0,432.4717655756441,79.04927209985217,0.1597188642904055,0.1133333333333333,1.329310927895151,"{""rand1"": 21, ""pbest"": 47, ""closure"": 55, ""local"": 49, ""consensus"": 188}"
RotatedEllipsoid20,20,UCB-Success,4,400,1.0,1,132,15.286425421377428,0.0,432.660499618137,83.40440044812507,0.1667597450210876,0.08,1.3349391324857718,"{""rand1"": 25, ""pbest"": 47, ""closure"": 50, ""local"": 49, ""consensus"": 189}"
RotatedEllipsoid20,20,UCB-Success,5,400,1.0,1,158,14.71602968156319,0.0,429.6651122329656,89.35219516218099,0.1489491941873081,0.0914285714285714,1.4146079814085202,"{""rand1"": 32, ""pbest"": 44, ""closure"": 49, ""local"": 68, ""consensus"": 167}"
RotatedEllipsoid20,20,UCB-Success,6,400,1.0,1,128,9.717870247060542,0.0,430.86272528496073,89.11479782222638,0.159389195467605,0.1966666666666666,1.343007765004702,"{""rand1"": 22, ""pbest"": 48, ""closure"": 54, ""local"": 51, ""consensus"": 185}"
RotatedEllipsoid20,20,UCB-Success,7,400,1.0,1,131,9.671512670868182,0.0,432.8013256396064,76.36553036381173,0.1593573553038138,0.3381180223285486,1.3073263146807013,"{""rand1"": 27, ""pbest"": 21, ""closure"": 58, ""local"": 67, ""consensus"": 187}"
RotatedEllipsoid20,20,UCB-Success,8,400,1.0,1,98,7.264367239305439,0.0,428.8058371855586,86.48118976035504,0.1308924707042729,0.0714285714285714,1.3792797599724298,"{""rand1"": 26, ""pbest"": 36, ""closure"": 58, ""local"": 67, ""consensus"": 173}"
RotatedEllipsoid20,20,UCB-Success,9,400,1.0,1,117,9.310563390324107,0.0,430.03804413240334,84.04069242515567,0.154499733159581,0.0457142857142857,1.3362236144961313,"{""rand1"": 27, ""pbest"": 28, ""closure"": 68, ""local"": 54, ""consensus"": 183}"
RotatedEllipsoid20,20,UCB-Success,10,400,1.0,1,136,23.11634858503796,0.0,427.81570312136114,69.15986277413636,0.1367515005796321,0.5371566472742944,1.409560134106862,"{""rand1"": 29, ""pbest"": 47, ""closure"": 59, ""local"": 56, ""consensus"": 169}"
RotatedEllipsoid20,20,UCB-Success,11,400,1.0,1,85,18.18311924512949,0.0,420.9243050430426,83.6407760165803,0.1103404623028639,0.3,1.429206025787354,"{""rand1"": 14, ""pbest"": 65, ""closure"": 61, ""local"": 75, ""consensus"": 145}"
RotatedEllipsoid20,20,UCB-Success,12,400,1.0,1,161,30.009127413178334,0.0,428.392874150284,75.20060207732699,0.1363486624220005,0.6021779788838613,1.3973426263350262,"{""rand1"": 19, ""pbest"": 48, ""closure"": 69, ""local"": 60, ""consensus"": 164}"
RotatedEllipsoid20,20,UCB-Success,13,400,1.0,1,115,15.522531859915471,0.0,429.7501668383672,85.36415294181701,0.165611349860592,0.1619047619047619,1.3725920278010486,"{""rand1"": 23, ""pbest"": 45, ""closure"": 53, ""local"": 63, ""consensus"": 176}"
RotatedEllipsoid20,20,UCB-Success,14,400,1.0,1,149,12.92293097746878,0.0,430.0574180448631,85.1518573753775,0.1520902003868344,0.1777022977022976,1.3680203944896712,"{""rand1"": 24, ""pbest"": 40, ""closure"": 51, ""local"": 69, ""consensus"": 176}"
RotatedEllipsoid20,20,UCB-Success,15,400,1.0,1,145,23.812638427941227,0.0,431.4576455505689,71.41265933520545,0.168891302338172,0.5098671882546123,1.3112609779533386,"{""rand1"": 19, ""pbest"": 31, ""closure"": 69, ""local"": 55, ""consensus"": 186}"
RotatedEllipsoid20,20,UCB-Success,16,400,1.0,1,134,13.90052960421697,0.0,434.6300421261462,79.51754041245167,0.1623680377208582,0.2735714285714286,1.2795746660916576,"{""rand1"": 25, ""pbest"": 26, ""closure"": 44, ""local"": 69, ""consensus"": 196}"
RotatedEllipsoid20,20,UCB-Success,17,400,1.0,1,144,20.099986202211813,0.0,419.1978617127307,78.75146976673607,0.1175717890892686,0.5262155388471178,1.4651250493129857,"{""rand1"": 22, ""pbest"": 51, ""closure"": 82, ""local"": 67, ""consensus"": 138}"
RotatedEllipsoid20,20,UCB-Success,18,400,1.0,1,130,9.250270198430297,0.0,429.7937526747107,78.97107407097943,0.1601658766603283,0.3657142857142857,1.3605051214452129,"{""rand1"": 21, ""pbest"": 59, ""closure"": 49, ""local"": 52, ""consensus"": 179}"
RotatedEllipsoid20,20,UCB-Success,19,400,1.0,1,151,18.715723698221307,0.0,430.0603829203408,79.86912644474477,0.1531813125019537,0.2579220779220779,1.3522893246489505,"{""rand1"": 19, ""pbest"": 43, ""closure"": 53, ""local"": 67, ""consensus"": 178}"
RotatedEllipsoid20,20,UCB-Success,20,400,1.0,1,134,10.372280333586344,0.0,428.3653171961661,88.8614657953489,0.140835930749359,0.04,1.3949033633912822,"{""rand1"": 25, ""pbest"": 43, ""closure"": 62, ""local"": 60, ""consensus"": 170}"
RotatedEllipsoid20,20,UCB-Success,21,400,1.0,1,149,20.123879859689577,0.0,428.7766869588214,84.2072249744092,0.1461357317425569,0.1399999999999999,1.373358631571833,"{""rand1"": 20, ""pbest"": 56, ""closure"": 43, ""local"": 69, ""consensus"": 172}"
RotatedEllipsoid20,20,UCB-Success,22,400,1.0,1,140,19.74800100623615,0.0,429.5676970981194,84.75280677109404,0.126378935471476,0.1428571428571428,1.4005369674332186,"{""rand1"": 24, ""pbest"": 40, ""closure"": 59, ""local"": 72, ""consensus"": 165}"
RotatedEllipsoid20,20,UCB-Success,23,400,1.0,1,121,21.240391058641677,0.0,427.0197535472561,76.65568794099201,0.13015165133616,0.2211188811188811,1.4293646797158472,"{""rand1"": 29, ""pbest"": 52, ""closure"": 59, ""local"": 57, ""consensus"": 163}"
RotatedEllipsoid20,20,UCB-Success,24,400,1.0,1,90,12.76252248493824,0.0,429.233384469316,80.5212097120508,0.1572624108563605,0.0,1.3608967822634956,"{""rand1"": 29, ""pbest"": 53, ""closure"": 54, ""local"": 41, ""consensus"": 183}"
RotatedEllipsoid20,20,UCB-Success,25,400,1.0,1,146,7.850685490127344,0.0,431.9325740992047,84.95128679853266,0.157799436312359,0.0418181818181817,1.3625821034449497,"{""rand1"": 26, ""pbest"": 51, ""closure"": 43, ""local"": 59, ""consensus"": 181}"
RotatedEllipsoid20,20,UCB-Success,26,400,1.0,1,111,12.884536991866916,0.0,428.4542971287266,83.5912277404837,0.1385818934533387,0.1942857142857142,1.3787550764593024,"{""rand1"": 20, ""pbest"": 53, ""closure"": 45, ""local"": 72, ""consensus"": 170}"
RotatedEllipsoid20,20,UCB-Success,27,400,1.0,1,99,14.604254108214551,0.0,428.41594632970094,67.0196256537411,0.152151059154518,0.3737579242223204,1.345849553334628,"{""rand1"": 25, ""pbest"": 33, ""closure"": 73, ""local"": 49, ""consensus"": 180}"
RotatedEllipsoid20,20,UCB-Success,28,400,1.0,1,142,19.18184961048595,0.0,427.0692534859911,76.098220662106,0.1288938064550828,0.1527272727272727,1.4189822198771371,"{""rand1"": 29, ""pbest"": 44, ""closure"": 51, ""local"": 73, ""consensus"": 163}"
RotatedEllipsoid20,20,UCB-Success,29,400,1.0,1,118,16.40366478437454,0.0,429.25004801416,83.57061845900222,0.1477440009769461,0.2214285714285714,1.3562443405269258,"{""rand1"": 21, ""pbest"": 60, ""closure"": 52, ""local"": 47, ""consensus"": 180}"
RotatedEllipsoid20,20,UCB-Violation,0,400,1.0,1,147,15.83075990101996,0.0,404.7695876591901,66.43099416876495,0.0853504035909057,0.1927872127872127,1.560146761431239,"{""rand1"": 45, ""pbest"": 58, ""closure"": 83, ""local"": 111, ""consensus"": 63}"
RotatedEllipsoid20,20,UCB-Violation,1,400,1.0,1,131,13.139717975309742,0.0,416.4133444532127,78.38955130740577,0.0901755334922798,0.0466666666666666,1.5529924852687658,"{""rand1"": 48, ""pbest"": 46, ""closure"": 68, ""local"": 88, ""consensus"": 110}"
RotatedEllipsoid20,20,UCB-Violation,2,400,1.0,1,124,6.626590877528988,0.0,422.4091799337112,77.352595155787,0.1384094395704461,0.2318681318681318,1.4924838083036611,"{""rand1"": 45, ""pbest"": 47, ""closure"": 70, ""local"": 53, ""consensus"": 145}"
RotatedEllipsoid20,20,UCB-Violation,3,400,1.0,1,198,16.46398936681647,0.0,415.6798323625249,69.64423774072748,0.1100151252469185,0.3735518394648829,1.5280092760275703,"{""rand1"": 42, ""pbest"": 49, ""closure"": 57, ""local"": 121, ""consensus"": 91}"
RotatedEllipsoid20,20,UCB-Violation,4,400,1.0,1,98,14.678836496835832,0.0,408.09784873515054,77.55009495783698,0.0899446588454429,0.0666666666666666,1.553599194540303,"{""rand1"": 50, ""pbest"": 49, ""closure"": 111, ""local"": 60, ""consensus"": 90}"
RotatedEllipsoid20,20,UCB-Violation,5,400,1.0,1,98,11.263751426515572,0.0,414.4125868755621,79.99904660406963,0.093288540851537,0.1828571428571428,1.5493822549088248,"{""rand1"": 47, ""pbest"": 47, ""closure"": 95, ""local"": 63, ""consensus"": 108}"
RotatedEllipsoid20,20,UCB-Violation,6,400,1.0,1,156,13.855204602627648,0.0,423.2507380152714,75.36467153594911,0.1221827649856434,0.3392345585449033,1.515506573735539,"{""rand1"": 50, ""pbest"": 46, ""closure"": 58, ""local"": 69, ""consensus"": 137}"
RotatedEllipsoid20,20,UCB-Violation,7,400,1.0,1,128,10.438046468468906,0.0,413.75771581645824,73.86139747879001,0.0850131199710821,0.3828171828171828,1.558209754043794,"{""rand1"": 45, ""pbest"": 49, ""closure"": 79, ""local"": 79, ""consensus"": 108}"
RotatedEllipsoid20,20,UCB-Violation,8,400,1.0,1,89,13.61165115842009,0.0,411.9159934976016,73.62656222331476,0.0911371903295587,0.1454545454545454,1.552958355353092,"{""rand1"": 49, ""pbest"": 50, ""closure"": 92, ""local"": 59, ""consensus"": 110}"
RotatedEllipsoid20,20,UCB-Violation,9,400,1.0,1,133,14.391680309154411,0.0,417.97826836344734,72.50288202604823,0.0918053381904444,0.4784415584415584,1.5544049992221856,"{""rand1"": 50, ""pbest"": 53, ""closure"": 64, ""local"": 74, ""consensus"": 119}"
RotatedEllipsoid20,20,UCB-Violation,10,400,1.0,1,123,13.853900840052988,0.0,420.677350613579,71.69975332249608,0.1157726382791473,0.8425541125541125,1.5234242697950058,"{""rand1"": 46, ""pbest"": 48, ""closure"": 77, ""local"": 58, ""consensus"": 131}"
RotatedEllipsoid20,20,UCB-Violation,11,400,1.0,1,120,16.17423542360009,0.0,420.4660152556761,77.88811247845162,0.1230601585311739,0.4545454545454546,1.5165575713419028,"{""rand1"": 49, ""pbest"": 45, ""closure"": 69, ""local"": 61, ""consensus"": 136}"
RotatedEllipsoid20,20,UCB-Violation,12,400,1.0,1,120,16.69079462410409,0.0,418.6046996391085,75.3076138421102,0.0964702128428588,0.4035854341736694,1.5507783225188732,"{""rand1"": 47, ""pbest"": 59, ""closure"": 68, ""local"": 64, ""consensus"": 122}"
RotatedEllipsoid20,20,UCB-Violation,13,400,1.0,1,126,19.05531454352845,0.0,413.2921633000225,82.0626258145873,0.0629479826025902,0.0357142857142857,1.5815673863733033,"{""rand1"": 54, ""pbest"": 53, ""closure"": 71, ""local"": 87, ""consensus"": 95}"
RotatedEllipsoid20,20,UCB-Violation,14,400,1.0,1,138,13.244601825323269,0.0,420.2120219345187,79.57274474467926,0.1080084269384872,0.1575757575757575,1.5349275888748983,"{""rand1"": 48, ""pbest"": 47, ""closure"": 72, ""local"": 66, ""consensus"": 127}"
RotatedEllipsoid20,20,UCB-Violation,15,400,1.0,1,213,28.8911443130238,0.0,417.76783610654974,67.58300004143894,0.1103453710193016,0.5380532212885154,1.5238823910554573,"{""rand1"": 41, ""pbest"": 57, ""closure"": 46, ""local"": 113, ""consensus"": 103}"
RotatedEllipsoid20,20,UCB-Violation,16,400,1.0,1,111,18.223636766654856,0.0,407.2884520740966,74.95494863611783,0.0906219387395271,0.2333333333333333,1.5494135948202727,"{""rand1"": 43, ""pbest"": 45, ""closure"": 95, ""local"": 102, ""consensus"": 75}"
RotatedEllipsoid20,20,UCB-Violation,17,400,1.0,1,155,24.54374408657464,0.0,411.48789113267645,72.18009223829154,0.1193492414552583,0.3359014898145333,1.520943798442294,"{""rand1"": 47, ""pbest"": 51, ""closure"": 53, ""local"": 133, ""consensus"": 76}"
RotatedEllipsoid20,20,UCB-Violation,18,400,1.0,1,175,20.037953712996597,0.0,421.5006945571613,74.65016231369103,0.1124689265054916,0.5635872173803209,1.52599594844889,"{""rand1"": 45, ""pbest"": 51, ""closure"": 54, ""local"": 82, ""consensus"": 128}"
RotatedEllipsoid20,20,UCB-Violation,19,400,1.0,1,166,12.752073929054855,0.0,423.7806255697153,71.5930028753225,0.1382772890271093,0.5833361478562716,1.495145855584228,"{""rand1"": 45, ""pbest"": 49, ""closure"": 54, ""local"": 67, ""consensus"": 145}"
RotatedEllipsoid20,20,UCB-Violation,20,400,1.0,1,82,20.329911003008306,0.0,409.0000625934624,76.06082089655094,0.1096042692367487,0.1828571428571428,1.5284087282241865,"{""rand1"": 47, ""pbest"": 47, ""closure"": 116, ""local"": 51, ""consensus"": 99}"
RotatedEllipsoid20,20,UCB-Violation,21,400,1.0,1,140,18.102244940900157,0.0,415.1949003298672,76.11515036617456,0.0815313047905193,0.0233333333333333,1.5631864231327492,"{""rand1"": 46, ""pbest"": 52, ""closure"": 79, ""local"": 75, ""consensus"": 108}"
RotatedEllipsoid20,20,UCB-Violation,22,400,1.0,1,123,18.94539013541115,0.0,415.7645983114077,74.88418332863114,0.0781271946570557,0.3138461538461538,1.565873024150387,"{""rand1"": 52, ""pbest"": 46, ""closure"": 77, ""local"": 80, ""consensus"": 105}"
RotatedEllipsoid20,20,UCB-Violation,23,400,1.0,1,139,11.978846607191116,0.0,423.36332655917886,72.03333330435342,0.1278699067403917,0.7870676691729324,1.5114031770411376,"{""rand1"": 47, ""pbest"": 53, ""closure"": 52, ""local"": 69, ""consensus"": 139}"
RotatedEllipsoid20,20,UCB-Violation,24,400,1.0,1,108,19.00772642808578,0.0,419.0211648655978,74.96304070500605,0.1160952848504466,0.6395098039215685,1.5223923404622377,"{""rand1"": 49, ""pbest"": 46, ""closure"": 76, ""local"": 57, ""consensus"": 132}"
RotatedEllipsoid20,20,UCB-Violation,25,400,1.0,1,145,13.983492279843288,0.0,422.7314047946567,79.99356653213528,0.1371894632969571,0.2380392156862745,1.4951456356716677,"{""rand1"": 43, ""pbest"": 52, ""closure"": 66, ""local"": 54, ""consensus"": 145}"
RotatedEllipsoid20,20,UCB-Violation,26,400,1.0,1,98,15.124256784839956,0.0,414.0316852393891,72.39464227400924,0.1016014189724281,0.5776223776223777,1.5404003342357244,"{""rand1"": 48, ""pbest"": 50, ""closure"": 100, ""local"": 52, ""consensus"": 110}"
RotatedEllipsoid20,20,UCB-Violation,27,400,1.0,1,176,23.15006041101384,0.0,406.5523362570391,81.65983693061962,0.1311909480233947,0.1211027568922305,1.5057496408059945,"{""rand1"": 48, ""pbest"": 45, ""closure"": 63, ""local"": 141, ""consensus"": 63}"
RotatedEllipsoid20,20,UCB-Violation,28,400,1.0,1,127,11.703981754980047,0.0,420.9533301233651,75.10717427952099,0.1175094588732181,0.2861538461538461,1.5217448748923477,"{""rand1"": 44, ""pbest"": 48, ""closure"": 58, ""local"": 80, ""consensus"": 130}"
RotatedEllipsoid20,20,UCB-Violation,29,400,1.0,1,85,20.93232601969714,0.0,410.9067217056528,63.14967059705138,0.0750095388659794,0.1002197802197802,1.5687428989941217,"{""rand1"": 48, ""pbest"": 48, ""closure"": 80, ""local"": 90, ""consensus"": 94}"
SparseFeasible20,20,DCAS,0,400,1.0,1,230,2.864825897198151,0.0,416.87504396517767,52.83075799933857,0.0635749387608634,0.446594031331693,1.5870767117945932,"{""rand1"": 57, ""pbest"": 59, ""closure"": 63, ""local"": 94, ""consensus"": 87}"
SparseFeasible20,20,DCAS,1,400,1.0,1,358,4.007649726031206,0.0,425.2962063168413,52.07437456519676,0.1110872381489944,0.1237299465240641,1.496087610242121,"{""rand1"": 65, ""pbest"": 62, ""closure"": 21, ""local"": 98, ""consensus"": 114}"
SparseFeasible20,20,DCAS,2,400,1.0,1,285,2.622200712746732,0.0,425.6558983824834,54.59178121624323,0.0950970006878545,0.3567288430523724,1.5554722815690265,"{""rand1"": 53, ""pbest"": 67, ""closure"": 44, ""local"": 85, ""consensus"": 111}"
SparseFeasible20,20,DCAS,3,400,1.0,1,240,1.8663206375177408,0.0,419.9505794663434,54.26073005932,0.0733700980442941,0.5086247778051474,1.582317099572196,"{""rand1"": 56, ""pbest"": 59, ""closure"": 64, ""local"": 78, ""consensus"": 103}"
SparseFeasible20,20,DCAS,4,400,1.0,1,172,3.0845593811952283,0.0,413.108203574842,54.05815309434677,0.0367409766187082,0.4108001153586256,1.5985091848991506,"{""rand1"": 56, ""pbest"": 65, ""closure"": 85, ""local"": 73, ""consensus"": 81}"
SparseFeasible20,20,DCAS,5,400,1.0,1,283,3.676800557186483,0.0,427.361175998814,50.57733121263517,0.0994445421512791,0.5082910837941798,1.528573965269839,"{""rand1"": 59, ""pbest"": 72, ""closure"": 30, ""local"": 83, ""consensus"": 116}"
SparseFeasible20,20,DCAS,6,400,1.0,1,284,2.951564467592286,0.0,423.23859957133817,54.26779655327581,0.0956053549718085,0.4152221060789921,1.5568839515445163,"{""rand1"": 57, ""pbest"": 73, ""closure"": 43, ""local"": 73, ""consensus"": 114}"
SparseFeasible20,20,DCAS,7,400,1.0,1,331,3.4467793656622305,0.0,425.8798129245425,50.285413568469295,0.1070371573730154,0.2120391610714191,1.5076682582091046,"{""rand1"": 63, ""pbest"": 70, ""closure"": 23, ""local"": 87, ""consensus"": 117}"
SparseFeasible20,20,DCAS,8,400,1.0,1,293,3.885497335230359,0.0,424.814449993071,49.37826220451838,0.091865018276393,0.2466262076556194,1.5614197286241616,"{""rand1"": 56, ""pbest"": 64, ""closure"": 45, ""local"": 88, ""consensus"": 107}"
SparseFeasible20,20,DCAS,9,400,1.0,1,321,2.683013667392512,0.0,424.4827443165489,53.788485366931454,0.1077298476054132,0.3020864027682061,1.5258710880268818,"{""rand1"": 59, ""pbest"": 60, ""closure"": 32, ""local"": 95, ""consensus"": 114}"
SparseFeasible20,20,DCAS,10,400,1.0,1,221,2.3859957303977475,0.0,415.0976742742533,54.08696338261002,0.0709272455674223,0.669523852646494,1.57467630735115,"{""rand1"": 59, ""pbest"": 59, ""closure"": 52, ""local"": 100, ""consensus"": 90}"
SparseFeasible20,20,DCAS,11,400,1.0,1,358,4.084471433654758,0.0,424.8871653172322,49.630620002020535,0.1104489942765833,0.1092935040303461,1.4956593226229895,"{""rand1"": 59, ""pbest"": 67, ""closure"": 21, ""local"": 105, ""consensus"": 108}"
SparseFeasible20,20,DCAS,12,400,1.0,1,280,4.139980018473553,0.0,423.4153291158711,55.66081958311405,0.080875165789141,0.3639568037283421,1.583024360032519,"{""rand1"": 58, ""pbest"": 66, ""closure"": 54, ""local"": 83, ""consensus"": 99}"
SparseFeasible20,20,DCAS,13,400,1.0,1,313,2.9050460826404843,0.0,426.90862563846633,53.2545820636968,0.1067814583867564,0.236888473965782,1.5067648748409026,"{""rand1"": 56, ""pbest"": 71, ""closure"": 24, ""local"": 97, ""consensus"": 112}"
SparseFeasible20,20,DCAS,14,400,1.0,1,315,4.44897143625989,0.0,424.3156012582592,50.02511785347433,0.1018348614530147,0.2635067952715011,1.5350036632470738,"{""rand1"": 59, ""pbest"": 65, ""closure"": 32, ""local"": 99, ""consensus"": 105}"
SparseFeasible20,20,DCAS,15,400,1.0,1,291,2.358111259680461,0.0,422.3641135637785,54.372539636620616,0.0924504469467544,0.5245285585166155,1.5563639502095268,"{""rand1"": 55, ""pbest"": 72, ""closure"": 39, ""local"": 96, ""consensus"": 98}"
SparseFeasible20,20,DCAS,16,400,1.0,1,315,3.097775013188085,0.0,423.0702563528326,51.81714123003085,0.0970447304907378,0.3233865827004746,1.5512811511561884,"{""rand1"": 58, ""pbest"": 75, ""closure"": 37, ""local"": 80, ""consensus"": 110}"
SparseFeasible20,20,DCAS,17,400,1.0,1,204,3.719150947761338,0.0,413.259088986776,54.430155173618815,0.0532902556489499,0.4918990087586362,1.5914143112968273,"{""rand1"": 55, ""pbest"": 61, ""closure"": 69, ""local"": 92, ""consensus"": 83}"
SparseFeasible20,20,DCAS,18,400,1.0,1,291,3.479269661871678,0.0,427.3446965849155,56.09259788251494,0.096275640707596,0.2209983480571716,1.5549827463087882,"{""rand1"": 55, ""pbest"": 59, ""closure"": 47, ""local"": 86, ""consensus"": 113}"
SparseFeasible20,20,DCAS,19,400,1.0,1,303,2.118491686306906,0.0,422.260635145475,53.196094564558265,0.0943108892858236,0.3458677167527937,1.5545462915936534,"{""rand1"": 56, ""pbest"": 69, ""closure"": 39, ""local"": 93, ""consensus"": 103}"
SparseFeasible20,20,DCAS,20,400,1.0,1,276,2.595173156670824,0.0,421.2055372076216,55.20157583669948,0.0863331618147138,0.4540791751592667,1.5725804389044735,"{""rand1"": 53, ""pbest"": 59, ""closure"": 56, ""local"": 93, ""consensus"": 99}"
SparseFeasible20,20,DCAS,21,400,1.0,1,285,2.779413511731708,0.0,425.69481031336255,53.13708527538897,0.0972222649493732,0.376200761287149,1.5441471318484865,"{""rand1"": 59, ""pbest"": 66, ""closure"": 36, ""local"": 87, ""consensus"": 112}"
SparseFeasible20,20,DCAS,22,400,1.0,1,264,3.877989261098343,0.0,420.4711895952091,54.7223658634962,0.0826848068364269,0.3810171061524991,1.570353664546426,"{""rand1"": 56, ""pbest"": 64, ""closure"": 49, ""local"": 103, ""consensus"": 88}"
SparseFeasible20,20,DCAS,23,400,1.0,1,246,2.249753721410944,0.0,417.7206797471406,54.977154986409865,0.0921845065299581,0.4268421070743052,1.5542908381536764,"{""rand1"": 53, ""pbest"": 62, ""closure"": 45, ""local"": 109, ""consensus"": 91}"
SparseFeasible20,20,DCAS,24,400,1.0,1,348,3.3574527837599493,0.0,423.4645389480641,51.19473023461398,0.1054152449591778,0.2498854153692863,1.510898039049671,"{""rand1"": 65, ""pbest"": 69, ""closure"": 22, ""local"": 99, ""consensus"": 105}"
SparseFeasible20,20,DCAS,25,400,1.0,1,290,3.86690446141496,0.0,422.6019963306936,56.17703625496777,0.090986879555423,0.3595241262966221,1.5679677343240228,"{""rand1"": 54, ""pbest"": 63, ""closure"": 50, ""local"": 89, ""consensus"": 104}"
SparseFeasible20,20,DCAS,26,400,1.0,1,338,3.192334310419355,0.0,423.6764964817563,51.79737511391346,0.1063941274729328,0.3031964002861836,1.5183218321399763,"{""rand1"": 60, ""pbest"": 68, ""closure"": 26, ""local"": 109, ""consensus"": 97}"
SparseFeasible20,20,DCAS,27,400,1.0,1,231,3.3531849371719207,0.0,413.4154406439804,55.86216991233852,0.0564411626371842,0.3508097689511764,1.592883622197731,"{""rand1"": 52, ""pbest"": 73, ""closure"": 64, ""local"": 87, ""consensus"": 84}"
SparseFeasible20,20,DCAS,28,400,1.0,1,323,4.261460961631671,0.0,418.9536534262389,52.87056578408523,0.0988769243228961,0.2126280470932423,1.5459088857984555,"{""rand1"": 60, ""pbest"": 72, ""closure"": 33, ""local"": 104, ""consensus"": 91}"
SparseFeasible20,20,DCAS,29,400,1.0,1,327,3.7219000226063543,0.0,426.6821386663106,50.45182645686104,0.1140006244597573,0.1963986503692386,1.510778186598436,"{""rand1"": 59, ""pbest"": 64, ""closure"": 29, ""local"": 82, ""consensus"": 126}"
SparseFeasible20,20,DCAS-noClosure,0,400,1.0,1,230,2.91125162448373,0.0,424.5280567431612,48.90533083102513,0.1205406464722834,0.4586007657977287,1.3512151777488846,"{""rand1"": 60, ""pbest"": 74, ""closure"": 0, ""local"": 114, ""consensus"": 112}"
SparseFeasible20,20,DCAS-noClosure,1,400,1.0,1,358,3.597275866145776,0.0,427.77434763709874,49.67896866030232,0.117025718179674,0.1399999999999999,1.3534905543918254,"{""rand1"": 67, ""pbest"": 70, ""closure"": 0, ""local"": 99, ""consensus"": 124}"
SparseFeasible20,20,DCAS-noClosure,2,400,1.0,1,285,2.979274945857914,0.0,432.11426196734897,51.23946696408281,0.1211987583873237,0.3499104928207095,1.342586918964084,"{""rand1"": 59, ""pbest"": 79, ""closure"": 0, ""local"": 89, ""consensus"": 133}"
SparseFeasible20,20,DCAS-noClosure,3,400,1.0,1,240,3.0935994558959363,0.0,426.40703600960336,50.21889109686876,0.1210348799640089,0.4708601866326823,1.3539530248184204,"{""rand1"": 65, ""pbest"": 70, ""closure"": 0, ""local"": 108, ""consensus"": 117}"
SparseFeasible20,20,DCAS-noClosure,4,400,1.0,1,172,2.801686847157422,0.0,427.74432648530086,47.57807637535832,0.1169286132159009,0.4187856094307707,1.3559512487805083,"{""rand1"": 66, ""pbest"": 72, ""closure"": 0, ""local"": 101, ""consensus"": 121}"
SparseFeasible20,20,DCAS-noClosure,5,400,1.0,1,283,4.505233823442735,0.0,429.9429130447462,50.18327783129152,0.1188715370091814,0.3956441182447374,1.3519283710611,"{""rand1"": 61, ""pbest"": 78, ""closure"": 0, ""local"": 96, ""consensus"": 125}"
SparseFeasible20,20,DCAS-noClosure,6,400,1.0,1,284,3.4177271945538434,0.0,426.2397461108848,51.79625308538792,0.1197017086366037,0.3763465298142717,1.355117792434966,"{""rand1"": 61, ""pbest"": 84, ""closure"": 0, ""local"": 91, ""consensus"": 124}"
SparseFeasible20,20,DCAS-noClosure,7,400,1.0,1,331,3.1887972794754407,0.0,428.32688455854384,49.26882239310148,0.1173787209959842,0.2911442049986942,1.3534330794658598,"{""rand1"": 66, ""pbest"": 74, ""closure"": 0, ""local"": 93, ""consensus"": 127}"
SparseFeasible20,20,DCAS-noClosure,8,400,1.0,1,293,3.991204670841844,0.0,429.5860513075581,45.5937597839859,0.1173930586982655,0.3355972217891723,1.3572014659482474,"{""rand1"": 66, ""pbest"": 75, ""closure"": 0, ""local"": 96, ""consensus"": 123}"
SparseFeasible20,20,DCAS-noClosure,9,400,1.0,1,321,4.288151875914879,0.0,428.1541607579487,50.09174519367414,0.1212409671661182,0.1481595881595881,1.3457991182249174,"{""rand1"": 63, ""pbest"": 69, ""closure"": 0, ""local"": 101, ""consensus"": 127}"
SparseFeasible20,20,DCAS-noClosure,10,400,1.0,1,221,2.748363067439247,0.0,422.3719025991175,51.32018230804312,0.1241277653465098,0.6466020417723203,1.346213183684094,"{""rand1"": 62, ""pbest"": 68, ""closure"": 0, ""local"": 120, ""consensus"": 110}"
SparseFeasible20,20,DCAS-noClosure,11,400,1.0,1,358,4.38830605155084,0.0,426.60342273149394,47.106321628039126,0.1164034554068454,0.0924134660976766,1.3512151777488843,"{""rand1"": 60, ""pbest"": 74, ""closure"": 0, ""local"": 112, ""consensus"": 114}"
SparseFeasible20,20,DCAS-noClosure,12,400,1.0,1,280,4.757441842447633,0.0,430.6876132203397,49.43516615227456,0.1144782764259837,0.3780981141971854,1.3628685101107525,"{""rand1"": 71, ""pbest"": 76, ""closure"": 0, ""local"": 91, ""consensus"": 122}"
SparseFeasible20,20,DCAS-noClosure,13,400,1.0,1,313,3.2197322491342497,0.0,428.7717012569405,49.525243467068336,0.1197007689599674,0.1652100840336134,1.350221844672448,"{""rand1"": 59, ""pbest"": 75, ""closure"": 0, ""local"": 109, ""consensus"": 117}"
SparseFeasible20,20,DCAS-noClosure,14,400,1.0,1,315,4.779871980743097,0.0,427.49338823632735,45.79444305787612,0.1172791197021662,0.2465442191757981,1.3555526019641744,"{""rand1"": 66, ""pbest"": 70, ""closure"": 0, ""local"": 108, ""consensus"": 116}"
SparseFeasible20,20,DCAS-noClosure,15,400,1.0,1,291,3.7062781614614257,0.0,425.9596838502182,50.63308500693152,0.1164455478337624,0.1238027501185396,1.3598497651367225,"{""rand1"": 60, ""pbest"": 83, ""closure"": 0, ""local"": 108, ""consensus"": 109}"
SparseFeasible20,20,DCAS-noClosure,16,400,1.0,1,315,3.256684027728047,0.0,427.8212517157547,49.942769326434586,0.115553024373287,0.289900153609831,1.3572898061694705,"{""rand1"": 66, ""pbest"": 81, ""closure"": 0, ""local"": 87, ""consensus"": 126}"
SparseFeasible20,20,DCAS-noClosure,17,400,1.0,1,204,3.2082528203292564,0.0,420.47391788101424,48.20623991824306,0.1206460492212258,0.5219832725143322,1.3559512487805083,"{""rand1"": 66, ""pbest"": 72, ""closure"": 0, ""local"": 121, ""consensus"": 101}"
SparseFeasible20,20,DCAS-noClosure,18,400,1.0,1,291,4.579255317153097,0.0,432.03199068048406,49.51276060367488,0.1223105546337103,0.2632916950564009,1.347462789275225,"{""rand1"": 63, ""pbest"": 70, ""closure"": 0, ""local"": 101, ""consensus"": 126}"
SparseFeasible20,20,DCAS-noClosure,19,400,1.0,1,303,2.7870287741143693,0.0,426.4549322484159,51.38077973680159,0.1161775845369026,0.1860211940050649,1.3634544529346533,"{""rand1"": 67, ""pbest"": 76, ""closure"": 0, ""local"": 103, ""consensus"": 114}"
SparseFeasible20,20,DCAS-noClosure,20,400,1.0,1,276,3.642840939528989,0.0,427.2490039245723,50.38832529842973,0.1160953160265368,0.3489010646286188,1.363257087212473,"{""rand1"": 63, ""pbest"": 83, ""closure"": 0, ""local"": 100, ""consensus"": 114}"
SparseFeasible20,20,DCAS-noClosure,21,400,1.0,1,285,2.736019098467129,0.0,429.7442277833264,49.33135003144485,0.1196922906187764,0.2538255306167365,1.3511695337437732,"{""rand1"": 61, ""pbest"": 78, ""closure"": 0, ""local"": 95, ""consensus"": 126}"
SparseFeasible20,20,DCAS-noClosure,22,400,1.0,1,264,4.397432160319813,0.0,428.3506655100531,48.86169573591163,0.1170359299873059,0.3088319551477446,1.359566046803636,"{""rand1"": 67, ""pbest"": 72, ""closure"": 0, ""local"": 107, ""consensus"": 114}"
SparseFeasible20,20,DCAS-noClosure,23,400,1.0,1,246,2.4117546392343594,0.0,421.1609303190255,52.53254937557252,0.1220776981400093,0.5132277231621531,1.3556255236018373,"{""rand1"": 67, ""pbest"": 71, ""closure"": 0, ""local"": 122, ""consensus"": 100}"
SparseFeasible20,20,DCAS-noClosure,24,400,1.0,1,348,3.840177339864247,0.0,425.3016015696801,49.07383028600372,0.1143388409152076,0.2867126235547288,1.3659273363098197,"{""rand1"": 72, ""pbest"": 72, ""closure"": 0, ""local"": 105, ""consensus"": 111}"
SparseFeasible20,20,DCAS-noClosure,25,400,1.0,1,290,3.7855082213311615,0.0,427.66822509840057,50.11068341103912,0.1183363128504628,0.2911241537866925,1.3559512487805083,"{""rand1"": 66, ""pbest"": 72, ""closure"": 0, ""local"": 101, ""consensus"": 121}"
SparseFeasible20,20,DCAS-noClosure,26,400,1.0,1,338,3.0401113255466146,0.0,426.6401131618193,51.31442805319759,0.1179915897810908,0.2787493643917792,1.3508297339685849,"{""rand1"": 58, ""pbest"": 77, ""closure"": 0, ""local"": 115, ""consensus"": 110}"
SparseFeasible20,20,DCAS-noClosure,27,400,1.0,1,231,3.467132757922296,0.0,421.19623983552543,50.33378961998316,0.1130827830889219,0.3217137946815057,1.365639140361708,"{""rand1"": 61, ""pbest"": 94, ""closure"": 0, ""local"": 96, ""consensus"": 109}"
SparseFeasible20,20,DCAS-noClosure,28,400,1.0,1,323,5.275645426966896,0.0,421.3356668654733,49.11445236225089,0.1124106638722244,0.1841776999671736,1.3684922127853176,"{""rand1"": 67, ""pbest"": 82, ""closure"": 0, ""local"": 111, ""consensus"": 100}"
SparseFeasible20,20,DCAS-noClosure,29,400,1.0,1,327,3.856984550330192,0.0,429.07404623078986,46.02752608390181,0.1245474957247767,0.1083655083655083,1.346098039265938,"{""rand1"": 67, ""pbest"": 69, ""closure"": 0, ""local"": 92, ""consensus"": 132}"
SparseFeasible20,20,DCAS-stationary,0,400,1.0,1,314,3.775230168261609,0.0,421.0233398886808,55.72115623016152,0.1337275496739125,0.3206084060418425,1.5018458357800415,"{""rand1"": 30, ""pbest"": 42, ""closure"": 86, ""local"": 81, ""consensus"": 121}"
SparseFeasible20,20,DCAS-stationary,1,400,1.0,1,270,2.703912271499518,0.0,417.4689559937676,57.65159942599944,0.1255551806374453,0.3263561396159019,1.440035737338908,"{""rand1"": 24, ""pbest"": 30, ""closure"": 124, ""local"": 73, ""consensus"": 109}"
SparseFeasible20,20,DCAS-stationary,2,400,1.0,1,284,1.7852855097194305,0.0,428.86948392227777,57.10171416718989,0.157265051473926,0.5089991338584688,1.4311063120708365,"{""rand1"": 31, ""pbest"": 35, ""closure"": 83, ""local"": 57, ""consensus"": 154}"
SparseFeasible20,20,DCAS-stationary,3,400,1.0,1,268,2.583590234620348,0.0,428.4627720098481,61.69343132974078,0.1887244611219111,0.646467178772079,1.3732002983582636,"{""rand1"": 33, ""pbest"": 38, ""closure"": 95, ""local"": 30, ""consensus"": 164}"
SparseFeasible20,20,DCAS-stationary,4,400,1.0,1,240,2.420953371182536,0.0,426.1883100125546,58.024705293831445,0.1520777286583043,0.5087683061957688,1.4182814105007386,"{""rand1"": 25, ""pbest"": 39, ""closure"": 90, ""local"": 53, ""consensus"": 153}"
SparseFeasible20,20,DCAS-stationary,5,400,1.0,1,258,2.393075347338843,0.0,426.14709406995945,57.32807278737318,0.1578358864679405,0.6290905799074485,1.407262034471357,"{""rand1"": 24, ""pbest"": 45, ""closure"": 106, ""local"": 39, ""consensus"": 146}"
SparseFeasible20,20,DCAS-stationary,6,400,1.0,1,270,2.6334541739620523,0.0,419.7763156351761,56.928329959146026,0.133399168821157,0.49715528589058,1.4505201043361629,"{""rand1"": 24, ""pbest"": 37, ""closure"": 116, ""local"": 63, ""consensus"": 120}"
SparseFeasible20,20,DCAS-stationary,7,400,1.0,1,248,3.173521329025121,0.0,412.39284293347066,54.59599098722352,0.1009437074278715,0.3807070098358665,1.4400172047547648,"{""rand1"": 31, ""pbest"": 34, ""closure"": 150, ""local"": 62, ""consensus"": 83}"
SparseFeasible20,20,DCAS-stationary,8,400,1.0,1,246,3.13066265446411,0.0,423.05510327209913,55.11409695729856,0.1445384980841946,0.4475052551229021,1.4209613913001933,"{""rand1"": 25, ""pbest"": 38, ""closure"": 106, ""local"": 49, ""consensus"": 142}"
SparseFeasible20,20,DCAS-stationary,9,400,1.0,1,248,1.729008036878645,0.0,412.23129260502793,61.28867855205458,0.1133382805119106,0.5180187039352193,1.5048469247743697,"{""rand1"": 22, ""pbest"": 54, ""closure"": 100, ""local"": 103, ""consensus"": 81}"
SparseFeasible20,20,DCAS-stationary,10,400,1.0,1,236,2.0932402411059727,0.0,409.4310118601428,54.71121275331653,0.1043726596550216,0.5631578205076657,1.479031339970691,"{""rand1"": 27, ""pbest"": 42, ""closure"": 131, ""local"": 88, ""consensus"": 72}"
SparseFeasible20,20,DCAS-stationary,11,400,1.0,1,333,2.280122762100111,0.0,427.23027907958624,58.09120706423706,0.1403977774875027,0.2198633527810874,1.48990611951309,"{""rand1"": 37, ""pbest"": 42, ""closure"": 67, ""local"": 74, ""consensus"": 140}"
SparseFeasible20,20,DCAS-stationary,12,400,1.0,1,330,2.8347520184345063,0.0,420.70985065182447,56.780165472215394,0.148466134008869,0.2126375711574952,1.4446905515777426,"{""rand1"": 30, ""pbest"": 26, ""closure"": 70, ""local"": 124, ""consensus"": 110}"
SparseFeasible20,20,DCAS-stationary,13,400,1.0,1,263,3.158227918849623,0.0,423.9662521536584,57.67879180199863,0.1413990935380032,0.5418609288919954,1.4345875542297888,"{""rand1"": 25, ""pbest"": 34, ""closure"": 103, ""local"": 61, ""consensus"": 137}"
SparseFeasible20,20,DCAS-stationary,14,400,1.0,1,244,2.824021759958162,0.0,415.4241264129198,60.84362321033512,0.1025479215106475,0.2676996336996337,1.5093094292298697,"{""rand1"": 26, ""pbest"": 49, ""closure"": 102, ""local"": 78, ""consensus"": 105}"
SparseFeasible20,20,DCAS-stationary,15,400,1.0,1,242,3.348692609699764,0.0,413.7465229699013,59.63265359717776,0.1144331863992519,0.5689344772874184,1.4655674391640428,"{""rand1"": 33, ""pbest"": 25, ""closure"": 119, ""local"": 86, ""consensus"": 97}"
SparseFeasible20,20,DCAS-stationary,16,400,1.0,1,303,4.15657063296229,0.0,421.3392863501721,56.62839983912769,0.1251485696221012,0.3117073834968572,1.503363285130671,"{""rand1"": 30, ""pbest"": 42, ""closure"": 92, ""local"": 78, ""consensus"": 118}"
SparseFeasible20,20,DCAS-stationary,17,400,1.0,1,260,2.250316918601067,0.0,421.1441009289388,59.51647802148034,0.1389913368210545,0.3224354024354023,1.4509110559993152,"{""rand1"": 25, ""pbest"": 34, ""closure"": 101, ""local"": 70, ""consensus"": 130}"
SparseFeasible20,20,DCAS-stationary,18,400,1.0,1,331,3.268956227828454,0.0,422.8044097909249,53.60985691488274,0.1209620721793709,0.2305943013073743,1.5214692840011552,"{""rand1"": 28, ""pbest"": 56, ""closure"": 69, ""local"": 104, ""consensus"": 103}"
SparseFeasible20,20,DCAS-stationary,19,400,1.0,1,200,2.708994957804196,0.0,416.5557796730353,57.48106581618803,0.1264694725712716,0.5791475845160056,1.4267775962235143,"{""rand1"": 28, ""pbest"": 31, ""closure"": 132, ""local"": 54, ""consensus"": 115}"
SparseFeasible20,20,DCAS-stationary,20,400,1.0,1,351,3.1775309907370874,0.0,423.0863844381871,55.34335511209061,0.1415812374566618,0.1919868972500551,1.4794229387179274,"{""rand1"": 30, ""pbest"": 49, ""closure"": 49, ""local"": 112, ""consensus"": 120}"
SparseFeasible20,20,DCAS-stationary,21,400,1.0,1,210,2.96572842971623,0.0,419.7215643546592,57.86356398527446,0.1430202587239973,0.5928630959855713,1.398225125343798,"{""rand1"": 25, ""pbest"": 36, ""closure"": 126, ""local"": 41, ""consensus"": 132}"
SparseFeasible20,20,DCAS-stationary,22,400,1.0,1,282,2.6678055366479123,0.0,417.90350397446497,57.1191356528449,0.1260628091551603,0.264261194625851,1.4628670318404255,"{""rand1"": 29, ""pbest"": 27, ""closure"": 116, ""local"": 90, ""consensus"": 98}"
SparseFeasible20,20,DCAS-stationary,23,400,1.0,1,253,1.4855089177271394,0.0,419.5870811299943,57.30386101841956,0.1298625734732468,0.5399300964391175,1.4434916213363254,"{""rand1"": 26, ""pbest"": 34, ""closure"": 117, ""local"": 60, ""consensus"": 123}"
SparseFeasible20,20,DCAS-stationary,24,400,1.0,1,192,3.4523585577163938,0.0,406.23334880133393,57.33350250209898,0.1156363626989426,0.4698605389245517,1.4302996901692937,"{""rand1"": 29, ""pbest"": 27, ""closure"": 145, ""local"": 82, ""consensus"": 77}"
SparseFeasible20,20,DCAS-stationary,25,400,1.0,1,247,2.6375141967060034,0.0,423.03300783342655,58.31847757310422,0.1345611966861336,0.5696339980550507,1.4335317520933644,"{""rand1"": 25, ""pbest"": 33, ""closure"": 111, ""local"": 60, ""consensus"": 131}"
SparseFeasible20,20,DCAS-stationary,26,400,1.0,1,256,1.904819799426391,0.0,428.3147554676616,58.195175477943856,0.1626701686408749,0.5583760066881664,1.3865629752140525,"{""rand1"": 26, ""pbest"": 29, ""closure"": 96, ""local"": 52, ""consensus"": 157}"
SparseFeasible20,20,DCAS-stationary,27,400,1.0,1,250,3.976844211453571,0.0,419.57711550835165,62.22644276896438,0.1365030660661739,0.3219902697921274,1.419976750467907,"{""rand1"": 25, ""pbest"": 26, ""closure"": 104, ""local"": 70, ""consensus"": 135}"
SparseFeasible20,20,DCAS-stationary,28,400,1.0,1,271,2.4851735064202782,0.0,428.5161541629872,57.3921054825612,0.1613180915139188,0.2488125455988583,1.4101611796114573,"{""rand1"": 24, ""pbest"": 43, ""closure"": 78, ""local"": 54, ""consensus"": 161}"
SparseFeasible20,20,DCAS-stationary,29,400,1.0,1,223,2.532332698504681,0.0,419.3372924677132,58.81979050711159,0.1250031784619164,0.503698002001436,1.4527355354967295,"{""rand1"": 33, ""pbest"": 35, ""closure"": 120, ""local"": 50, ""consensus"": 122}"
SparseFeasible20,20,DE-EPS,0,400,1.0,0,401,inf,0.9789653026594404,400.0,0.0,0.0,0.0,0.0,{}
SparseFeasible20,20,DE-EPS,1,400,1.0,0,401,inf,1.3466063570396796,400.0,0.0,0.0,0.0,0.0,{}
SparseFeasible20,20,DE-EPS,2,400,1.0,0,401,inf,1.4177792661951751,400.0,0.0,0.0,0.0,0.0,{}
SparseFeasible20,20,DE-EPS,3,400,1.0,0,401,inf,1.1623980895660244,400.0,0.0,0.0,0.0,0.0,{}
SparseFeasible20,20,DE-EPS,4,400,1.0,0,401,inf,1.0939962379736397,400.0,0.0,0.0,0.0,0.0,{}
SparseFeasible20,20,DE-EPS,5,400,1.0,0,401,inf,1.1577185068922549,400.0,0.0,0.0,0.0,0.0,{}
SparseFeasible20,20,DE-EPS,6,400,1.0,0,401,inf,1.282215000473175,400.0,0.0,0.0,0.0,0.0,{}
SparseFeasible20,20,DE-EPS,7,400,1.0,0,401,inf,1.0833934764398776,400.0,0.0,0.0,0.0,0.0,{}
SparseFeasible20,20,DE-EPS,8,400,1.0,0,401,inf,1.0668328128015576,400.0,0.0,0.0,0.0,0.0,{}
SparseFeasible20,20,DE-EPS,9,400,1.0,0,401,inf,0.9656209870385734,400.0,0.0,0.0,0.0,0.0,{}
SparseFeasible20,20,DE-EPS,10,400,1.0,0,401,inf,1.4687526134519389,400.0,0.0,0.0,0.0,0.0,{}
SparseFeasible20,20,DE-EPS,11,400,1.0,0,401,inf,0.6568330611074179,400.0,0.0,0.0,0.0,0.0,{}
SparseFeasible20,20,DE-EPS,12,400,1.0,0,401,inf,1.3336162526497806,400.0,0.0,0.0,0.0,0.0,{}
SparseFeasible20,20,DE-EPS,13,400,1.0,0,401,inf,1.48690263823885,400.0,0.0,0.0,0.0,0.0,{}
SparseFeasible20,20,DE-EPS,14,400,1.0,0,401,inf,1.388543713048522,400.0,0.0,0.0,0.0,0.0,{}
SparseFeasible20,20,DE-EPS,15,400,1.0,0,401,inf,0.8320548180306151,400.0,0.0,0.0,0.0,0.0,{}
SparseFeasible20,20,DE-EPS,16,400,1.0,0,401,inf,1.4096711017274597,400.0,0.0,0.0,0.0,0.0,{}
SparseFeasible20,20,DE-EPS,17,400,1.0,0,401,inf,1.0538542241092006,400.0,0.0,0.0,0.0,0.0,{}
SparseFeasible20,20,DE-EPS,18,400,1.0,0,401,inf,1.1962015356989193,400.0,0.0,0.0,0.0,0.0,{}
SparseFeasible20,20,DE-EPS,19,400,1.0,0,401,inf,1.3967601333804809,400.0,0.0,0.0,0.0,0.0,{}
SparseFeasible20,20,DE-EPS,20,400,1.0,0,401,inf,1.2149353243259369,400.0,0.0,0.0,0.0,0.0,{}
SparseFeasible20,20,DE-EPS,21,400,1.0,0,401,inf,0.7744285756010333,400.0,0.0,0.0,0.0,0.0,{}
SparseFeasible20,20,DE-EPS,22,400,1.0,0,401,inf,1.523529858659595,400.0,0.0,0.0,0.0,0.0,{}
SparseFeasible20,20,DE-EPS,23,400,1.0,0,401,inf,0.6647514923531721,400.0,0.0,0.0,0.0,0.0,{}
SparseFeasible20,20,DE-EPS,24,400,1.0,0,401,inf,1.170466542721527,400.0,0.0,0.0,0.0,0.0,{}
SparseFeasible20,20,DE-EPS,25,400,1.0,0,401,inf,0.9356695434739508,400.0,0.0,0.0,0.0,0.0,{}
SparseFeasible20,20,DE-EPS,26,400,1.0,0,401,inf,0.9042840928089864,400.0,0.0,0.0,0.0,0.0,{}
SparseFeasible20,20,DE-EPS,27,400,1.0,0,401,inf,1.510737761649475,400.0,0.0,0.0,0.0,0.0,{}
SparseFeasible20,20,DE-EPS,28,400,1.0,0,401,inf,1.3388631087774108,400.0,0.0,0.0,0.0,0.0,{}
SparseFeasible20,20,DE-EPS,29,400,1.0,0,401,inf,1.2582594185819538,400.0,0.0,0.0,0.0,0.0,{}
SparseFeasible20,20,DE-NCV,0,400,1.0,0,401,inf,0.9789653026594404,400.0,0.0,0.0,0.0,0.0,{}
SparseFeasible20,20,DE-NCV,1,400,1.0,0,401,inf,1.3466063570396796,400.0,0.0,0.0,0.0,0.0,{}
SparseFeasible20,20,DE-NCV,2,400,1.0,0,401,inf,1.4177792661951751,400.0,0.0,0.0,0.0,0.0,{}
SparseFeasible20,20,DE-NCV,3,400,1.0,0,401,inf,1.1623980895660244,400.0,0.0,0.0,0.0,0.0,{}
SparseFeasible20,20,DE-NCV,4,400,1.0,0,401,inf,1.0939962379736397,400.0,0.0,0.0,0.0,0.0,{}
SparseFeasible20,20,DE-NCV,5,400,1.0,0,401,inf,1.1577185068922549,400.0,0.0,0.0,0.0,0.0,{}
SparseFeasible20,20,DE-NCV,6,400,1.0,0,401,inf,1.282215000473175,400.0,0.0,0.0,0.0,0.0,{}
SparseFeasible20,20,DE-NCV,7,400,1.0,0,401,inf,1.0833934764398776,400.0,0.0,0.0,0.0,0.0,{}
SparseFeasible20,20,DE-NCV,8,400,1.0,0,401,inf,1.0668328128015576,400.0,0.0,0.0,0.0,0.0,{}
SparseFeasible20,20,DE-NCV,9,400,1.0,0,401,inf,0.9656209870385734,400.0,0.0,0.0,0.0,0.0,{}
SparseFeasible20,20,DE-NCV,10,400,1.0,0,401,inf,1.4687526134519389,400.0,0.0,0.0,0.0,0.0,{}
SparseFeasible20,20,DE-NCV,11,400,1.0,0,401,inf,0.6568330611074179,400.0,0.0,0.0,0.0,0.0,{}
SparseFeasible20,20,DE-NCV,12,400,1.0,0,401,inf,1.3336162526497806,400.0,0.0,0.0,0.0,0.0,{}
SparseFeasible20,20,DE-NCV,13,400,1.0,0,401,inf,1.48690263823885,400.0,0.0,0.0,0.0,0.0,{}
SparseFeasible20,20,DE-NCV,14,400,1.0,0,401,inf,1.388543713048522,400.0,0.0,0.0,0.0,0.0,{}
SparseFeasible20,20,DE-NCV,15,400,1.0,0,401,inf,0.8320548180306151,400.0,0.0,0.0,0.0,0.0,{}
SparseFeasible20,20,DE-NCV,16,400,1.0,0,401,inf,1.4096711017274597,400.0,0.0,0.0,0.0,0.0,{}
SparseFeasible20,20,DE-NCV,17,400,1.0,0,401,inf,1.0538542241092006,400.0,0.0,0.0,0.0,0.0,{}
SparseFeasible20,20,DE-NCV,18,400,1.0,0,401,inf,1.1962015356989193,400.0,0.0,0.0,0.0,0.0,{}
SparseFeasible20,20,DE-NCV,19,400,1.0,0,401,inf,1.3967601333804809,400.0,0.0,0.0,0.0,0.0,{}
SparseFeasible20,20,DE-NCV,20,400,1.0,0,401,inf,1.2149353243259369,400.0,0.0,0.0,0.0,0.0,{}
SparseFeasible20,20,DE-NCV,21,400,1.0,0,401,inf,0.7744285756010333,400.0,0.0,0.0,0.0,0.0,{}
SparseFeasible20,20,DE-NCV,22,400,1.0,0,401,inf,1.523529858659595,400.0,0.0,0.0,0.0,0.0,{}
SparseFeasible20,20,DE-NCV,23,400,1.0,0,401,inf,0.6647514923531721,400.0,0.0,0.0,0.0,0.0,{}
SparseFeasible20,20,DE-NCV,24,400,1.0,0,401,inf,1.170466542721527,400.0,0.0,0.0,0.0,0.0,{}
SparseFeasible20,20,DE-NCV,25,400,1.0,0,401,inf,0.9356695434739508,400.0,0.0,0.0,0.0,0.0,{}
SparseFeasible20,20,DE-NCV,26,400,1.0,0,401,inf,0.9042840928089864,400.0,0.0,0.0,0.0,0.0,{}
SparseFeasible20,20,DE-NCV,27,400,1.0,0,401,inf,1.510737761649475,400.0,0.0,0.0,0.0,0.0,{}
SparseFeasible20,20,DE-NCV,28,400,1.0,0,401,inf,1.3388631087774108,400.0,0.0,0.0,0.0,0.0,{}
SparseFeasible20,20,DE-NCV,29,400,1.0,0,401,inf,1.2582594185819538,400.0,0.0,0.0,0.0,0.0,{}
SparseFeasible20,20,DE-PEN,0,400,1.0,0,401,inf,0.9789653026594404,400.0,0.0,0.0,0.0,0.0,{}
SparseFeasible20,20,DE-PEN,1,400,1.0,0,401,inf,1.1264595752150912,400.0,0.0,0.0,0.0,0.0,{}
SparseFeasible20,20,DE-PEN,2,400,1.0,0,401,inf,1.703318816956228,400.0,0.0,0.0,0.0,0.0,{}
SparseFeasible20,20,DE-PEN,3,400,1.0,0,401,inf,1.1623980895660244,400.0,0.0,0.0,0.0,0.0,{}
SparseFeasible20,20,DE-PEN,4,400,1.0,0,401,inf,1.0939962379736397,400.0,0.0,0.0,0.0,0.0,{}
SparseFeasible20,20,DE-PEN,5,400,1.0,0,401,inf,1.1577185068922549,400.0,0.0,0.0,0.0,0.0,{}
SparseFeasible20,20,DE-PEN,6,400,1.0,0,401,inf,1.282215000473175,400.0,0.0,0.0,0.0,0.0,{}
SparseFeasible20,20,DE-PEN,7,400,1.0,0,401,inf,1.0833934764398776,400.0,0.0,0.0,0.0,0.0,{}
SparseFeasible20,20,DE-PEN,8,400,1.0,0,401,inf,1.2201558883175756,400.0,0.0,0.0,0.0,0.0,{}
SparseFeasible20,20,DE-PEN,9,400,1.0,0,401,inf,0.9656209870385734,400.0,0.0,0.0,0.0,0.0,{}
SparseFeasible20,20,DE-PEN,10,400,1.0,0,401,inf,1.4687526134519389,400.0,0.0,0.0,0.0,0.0,{}
SparseFeasible20,20,DE-PEN,11,400,1.0,0,401,inf,0.6568330611074179,400.0,0.0,0.0,0.0,0.0,{}
SparseFeasible20,20,DE-PEN,12,400,1.0,0,401,inf,1.3336162526497806,400.0,0.0,0.0,0.0,0.0,{}
SparseFeasible20,20,DE-PEN,13,400,1.0,0,401,inf,1.48690263823885,400.0,0.0,0.0,0.0,0.0,{}
SparseFeasible20,20,DE-PEN,14,400,1.0,0,401,inf,1.388543713048522,400.0,0.0,0.0,0.0,0.0,{}
SparseFeasible20,20,DE-PEN,15,400,1.0,0,401,inf,1.2183604464922693,400.0,0.0,0.0,0.0,0.0,{}
SparseFeasible20,20,DE-PEN,16,400,1.0,0,401,inf,1.229999161811664,400.0,0.0,0.0,0.0,0.0,{}
SparseFeasible20,20,DE-PEN,17,400,1.0,0,401,inf,0.9269164456361912,400.0,0.0,0.0,0.0,0.0,{}
SparseFeasible20,20,DE-PEN,18,400,1.0,0,401,inf,1.4201253836906569,400.0,0.0,0.0,0.0,0.0,{}
SparseFeasible20,20,DE-PEN,19,400,1.0,0,401,inf,0.947932907154584,400.0,0.0,0.0,0.0,0.0,{}
SparseFeasible20,20,DE-PEN,20,400,1.0,0,401,inf,1.3047453080700793,400.0,0.0,0.0,0.0,0.0,{}
SparseFeasible20,20,DE-PEN,21,400,1.0,0,401,inf,0.7744285756010333,400.0,0.0,0.0,0.0,0.0,{}
SparseFeasible20,20,DE-PEN,22,400,1.0,0,401,inf,1.523529858659595,400.0,0.0,0.0,0.0,0.0,{}
SparseFeasible20,20,DE-PEN,23,400,1.0,0,401,inf,0.789594787745723,400.0,0.0,0.0,0.0,0.0,{}
SparseFeasible20,20,DE-PEN,24,400,1.0,0,401,inf,1.170466542721527,400.0,0.0,0.0,0.0,0.0,{}
SparseFeasible20,20,DE-PEN,25,400,1.0,0,401,inf,0.6718361492826513,400.0,0.0,0.0,0.0,0.0,{}
SparseFeasible20,20,DE-PEN,26,400,1.0,0,401,inf,0.9042840928089864,400.0,0.0,0.0,0.0,0.0,{}
SparseFeasible20,20,DE-PEN,27,400,1.0,0,401,inf,1.510737761649475,400.0,0.0,0.0,0.0,0.0,{}
SparseFeasible20,20,DE-PEN,28,400,1.0,0,401,inf,1.3388631087774108,400.0,0.0,0.0,0.0,0.0,{}
SparseFeasible20,20,DE-PEN,29,400,1.0,0,401,inf,0.8184736741206866,400.0,0.0,0.0,0.0,0.0,{}
SparseFeasible20,20,JADE-NCV,0,400,1.0,0,401,inf,0.2295586940420693,400.0,0.0,0.0,0.0,0.0,{}
SparseFeasible20,20,JADE-NCV,1,400,1.0,0,401,inf,0.0918387954880371,400.0,0.0,0.0,0.0,0.0,{}
SparseFeasible20,20,JADE-NCV,2,400,1.0,0,401,inf,0.4270926270588344,400.0,0.0,0.0,0.0,0.0,{}
SparseFeasible20,20,JADE-NCV,3,400,1.0,0,401,inf,0.331102415334669,400.0,0.0,0.0,0.0,0.0,{}
SparseFeasible20,20,JADE-NCV,4,400,1.0,0,401,inf,0.1606096093225045,400.0,0.0,0.0,0.0,0.0,{}
SparseFeasible20,20,JADE-NCV,5,400,1.0,0,401,inf,0.3749335587092005,400.0,0.0,0.0,0.0,0.0,{}
SparseFeasible20,20,JADE-NCV,6,400,1.0,0,401,inf,0.03032286845569,400.0,0.0,0.0,0.0,0.0,{}
SparseFeasible20,20,JADE-NCV,7,400,1.0,0,401,inf,0.1757672341537582,400.0,0.0,0.0,0.0,0.0,{}
SparseFeasible20,20,JADE-NCV,8,400,1.0,0,401,inf,0.1936607978040063,400.0,0.0,0.0,0.0,0.0,{}
SparseFeasible20,20,JADE-NCV,9,400,1.0,0,401,inf,0.3386520717377655,400.0,0.0,0.0,0.0,0.0,{}
SparseFeasible20,20,JADE-NCV,10,400,1.0,0,401,inf,0.3282428323830824,400.0,0.0,0.0,0.0,0.0,{}
SparseFeasible20,20,JADE-NCV,11,400,1.0,0,401,inf,0.4450458814979277,400.0,0.0,0.0,0.0,0.0,{}
SparseFeasible20,20,JADE-NCV,12,400,1.0,0,401,inf,0.1732743001545459,400.0,0.0,0.0,0.0,0.0,{}
SparseFeasible20,20,JADE-NCV,13,400,1.0,0,401,inf,0.425901085054044,400.0,0.0,0.0,0.0,0.0,{}
SparseFeasible20,20,JADE-NCV,14,400,1.0,0,401,inf,0.0574723428330479,400.0,0.0,0.0,0.0,0.0,{}
SparseFeasible20,20,JADE-NCV,15,400,1.0,0,401,inf,0.4224478628143755,400.0,0.0,0.0,0.0,0.0,{}
SparseFeasible20,20,JADE-NCV,16,400,1.0,0,401,inf,0.3954655438949218,400.0,0.0,0.0,0.0,0.0,{}
SparseFeasible20,20,JADE-NCV,17,400,1.0,0,401,inf,0.1139742822386645,400.0,0.0,0.0,0.0,0.0,{}
SparseFeasible20,20,JADE-NCV,18,400,1.0,0,401,inf,0.2485209448655849,400.0,0.0,0.0,0.0,0.0,{}
SparseFeasible20,20,JADE-NCV,19,400,1.0,0,401,inf,0.0745187903875224,400.0,0.0,0.0,0.0,0.0,{}
SparseFeasible20,20,JADE-NCV,20,400,1.0,0,401,inf,0.3379364422461365,400.0,0.0,0.0,0.0,0.0,{}
SparseFeasible20,20,JADE-NCV,21,400,1.0,0,401,inf,0.1632976246470267,400.0,0.0,0.0,0.0,0.0,{}
SparseFeasible20,20,JADE-NCV,22,400,1.0,0,401,inf,0.0053722145671211,400.0,0.0,0.0,0.0,0.0,{}
SparseFeasible20,20,JADE-NCV,23,400,1.0,0,401,inf,0.3128875711706403,400.0,0.0,0.0,0.0,0.0,{}
SparseFeasible20,20,JADE-NCV,24,400,1.0,0,401,inf,0.0931687471383712,400.0,0.0,0.0,0.0,0.0,{}
SparseFeasible20,20,JADE-NCV,25,400,1.0,0,401,inf,0.3274436546244343,400.0,0.0,0.0,0.0,0.0,{}
SparseFeasible20,20,JADE-NCV,26,400,1.0,0,401,inf,0.2146129905408581,400.0,0.0,0.0,0.0,0.0,{}
SparseFeasible20,20,JADE-NCV,27,400,1.0,0,401,inf,0.0610004995521336,400.0,0.0,0.0,0.0,0.0,{}
SparseFeasible20,20,JADE-NCV,28,400,1.0,0,401,inf,0.3721163086067383,400.0,0.0,0.0,0.0,0.0,{}
SparseFeasible20,20,JADE-NCV,29,400,1.0,0,401,inf,0.2576515564005192,400.0,0.0,0.0,0.0,0.0,{}
SparseFeasible20,20,UCB-Objective,0,400,1.0,1,264,2.973290230797216,0.0,420.6354636727899,48.50120161702241,0.0732098967065412,0.195358807082945,1.56558162621719,"{""rand1"": 82, ""pbest"": 82, ""closure"": 33, ""local"": 82, ""consensus"": 81}"
SparseFeasible20,20,UCB-Objective,1,400,1.0,1,232,3.2925674416046933,0.0,422.28015249354354,47.75990050008988,0.0596507936507936,0.0961960975754079,1.5810937501718234,"{""rand1"": 80, ""pbest"": 80, ""closure"": 40, ""local"": 80, ""consensus"": 80}"
SparseFeasible20,20,UCB-Objective,2,400,1.0,1,334,4.207574077573179,0.0,425.86176556489113,47.697658934320486,0.0912880632387907,0.073162636320531,1.519731035652948,"{""rand1"": 86, ""pbest"": 85, ""closure"": 19, ""local"": 85, ""consensus"": 85}"
SparseFeasible20,20,UCB-Objective,3,400,1.0,1,255,2.7795002849184,0.0,423.5427826640756,51.376193119678334,0.070482289114454,0.2280125605203005,1.5704392953023754,"{""rand1"": 81, ""pbest"": 81, ""closure"": 35, ""local"": 81, ""consensus"": 82}"
SparseFeasible20,20,UCB-Objective,4,400,1.0,1,252,3.604831731049401,0.0,422.8053151432893,49.05719215430362,0.0700622444394935,0.2358509598109153,1.5704392953023754,"{""rand1"": 81, ""pbest"": 82, ""closure"": 35, ""local"": 81, ""consensus"": 81}"
SparseFeasible20,20,UCB-Objective,5,400,1.0,1,296,3.729686974390592,0.0,425.0517132307985,46.38375798999713,0.0826402442412019,0.1511842404102466,1.5486942597104112,"{""rand1"": 84, ""pbest"": 83, ""closure"": 27, ""local"": 83, ""consensus"": 83}"
SparseFeasible20,20,UCB-Objective,6,400,1.0,1,328,2.7832573376446645,0.0,422.0765254042898,52.23370153409162,0.0904183005593734,0.1195697791706429,1.527771662838875,"{""rand1"": 85, ""pbest"": 85, ""closure"": 21, ""local"": 85, ""consensus"": 84}"
SparseFeasible20,20,UCB-Objective,7,400,1.0,1,386,3.5577318395578663,0.0,425.7759491937482,45.98819100945034,0.0975013227013359,0.0811840411840411,1.468531957724541,"{""rand1"": 88, ""pbest"": 88, ""closure"": 9, ""local"": 88, ""consensus"": 87}"
SparseFeasible20,20,UCB-Objective,8,400,1.0,1,265,4.249061120371316,0.0,421.4962655515312,45.82371974505149,0.0732098967065412,0.1667213130710584,1.56558162621719,"{""rand1"": 82, ""pbest"": 82, ""closure"": 33, ""local"": 82, ""consensus"": 81}"
SparseFeasible20,20,UCB-Objective,9,400,1.0,1,180,3.232183729960929,0.0,418.0416017303174,43.87202490715725,0.0410437991377119,0.2622964523573525,1.596676914226681,"{""rand1"": 78, ""pbest"": 78, ""closure"": 50, ""local"": 77, ""consensus"": 77}"
SparseFeasible20,20,UCB-Objective,10,400,1.0,1,232,3.501252660876888,0.0,420.0277545751068,48.18073750691723,0.0596507936507936,0.2549792663360025,1.5810937501718234,"{""rand1"": 80, ""pbest"": 80, ""closure"": 40, ""local"": 80, ""consensus"": 80}"
SparseFeasible20,20,UCB-Objective,11,400,1.0,1,288,3.211604975793592,0.0,424.6896874137626,47.12364422175295,0.0816865079365079,0.1455376344086021,1.5517795645796664,"{""rand1"": 83, ""pbest"": 83, ""closure"": 28, ""local"": 83, ""consensus"": 83}"
SparseFeasible20,20,UCB-Objective,12,400,1.0,1,248,3.592484745481077,0.0,425.0211096779685,48.80700577829092,0.0688317457402722,0.3760716780829944,1.5749450366525182,"{""rand1"": 81, ""pbest"": 81, ""closure"": 37, ""local"": 81, ""consensus"": 80}"
SparseFeasible20,20,UCB-Objective,13,400,1.0,1,312,3.430857954599957,0.0,424.0263876694426,44.48699196310456,0.0854761904761904,0.129131560710508,1.5388047638398663,"{""rand1"": 84, ""pbest"": 84, ""closure"": 24, ""local"": 84, ""consensus"": 84}"
SparseFeasible20,20,UCB-Objective,14,400,1.0,1,284,3.1445622650247165,0.0,422.7870980192378,53.56194729482958,0.0807456966768521,0.3453253120575602,1.5547321739872964,"{""rand1"": 83, ""pbest"": 83, ""closure"": 29, ""local"": 83, ""consensus"": 82}"
SparseFeasible20,20,UCB-Objective,15,400,1.0,1,360,3.6925944057891535,0.0,425.6618687246392,49.587712162794965,0.0961130267060422,0.1233137829912023,1.4967636141831708,"{""rand1"": 87, ""pbest"": 87, ""closure"": 14, ""local"": 86, ""consensus"": 86}"
SparseFeasible20,20,UCB-Objective,16,400,1.0,1,276,3.256504307019984,0.0,422.1033176294672,49.36517527176052,0.0771845110927076,0.3740045642422552,1.5603531741913683,"{""rand1"": 83, ""pbest"": 82, ""closure"": 31, ""local"": 82, ""consensus"": 82}"
SparseFeasible20,20,UCB-Objective,17,400,1.0,1,211,3.350788234211575,0.0,420.05512686211455,47.20977166143931,0.0521944444444444,0.2840766471708747,1.5881877390279828,"{""rand1"": 79, ""pbest"": 79, ""closure"": 44, ""local"": 79, ""consensus"": 79}"
SparseFeasible20,20,UCB-Objective,18,400,1.0,1,362,3.924446228324616,0.0,426.8034645069085,44.22176221242959,0.0961130267060422,0.0,1.4967636141831708,"{""rand1"": 87, ""pbest"": 87, ""closure"": 14, ""local"": 86, ""consensus"": 86}"
SparseFeasible20,20,UCB-Objective,19,400,1.0,1,232,3.2977856929097813,0.0,423.6200732677363,47.02572004531633,0.0599310963333615,0.3657803932342033,1.579116036868891,"{""rand1"": 80, ""pbest"": 80, ""closure"": 39, ""local"": 80, ""consensus"": 81}"
SparseFeasible20,20,UCB-Objective,20,400,1.0,1,216,2.84953331344539,0.0,422.3365456124192,46.89209352662617,0.0540778119695821,0.2965948598573772,1.586512707051773,"{""rand1"": 80, ""pbest"": 79, ""closure"": 43, ""local"": 79, ""consensus"": 79}"
SparseFeasible20,20,UCB-Objective,21,400,1.0,1,184,1.7901096121076197,0.0,419.4789476309349,48.33189510510632,0.042898315228229,0.3830334024654512,1.5954315938514925,"{""rand1"": 78, ""pbest"": 78, ""closure"": 49, ""local"": 77, ""consensus"": 78}"
SparseFeasible20,20,UCB-Objective,22,400,1.0,1,299,3.7882981043506287,0.0,423.52647568189616,48.97105125142905,0.0835895868681194,0.2178713083594238,1.5455060506488487,"{""rand1"": 84, ""pbest"": 84, ""closure"": 26, ""local"": 83, ""consensus"": 83}"
SparseFeasible20,20,UCB-Objective,23,400,1.0,1,275,2.6579932407529903,0.0,421.93124675125824,51.22606351549432,0.0761761546688625,0.3442583258237907,1.563027748138305,"{""rand1"": 82, ""pbest"": 82, ""closure"": 32, ""local"": 82, ""consensus"": 82}"
SparseFeasible20,20,UCB-Objective,24,400,1.0,1,220,3.1202262319141134,0.0,418.9853015564945,49.50624243691634,0.0559474680242053,0.3829089551758186,1.584773069768178,"{""rand1"": 80, ""pbest"": 80, ""closure"": 42, ""local"": 79, ""consensus"": 79}"
SparseFeasible20,20,UCB-Objective,25,400,1.0,1,366,5.309297734898689,0.0,427.6878918306881,43.98480546132814,0.0963903012574095,0.1046503993872415,1.491603397856689,"{""rand1"": 87, ""pbest"": 87, ""closure"": 13, ""local"": 87, ""consensus"": 86}"
SparseFeasible20,20,UCB-Objective,26,400,1.0,1,316,3.485382636520146,0.0,425.9664324609959,50.304464688768846,0.0874986534023685,0.1849321298854405,1.5352497062374824,"{""rand1"": 84, ""pbest"": 84, ""closure"": 23, ""local"": 84, ""consensus"": 85}"
SparseFeasible20,20,UCB-Objective,27,400,1.0,1,284,2.6912134308849787,0.0,422.7418797577295,46.89282041393198,0.0807456966768521,0.2464772624524946,1.5547321739872964,"{""rand1"": 83, ""pbest"": 83, ""closure"": 29, ""local"": 83, ""consensus"": 82}"
SparseFeasible20,20,UCB-Objective,28,400,1.0,1,372,5.160224137948061,0.0,422.75339824739575,48.54982461145823,0.0966666666666666,0.0,1.486229295091125,"{""rand1"": 87, ""pbest"": 87, ""closure"": 12, ""local"": 87, ""consensus"": 87}"
SparseFeasible20,20,UCB-Objective,29,400,1.0,1,212,2.644729553551775,0.0,421.7053102397254,49.88137663271034,0.0540778119695821,0.4921880253580077,1.586512707051773,"{""rand1"": 80, ""pbest"": 79, ""closure"": 43, ""local"": 79, ""consensus"": 79}"
SparseFeasible20,20,UCB-Success,0,400,1.0,1,202,2.383280396195199,0.0,435.77563059165817,60.30329010241457,0.1876246043322559,0.8383754019266766,1.23958763685373,"{""rand1"": 27, ""pbest"": 18, ""closure"": 63, ""local"": 48, ""consensus"": 204}"
SparseFeasible20,20,UCB-Success,1,400,1.0,1,227,2.8569631135324496,0.0,430.7097068882185,56.66045764639679,0.1696198453482701,0.6812677378664355,1.3433064432270267,"{""rand1"": 22, ""pbest"": 26, ""closure"": 76, ""local"": 62, ""consensus"": 174}"
SparseFeasible20,20,UCB-Success,2,400,1.0,1,251,3.20264021533798,0.0,428.8913664839458,55.28574613148537,0.1593473039210637,0.3710128916816224,1.3917415681779188,"{""rand1"": 26, ""pbest"": 31, ""closure"": 59, ""local"": 81, ""consensus"": 163}"
SparseFeasible20,20,UCB-Success,3,400,1.0,1,212,3.2516090982315524,0.0,432.4608395245082,56.2458719122671,0.2030266552571397,0.5540055728724459,1.2267653481336025,"{""rand1"": 14, ""pbest"": 35, ""closure"": 75, ""local"": 34, ""consensus"": 202}"
SparseFeasible20,20,UCB-Success,4,400,1.0,1,271,2.460307768427935,0.0,437.1646374352139,54.25314681288884,0.2087698406247115,0.4804513487777244,1.265192341919243,"{""rand1"": 30, ""pbest"": 30, ""closure"": 47, ""local"": 47, ""consensus"": 206}"
SparseFeasible20,20,UCB-Success,5,400,1.0,1,252,3.152320336195825,0.0,429.7789438661591,56.21087615411482,0.1788387660628035,0.6084994839110524,1.3500734340120462,"{""rand1"": 23, ""pbest"": 24, ""closure"": 73, ""local"": 69, ""consensus"": 171}"
SparseFeasible20,20,UCB-Success,6,400,1.0,1,241,2.986861397312893,0.0,424.9580799487848,56.5179676571324,0.1618601030261086,0.4198882866164444,1.4313679583245096,"{""rand1"": 26, ""pbest"": 37, ""closure"": 83, ""local"": 63, ""consensus"": 151}"
SparseFeasible20,20,UCB-Success,7,400,1.0,1,182,3.0633973609758254,0.0,423.2688321762608,54.54153926886024,0.1533547704205266,0.453288295525941,1.379029173912397,"{""rand1"": 24, ""pbest"": 29, ""closure"": 98, ""local"": 52, ""consensus"": 157}"
SparseFeasible20,20,UCB-Success,8,400,1.0,1,204,2.915494545813236,0.0,424.2770863383908,56.676806012338766,0.1585300466737681,0.4766145145177403,1.3640369846888334,"{""rand1"": 24, ""pbest"": 30, ""closure"": 98, ""local"": 46, ""consensus"": 162}"
SparseFeasible20,20,UCB-Success,9,400,1.0,1,231,2.3094481215629257,0.0,428.9323714351678,53.31600792735019,0.1576503783042025,0.5084221769514541,1.43770913281683,"{""rand1"": 43, ""pbest"": 41, ""closure"": 48, ""local"": 65, ""consensus"": 163}"
SparseFeasible20,20,UCB-Success,10,400,1.0,1,261,2.618022421882389,0.0,432.5244714658761,58.98628363034595,0.1930136606992212,0.6280350889871014,1.276981433346574,"{""rand1"": 18, ""pbest"": 34, ""closure"": 43, ""local"": 70, ""consensus"": 195}"
SparseFeasible20,20,UCB-Success,11,400,1.0,1,172,2.9093684398048505,0.0,424.9278094188964,57.39694782556216,0.1419332562638194,0.4882817668568176,1.3966535896971146,"{""rand1"": 24, ""pbest"": 31, ""closure"": 82, ""local"": 64, ""consensus"": 159}"
SparseFeasible20,20,UCB-Success,12,400,1.0,1,251,1.6876137489985454,0.0,421.4195571163999,58.16681733996761,0.1536275737036587,0.5160046866176897,1.4295060815019862,"{""rand1"": 21, ""pbest"": 31, ""closure"": 97, ""local"": 78, ""consensus"": 133}"
SparseFeasible20,20,UCB-Success,13,400,1.0,1,153,2.4451357682039188,0.0,430.6577974073636,57.37262566483864,0.1467788050587536,0.7646862191444235,1.34846964301271,"{""rand1"": 21, ""pbest"": 44, ""closure"": 54, ""local"": 59, ""consensus"": 182}"
SparseFeasible20,20,UCB-Success,14,400,1.0,1,212,2.622935795194634,0.0,430.6869445642156,55.64795870964181,0.1768710507886566,0.3224603598245106,1.3390265677534468,"{""rand1"": 26, ""pbest"": 35, ""closure"": 65, ""local"": 49, ""consensus"": 185}"
SparseFeasible20,20,UCB-Success,15,400,1.0,1,275,3.883037833347581,0.0,435.450427273025,56.71606524842269,0.180488284459604,0.379856173544813,1.3234904152221318,"{""rand1"": 31, ""pbest"": 39, ""closure"": 36, ""local"": 63, ""consensus"": 191}"
SparseFeasible20,20,UCB-Success,16,400,1.0,1,217,3.296405757624487,0.0,429.5631219947783,57.01971261049254,0.1657454904868758,0.6754782950726156,1.3625821034449497,"{""rand1"": 26, ""pbest"": 43, ""closure"": 59, ""local"": 51, ""consensus"": 181}"
SparseFeasible20,20,UCB-Success,17,400,1.0,1,249,3.16828856436621,0.0,431.9538650223264,57.363437932024354,0.1786063972391847,0.6782621973829404,1.322113073880932,"{""rand1"": 19, ""pbest"": 41, ""closure"": 50, ""local"": 63, ""consensus"": 187}"
SparseFeasible20,20,UCB-Success,18,400,1.0,1,246,1.9833819494645064,0.0,430.2909852528038,56.93973920010147,0.185678773390268,0.5662320242990753,1.3639300399490466,"{""rand1"": 21, ""pbest"": 34, ""closure"": 77, ""local"": 57, ""consensus"": 171}"
SparseFeasible20,20,UCB-Success,19,400,1.0,1,190,2.19800867471827,0.0,435.1648801580011,57.78099007070769,0.1819014285743521,0.6589373775854459,1.2662113225433484,"{""rand1"": 19, ""pbest"": 33, ""closure"": 52, ""local"": 55, ""consensus"": 201}"
SparseFeasible20,20,UCB-Success,20,400,1.0,1,259,3.791735690726524,0.0,433.4771396513441,56.52055611689099,0.1928913770920726,0.3880913680531678,1.3000327653379802,"{""rand1"": 24, ""pbest"": 27, ""closure"": 62, ""local"": 55, ""consensus"": 192}"
SparseFeasible20,20,UCB-Success,21,400,1.0,1,222,2.831572164806532,0.0,432.9591343212064,53.71658109025504,0.1774198613832494,0.4142939494201766,1.3406105960640191,"{""rand1"": 26, ""pbest"": 49, ""closure"": 49, ""local"": 48, ""consensus"": 188}"
SparseFeasible20,20,UCB-Success,22,400,1.0,1,161,2.554058412672106,0.0,426.3594374840701,58.52514421081688,0.1510525166847573,0.588490920843862,1.3785747647291815,"{""rand1"": 29, ""pbest"": 37, ""closure"": 86, ""local"": 40, ""consensus"": 168}"
SparseFeasible20,20,UCB-Success,23,400,1.0,1,208,2.5493919531071008,0.0,433.0865308487031,53.90521555624145,0.2142422704399258,0.643208900662461,1.2402581936154573,"{""rand1"": 15, ""pbest"": 29, ""closure"": 80, ""local"": 39, ""consensus"": 197}"
SparseFeasible20,20,UCB-Success,24,400,1.0,1,209,2.268016840808821,0.0,429.1126078638959,54.840222382603,0.1553909955899862,0.5845864929820788,1.3722399446008042,"{""rand1"": 23, ""pbest"": 34, ""closure"": 77, ""local"": 56, ""consensus"": 170}"
SparseFeasible20,20,UCB-Success,25,400,1.0,1,256,3.195665120685526,0.0,430.6269062897906,54.87407676254367,0.1848438561188323,0.3168547487644943,1.3604440161327596,"{""rand1"": 25, ""pbest"": 46, ""closure"": 61, ""local"": 47, ""consensus"": 181}"
SparseFeasible20,20,UCB-Success,26,400,1.0,1,221,2.108987462665212,0.0,431.4293847084021,57.37101562107345,0.1754318298869103,0.5405496498871112,1.3264865496555058,"{""rand1"": 18, ""pbest"": 40, ""closure"": 57, ""local"": 60, ""consensus"": 185}"
SparseFeasible20,20,UCB-Success,27,400,1.0,1,269,3.3940349947197554,0.0,426.248897009077,54.786291113042864,0.1746820311716917,0.2651871657754011,1.4227022355565555,"{""rand1"": 26, ""pbest"": 44, ""closure"": 65, ""local"": 64, ""consensus"": 161}"
SparseFeasible20,20,UCB-Success,28,400,1.0,1,207,2.886522835907839,0.0,431.0469780774759,56.45078789855316,0.1510593378317818,0.7341981519703495,1.3718627101072527,"{""rand1"": 30, ""pbest"": 31, ""closure"": 54, ""local"": 70, ""consensus"": 175}"
SparseFeasible20,20,UCB-Success,29,400,1.0,1,193,2.2549477805541085,0.0,430.3799336297203,54.48516233298527,0.152125182050135,0.8953335635836386,1.3556474407530976,"{""rand1"": 27, ""pbest"": 29, ""closure"": 81, ""local"": 49, ""consensus"": 174}"
SparseFeasible20,20,UCB-Violation,0,400,1.0,1,266,2.390599239138417,0.0,424.0750490589048,51.66870423255827,0.1380333222513234,0.5446608507149586,1.4822396715451598,"{""rand1"": 41, ""pbest"": 54, ""closure"": 37, ""local"": 92, ""consensus"": 136}"
SparseFeasible20,20,UCB-Violation,1,400,1.0,1,366,4.061464637113039,0.0,421.5104551174196,50.72129429052944,0.146588931096572,0.1183025130393551,1.413195918119622,"{""rand1"": 45, ""pbest"": 61, ""closure"": 13, ""local"": 123, ""consensus"": 118}"
SparseFeasible20,20,UCB-Violation,2,400,1.0,1,235,2.342870302839017,0.0,427.8256923862325,52.20827284629811,0.1596766512455168,0.516369107917084,1.4597149767397952,"{""rand1"": 42, ""pbest"": 56, ""closure"": 44, ""local"": 61, ""consensus"": 157}"
SparseFeasible20,20,UCB-Violation,3,400,1.0,1,140,3.06832768674128,0.0,417.3148183758594,52.19490912306083,0.1055314932355049,0.7079524592935503,1.5365571334615964,"{""rand1"": 50, ""pbest"": 44, ""closure"": 81, ""local"": 62, ""consensus"": 123}"
SparseFeasible20,20,UCB-Violation,4,400,1.0,1,280,3.5553654302942053,0.0,431.27535766393385,50.8034381882256,0.1693072318528957,0.4212372964097103,1.4341151478476966,"{""rand1"": 55, ""pbest"": 53, ""closure"": 30, ""local"": 60, ""consensus"": 162}"
SparseFeasible20,20,UCB-Violation,5,400,1.0,1,327,3.5563377269071816,0.0,425.8865777786461,50.61338165719448,0.1258242449282242,0.2267306432841238,1.4941251168143477,"{""rand1"": 47, ""pbest"": 69, ""closure"": 28, ""local"": 89, ""consensus"": 127}"
SparseFeasible20,20,UCB-Violation,6,400,1.0,1,193,2.60105518088487,0.0,420.0804503855547,53.30688569150308,0.1066095839016954,0.5728324263737014,1.5353683764181305,"{""rand1"": 43, ""pbest"": 51, ""closure"": 65, ""local"": 76, ""consensus"": 125}"
SparseFeasible20,20,UCB-Violation,7,400,1.0,1,262,2.086160546944653,0.0,424.1006311814143,51.17993271737304,0.1431862852237662,0.4176153027042905,1.4850658948226867,"{""rand1"": 39, ""pbest"": 63, ""closure"": 39, ""local"": 78, ""consensus"": 141}"
SparseFeasible20,20,UCB-Violation,8,400,1.0,1,245,1.738564215074131,0.0,427.5500714028623,50.33961958891018,0.1467839228143664,0.4385536749651848,1.4860006702375874,"{""rand1"": 44, ""pbest"": 62, ""closure"": 45, ""local"": 61, ""consensus"": 148}"
SparseFeasible20,20,UCB-Violation,9,400,1.0,1,363,4.578040905750443,0.0,418.553518109764,49.666231750765895,0.1304013346635308,0.1366998577524893,1.461934884873418,"{""rand1"": 51, ""pbest"": 68, ""closure"": 17, ""local"": 116, ""consensus"": 108}"
SparseFeasible20,20,UCB-Violation,10,400,1.0,1,250,2.9513085941712065,0.0,413.2828529940356,51.53507425074967,0.1228707614193882,0.4565003111133142,1.514436462126325,"{""rand1"": 51, ""pbest"": 58, ""closure"": 38, ""local"": 130, ""consensus"": 83}"
SparseFeasible20,20,UCB-Violation,11,400,1.0,1,173,2.750105627128919,0.0,413.48046387201447,54.09769191549782,0.090910558396682,0.7507764363796178,1.5510875100819117,"{""rand1"": 45, ""pbest"": 45, ""closure"": 72, ""local"": 104, ""consensus"": 94}"
SparseFeasible20,20,UCB-Violation,12,400,1.0,1,292,3.029869243022904,0.0,427.6382594752231,52.50032219151976,0.159185057235996,0.28281635249465,1.4477755845206015,"{""rand1"": 47, ""pbest"": 47, ""closure"": 32, ""local"": 82, ""consensus"": 152}"
SparseFeasible20,20,UCB-Violation,13,400,1.0,1,142,2.621955819177568,0.0,416.9998914710821,54.11435147537274,0.1254338886586105,0.881397717587471,1.506630717800097,"{""rand1"": 44, ""pbest"": 46, ""closure"": 82, ""local"": 53, ""consensus"": 135}"
SparseFeasible20,20,UCB-Violation,14,400,1.0,1,231,3.597419756659554,0.0,415.7808436473541,52.22118354004604,0.1104970176260522,0.4228161736204591,1.5308769397890716,"{""rand1"": 48, ""pbest"": 47, ""closure"": 51, ""local"": 115, ""consensus"": 99}"
SparseFeasible20,20,UCB-Violation,15,400,1.0,0,401,inf,0.0592301836969011,417.2832992681287,41.28141550836149,0.1717821673339321,0.0,1.2756472188952164,"{""rand1"": 49, ""pbest"": 58, ""closure"": 0, ""local"": 160, ""consensus"": 93}"
SparseFeasible20,20,UCB-Violation,16,400,1.0,1,337,4.454523147724176,0.0,423.4186010585016,48.19627882472,0.1455909255975137,0.1587336324178429,1.4320249180386109,"{""rand1"": 40, ""pbest"": 52, ""closure"": 23, ""local"": 129, ""consensus"": 116}"
SparseFeasible20,20,UCB-Violation,17,400,1.0,1,277,3.3567770548765385,0.0,423.7104935201734,52.65816820099899,0.1194681932773938,0.4627516239153537,1.516298856352135,"{""rand1"": 65, ""pbest"": 46, ""closure"": 37, ""local"": 87, ""consensus"": 125}"
SparseFeasible20,20,UCB-Violation,18,400,1.0,1,268,1.9098218249931012,0.0,424.0225628125757,55.19631441328024,0.1276810056112517,0.4432443946746005,1.5059695477733668,"{""rand1"": 42, ""pbest"": 63, ""closure"": 40, ""local"": 83, ""consensus"": 132}"
SparseFeasible20,20,UCB-Violation,19,400,1.0,1,262,3.3523218096300607,0.0,420.9597278981368,54.33562406639269,0.1186254149100016,0.5803553386575159,1.5134983318014,"{""rand1"": 48, ""pbest"": 53, ""closure"": 39, ""local"": 100, ""consensus"": 120}"
SparseFeasible20,20,UCB-Violation,20,400,1.0,1,199,2.9450935489630385,0.0,422.5349965881556,56.46613548358695,0.1225106170158468,0.4247663940724066,1.5133710771808206,"{""rand1"": 43, ""pbest"": 46, ""closure"": 57, ""local"": 82, ""consensus"": 132}"
SparseFeasible20,20,UCB-Violation,21,400,1.0,1,283,2.6495113977510845,0.0,424.7513139419498,52.71459574207266,0.1401370496679323,0.5141111829347123,1.4850412499906789,"{""rand1"": 47, ""pbest"": 53, ""closure"": 34, ""local"": 90, ""consensus"": 136}"
SparseFeasible20,20,UCB-Violation,22,400,1.0,1,252,1.846094789277534,0.0,420.9271785039607,53.77796783006636,0.1210395277052771,0.5285185489674654,1.519064525201807,"{""rand1"": 49, ""pbest"": 53, ""closure"": 42, ""local"": 91, ""consensus"": 125}"
SparseFeasible20,20,UCB-Violation,23,400,1.0,1,209,2.6703941801976034,0.0,426.4046843821712,53.77384183751676,0.1554369248375403,0.4613265958383925,1.468657185285512,"{""rand1"": 44, ""pbest"": 52, ""closure"": 48, ""local"": 61, ""consensus"": 155}"
SparseFeasible20,20,UCB-Violation,24,400,1.0,1,310,3.471121126293573,0.0,423.44754236516127,51.45146944194972,0.1193039350728389,0.2395020823578698,1.5110592581642237,"{""rand1"": 43, ""pbest"": 67, ""closure"": 34, ""local"": 102, ""consensus"": 114}"
SparseFeasible20,20,UCB-Violation,25,400,1.0,1,260,2.796575929573014,0.0,428.86256420763897,54.55514988397503,0.1587118241624638,0.4390854442023207,1.453800000035688,"{""rand1"": 43, ""pbest"": 49, ""closure"": 36, ""local"": 80, ""consensus"": 152}"
SparseFeasible20,20,UCB-Violation,26,400,1.0,1,164,3.2504744011847606,0.0,414.5677912326433,51.804224071726686,0.0837303114535471,0.3239663594819066,1.552908210865151,"{""rand1"": 46, ""pbest"": 42, ""closure"": 82, ""local"": 90, ""consensus"": 100}"
SparseFeasible20,20,UCB-Violation,27,400,1.0,1,324,4.355425879853134,0.0,413.2006062838407,53.4902717793488,0.1441961446169204,0.1548319327731092,1.455408487193229,"{""rand1"": 48, ""pbest"": 60, ""closure"": 22, ""local"": 137, ""consensus"": 93}"
SparseFeasible20,20,UCB-Violation,28,400,1.0,1,252,3.270772115846432,0.0,419.26448776315954,53.25960910499558,0.1264599594915958,0.5425984388030425,1.5086785329423311,"{""rand1"": 43, ""pbest"": 45, ""closure"": 48, ""local"": 115, ""consensus"": 109}"
SparseFeasible20,20,UCB-Violation,29,400,1.0,1,200,2.3465856119858115,0.0,416.0301721606049,52.840539316709545,0.0810013490262094,0.6343939816802922,1.570798445697631,"{""rand1"": 56, ""pbest"": 58, ""closure"": 55, ""local"": 84, ""consensus"": 107}"
TwoBasin8,8,DCAS,0,400,1.0,1,179,1.0031466667996312,0.0,405.97800744141927,73.02374153606931,0.0597076369862392,0.6171194202665463,1.563037417232647,"{""rand1"": 49, ""pbest"": 63, ""closure"": 63, ""local"": 116, ""consensus"": 69}"
TwoBasin8,8,DCAS,1,400,1.0,1,131,0.837560908757666,0.0,400.7792604349581,60.85641003429239,0.0382075664306768,0.0887719298245614,1.5963642351830971,"{""rand1"": 52, ""pbest"": 74, ""closure"": 69, ""local"": 80, ""consensus"": 85}"
TwoBasin8,8,DCAS,2,400,1.0,1,105,0.9126070856493604,0.0,400.989448074668,59.676806624499264,0.0446944545160143,0.0597058823529412,1.583983946175787,"{""rand1"": 49, ""pbest"": 59, ""closure"": 74, ""local"": 88, ""consensus"": 90}"
TwoBasin8,8,DCAS,3,400,1.0,1,167,0.1737279639042984,0.0,397.610602802369,58.330560410132165,0.0738415371890861,0.2328466765409774,1.5711342223375848,"{""rand1"": 54, ""pbest"": 67, ""closure"": 54, ""local"": 110, ""consensus"": 75}"
TwoBasin8,8,DCAS,4,400,1.0,1,144,0.1619872961529034,0.0,398.211684712965,65.83387179738065,0.0566288899606708,0.1049230769230769,1.5795877736083126,"{""rand1"": 52, ""pbest"": 76, ""closure"": 54, ""local"": 100, ""consensus"": 78}"
TwoBasin8,8,DCAS,5,400,1.0,1,108,0.1782289238722954,0.0,396.2613849729287,55.71148439003103,0.0363826138179979,0.3076123876123876,1.6005443507007298,"{""rand1"": 58, ""pbest"": 70, ""closure"": 74, ""local"": 88, ""consensus"": 70}"
TwoBasin8,8,DCAS,6,400,1.0,1,167,0.1879584554980075,0.0,398.7382334881085,66.46929355352714,0.0826239633763374,0.4758482412928874,1.5581234302707798,"{""rand1"": 52, ""pbest"": 72, ""closure"": 48, ""local"": 115, ""consensus"": 73}"
TwoBasin8,8,DCAS,7,400,1.0,1,203,0.8958245864009633,0.0,401.2906126731881,67.01254497019102,0.0504495865723765,0.1359739471951747,1.5893257016079776,"{""rand1"": 55, ""pbest"": 74, ""closure"": 57, ""local"": 93, ""consensus"": 81}"
TwoBasin8,8,DCAS,8,400,1.0,1,156,0.1558187771891117,0.0,400.59101578454346,64.379831742167,0.0397166248594829,0.1012280701754386,1.5912832201711589,"{""rand1"": 55, ""pbest"": 60, ""closure"": 70, ""local"": 84, ""consensus"": 91}"
TwoBasin8,8,DCAS,9,400,1.0,1,173,0.2029974387303134,0.0,399.28521426841934,65.89908937449646,0.036555170226371,0.2932855211049937,1.5986838877057794,"{""rand1"": 63, ""pbest"": 70, ""closure"": 59, ""local"": 87, ""consensus"": 81}"
TwoBasin8,8,DCAS,10,400,1.0,1,147,0.8735492346512425,0.0,401.5008124367376,58.53741125281957,0.039561480716824,0.2163100057836899,1.597588461733625,"{""rand1"": 62, ""pbest"": 69, ""closure"": 60, ""local"": 79, ""consensus"": 90}"
TwoBasin8,8,DCAS,11,400,1.0,1,122,0.9149207986463294,0.0,395.0157750941446,58.88753311567516,0.0439968738894746,0.1239548191272329,1.5973353024724437,"{""rand1"": 56, ""pbest"": 74, ""closure"": 70, ""local"": 91, ""consensus"": 69}"
TwoBasin8,8,DCAS,12,400,1.0,1,167,0.1719786378413431,0.0,405.7628645103241,65.57491395971596,0.0495853124394841,0.239774375241127,1.5847800854933485,"{""rand1"": 50, ""pbest"": 63, ""closure"": 67, ""local"": 86, ""consensus"": 94}"
TwoBasin8,8,DCAS,13,400,1.0,1,92,0.8927021854993785,0.0,394.8749310905801,60.79713496429991,0.0392911375606866,0.4217582417582418,1.6050097502848837,"{""rand1"": 64, ""pbest"": 65, ""closure"": 76, ""local"": 82, ""consensus"": 73}"
TwoBasin8,8,DCAS,14,400,1.0,1,208,0.175252045816596,0.0,405.4238429168329,58.96595316102128,0.0526719679209285,0.1657527620470793,1.5870176281076644,"{""rand1"": 59, ""pbest"": 67, ""closure"": 54, ""local"": 89, ""consensus"": 91}"
TwoBasin8,8,DCAS,15,400,1.0,1,10,0.8907154817250506,0.0,395.8260324475492,54.62778511338301,0.0283876591467442,0.1476190476190476,1.6018538867048104,"{""rand1"": 59, ""pbest"": 78, ""closure"": 69, ""local"": 85, ""consensus"": 69}"
TwoBasin8,8,DCAS,16,400,1.0,1,209,0.1883375545967959,0.0,402.8831945681599,65.02525189142084,0.0674763951629609,0.2043212832622462,1.5639947185344978,"{""rand1"": 51, ""pbest"": 67, ""closure"": 50, ""local"": 109, ""consensus"": 83}"
TwoBasin8,8,DCAS,17,400,1.0,1,193,0.994857282076252,0.0,399.39669010296416,56.51850501901633,0.0534083912114722,0.3255993707657579,1.5878852002996997,"{""rand1"": 57, ""pbest"": 78, ""closure"": 55, ""local"": 96, ""consensus"": 74}"
TwoBasin8,8,DCAS,18,400,1.0,1,92,0.1504575743130735,0.0,398.2886849915035,61.26919932750382,0.0539251215349945,0.3028070175438596,1.5862267375911536,"{""rand1"": 58, ""pbest"": 57, ""closure"": 66, ""local"": 99, ""consensus"": 80}"
TwoBasin8,8,DCAS,19,400,1.0,1,165,0.1601177155517092,0.0,401.21652415870886,57.694818851089885,0.0423007924008374,0.3418131073581057,1.596143821179667,"{""rand1"": 58, ""pbest"": 64, ""closure"": 66, ""local"": 84, ""consensus"": 88}"
TwoBasin8,8,DCAS,20,400,1.0,1,143,0.1829315410218703,0.0,401.7906377516013,64.75863702159094,0.0481803590195595,0.0901298701298701,1.5835680700220356,"{""rand1"": 55, ""pbest"": 59, ""closure"": 62, ""local"": 94, ""consensus"": 90}"
TwoBasin8,8,DCAS,21,400,1.0,1,94,0.8910864059810641,0.0,396.6497992139194,58.453376754343495,0.03890801621504,0.1887047734873821,1.600630124270085,"{""rand1"": 62, ""pbest"": 65, ""closure"": 71, ""local"": 90, ""consensus"": 72}"
TwoBasin8,8,DCAS,22,400,1.0,1,164,0.9016395082226674,0.0,399.5277987715583,69.46606023079775,0.0592410920297269,0.1210615471485036,1.5797588638718507,"{""rand1"": 53, ""pbest"": 60, ""closure"": 62, ""local"": 101, ""consensus"": 84}"
TwoBasin8,8,DCAS,23,400,1.0,1,123,0.9072475055853846,0.0,399.57859799595406,59.54676024897689,0.0378218100817763,0.4036928289102202,1.599325967917554,"{""rand1"": 60, ""pbest"": 64, ""closure"": 68, ""local"": 87, ""consensus"": 81}"
TwoBasin8,8,DCAS,24,400,1.0,1,105,0.9595895251824418,0.0,399.2472103984529,57.94609147453453,0.0377625017145335,0.3081379731379731,1.5959158093111585,"{""rand1"": 55, ""pbest"": 61, ""closure"": 79, ""local"": 83, ""consensus"": 82}"
TwoBasin8,8,DCAS,25,400,1.0,1,178,0.1738621937958477,0.0,405.49423867862913,62.43108084703023,0.0549484256987709,0.1070941420046279,1.5878703697970782,"{""rand1"": 62, ""pbest"": 60, ""closure"": 62, ""local"": 75, ""consensus"": 101}"
TwoBasin8,8,DCAS,26,400,1.0,1,135,0.16983242054866,0.0,401.6343975454637,60.67889370375431,0.0473261068307515,0.264584655724086,1.5886182575211152,"{""rand1"": 54, ""pbest"": 59, ""closure"": 70, ""local"": 93, ""consensus"": 84}"
TwoBasin8,8,DCAS,27,400,1.0,1,70,0.1595025876664,0.0,400.38892700992,59.643670631760806,0.0409653874025963,0.1750280112044817,1.592454430830053,"{""rand1"": 59, ""pbest"": 58, ""closure"": 75, ""local"": 73, ""consensus"": 95}"
TwoBasin8,8,DCAS,28,400,1.0,1,250,0.1935366271488997,0.0,403.70623940916994,66.40296322764813,0.0896367571689009,0.3295845331139449,1.5492391768124478,"{""rand1"": 56, ""pbest"": 60, ""closure"": 45, ""local"": 118, ""consensus"": 81}"
TwoBasin8,8,DCAS,29,400,1.0,1,165,0.1773427414396012,0.0,398.4221408948331,64.43454706776267,0.0519676993366411,0.0951591017677974,1.5914102228402387,"{""rand1"": 67, ""pbest"": 64, ""closure"": 61, ""local"": 100, ""consensus"": 68}"
TwoBasin8,8,DCAS-noClosure,0,400,1.0,1,179,0.2398926749206593,0.0,410.349599331925,74.93200891307863,0.1259581494984898,0.5018712931084848,1.332037223653821,"{""rand1"": 64, ""pbest"": 76, ""closure"": 0, ""local"": 143, ""consensus"": 77}"
TwoBasin8,8,DCAS-noClosure,1,400,1.0,1,131,0.900746037855904,0.0,406.8348504424823,59.77455379044903,0.123648733390208,0.0506766917293233,1.357655450784614,"{""rand1"": 63, ""pbest"": 79, ""closure"": 0, ""local"": 121, ""consensus"": 97}"
TwoBasin8,8,DCAS-noClosure,2,400,1.0,1,105,0.907602384084404,0.0,408.6911301778255,62.07651754503807,0.1170706746277488,0.1832052071995003,1.3634288024578551,"{""rand1"": 74, ""pbest"": 70, ""closure"": 0, ""local"": 118, ""consensus"": 98}"
TwoBasin8,8,DCAS-noClosure,3,400,1.0,1,167,0.1827278800871501,0.0,401.885920640325,53.1795143537997,0.1257806859467329,0.361624766702166,1.3582750567398645,"{""rand1"": 68, ""pbest"": 79, ""closure"": 0, ""local"": 126, ""consensus"": 87}"
TwoBasin8,8,DCAS-noClosure,4,400,1.0,1,144,0.1608469490160919,0.0,404.3177762767444,65.81527971938368,0.1306344769411192,0.189751966122202,1.3531372454574695,"{""rand1"": 71, ""pbest"": 69, ""closure"": 0, ""local"": 128, ""consensus"": 92}"
TwoBasin8,8,DCAS-noClosure,5,400,1.0,1,108,0.1966037706170833,0.0,405.2328077924532,44.64593172580645,0.1263512091516522,0.2283841172896644,1.35002351383663,"{""rand1"": 63, ""pbest"": 79, ""closure"": 0, ""local"": 130, ""consensus"": 88}"
TwoBasin8,8,DCAS-noClosure,6,400,1.0,1,167,0.1821395494905387,0.0,404.0484482841192,54.99317278202105,0.1318534996345592,0.384186015952306,1.3444187127152494,"{""rand1"": 66, ""pbest"": 73, ""closure"": 0, ""local"": 135, ""consensus"": 86}"
TwoBasin8,8,DCAS-noClosure,7,400,1.0,1,203,0.936329064444888,0.0,406.7297539558253,56.28785048456833,0.1186538272655823,0.2850018180077379,1.3562739619027444,"{""rand1"": 72, ""pbest"": 68, ""closure"": 0, ""local"": 124, ""consensus"": 96}"
TwoBasin8,8,DCAS-noClosure,8,400,1.0,1,156,0.173607537496489,0.0,404.0121002069129,64.87029658697357,0.1228532682954128,0.2270792365529207,1.3553267172803067,"{""rand1"": 65, ""pbest"": 76, ""closure"": 0, ""local"": 125, ""consensus"": 94}"
TwoBasin8,8,DCAS-noClosure,9,400,1.0,1,173,0.171376969161048,0.0,401.67869956365183,60.83505667943879,0.1160484326082444,0.3282933114949768,1.3555615271530583,"{""rand1"": 63, ""pbest"": 91, ""closure"": 0, ""local"": 125, ""consensus"": 81}"
TwoBasin8,8,DCAS-noClosure,10,400,1.0,1,147,0.91420863036944,0.0,408.2751451689245,62.327308415760136,0.1153043624369402,0.3774114774114774,1.3633663850129418,"{""rand1"": 65, ""pbest"": 78, ""closure"": 0, ""local"": 109, ""consensus"": 108}"
TwoBasin8,8,DCAS-noClosure,11,400,1.0,1,122,0.8847337076819416,0.0,402.4212014187932,63.32488468007647,0.1146733004138725,0.1790636782572266,1.366807318142357,"{""rand1"": 68, ""pbest"": 88, ""closure"": 0, ""local"": 118, ""consensus"": 86}"
TwoBasin8,8,DCAS-noClosure,12,400,1.0,1,167,0.2142189414227276,0.0,411.9112890674381,57.55760440115864,0.1195895640519909,0.4337503722503223,1.351643605830929,"{""rand1"": 60, ""pbest"": 75, ""closure"": 0, ""local"": 118, ""consensus"": 107}"
TwoBasin8,8,DCAS-noClosure,13,400,1.0,1,92,0.9527079377419256,0.0,402.9709029687695,58.99624872359936,0.1371490529617683,0.1391116130246564,1.33365344208352,"{""rand1"": 61, ""pbest"": 69, ""closure"": 0, ""local"": 138, ""consensus"": 92}"
TwoBasin8,8,DCAS-noClosure,14,400,1.0,1,208,0.1626750935555259,0.0,410.86645972259424,67.43291907831163,0.1214205893931329,0.1138265851795263,1.3372648203478947,"{""rand1"": 56, ""pbest"": 70, ""closure"": 0, ""local"": 124, ""consensus"": 110}"
TwoBasin8,8,DCAS-noClosure,15,400,1.0,1,10,0.88005961159391,0.0,402.3960453731856,59.24560034335159,0.1215513686177785,0.0763636363636363,1.3696366334741572,"{""rand1"": 68, ""pbest"": 95, ""closure"": 0, ""local"": 113, ""consensus"": 84}"
TwoBasin8,8,DCAS-noClosure,16,400,1.0,1,209,0.1904328433573842,0.0,408.4723269059488,60.1777304061613,0.1132964212195294,0.3051144595769341,1.3657473257522426,"{""rand1"": 69, ""pbest"": 78, ""closure"": 0, ""local"": 117, ""consensus"": 96}"
TwoBasin8,8,DCAS-noClosure,17,400,1.0,1,193,0.9373161462194288,0.0,404.7395923844052,60.62569578601612,0.1250783230405026,0.222831912669374,1.3390297093760024,"{""rand1"": 66, ""pbest"": 70, ""closure"": 0, ""local"": 138, ""consensus"": 86}"
TwoBasin8,8,DCAS-noClosure,18,400,1.0,1,92,0.1767319294660934,0.0,403.67940490390447,60.80639223085556,0.1259236355365759,0.1574176548089591,1.3535391547265003,"{""rand1"": 66, ""pbest"": 72, ""closure"": 0, ""local"": 125, ""consensus"": 97}"
TwoBasin8,8,DCAS-noClosure,19,400,1.0,1,165,0.2413569565566378,0.0,406.37055020313744,48.00784975865689,0.1137997307693753,0.248509491721566,1.3639988241753105,"{""rand1"": 69, ""pbest"": 74, ""closure"": 0, ""local"": 114, ""consensus"": 103}"
TwoBasin8,8,DCAS-noClosure,20,400,1.0,1,143,0.176849812791194,0.0,405.4271829304326,57.85356837672087,0.1192448573330642,0.2654568238778765,1.366904941586732,"{""rand1"": 68, ""pbest"": 81, ""closure"": 0, ""local"": 116, ""consensus"": 95}"
TwoBasin8,8,DCAS-noClosure,21,400,1.0,1,94,0.915415994472724,0.0,405.1317568137106,52.07268584101666,0.1217321864403786,0.1255748874448565,1.3485105894366431,"{""rand1"": 61, ""pbest"": 75, ""closure"": 0, ""local"": 127, ""consensus"": 97}"
TwoBasin8,8,DCAS-noClosure,22,400,1.0,1,164,0.9166983060892842,0.0,400.1887474895237,67.71665626015452,0.1262550696659822,0.1835384584455791,1.3465327565536795,"{""rand1"": 63, ""pbest"": 85, ""closure"": 0, ""local"": 133, ""consensus"": 79}"
TwoBasin8,8,DCAS-noClosure,23,400,1.0,1,123,0.9405019768387828,0.0,408.1334631518472,59.81423449691134,0.1160240979081583,0.3072398190045248,1.3631136102070696,"{""rand1"": 67, ""pbest"": 75, ""closure"": 0, ""local"": 111, ""consensus"": 107}"
TwoBasin8,8,DCAS-noClosure,24,400,1.0,1,105,0.9005480456244347,0.0,406.3978993068151,58.88394647320996,0.1179584043544342,0.2137786396609926,1.3579331656461324,"{""rand1"": 69, ""pbest"": 73, ""closure"": 0, ""local"": 124, ""consensus"": 94}"
TwoBasin8,8,DCAS-noClosure,25,400,1.0,1,178,0.2111979991797398,0.0,412.7024223930163,55.124602950742094,0.1171535308038409,0.2066882143343912,1.3535716645958913,"{""rand1"": 69, ""pbest"": 68, ""closure"": 0, ""local"": 99, ""consensus"": 124}"
TwoBasin8,8,DCAS-noClosure,26,400,1.0,1,135,0.1600906476894283,0.0,408.1232898125912,65.35630143353404,0.1249431369530987,0.158315791920244,1.352074262069562,"{""rand1"": 62, ""pbest"": 73, ""closure"": 0, ""local"": 120, ""consensus"": 105}"
TwoBasin8,8,DCAS-noClosure,27,400,1.0,1,70,0.174206453660333,0.0,406.0820711605337,51.82521890223514,0.1160940283545482,0.1218641358641358,1.366659454950864,"{""rand1"": 74, ""pbest"": 71, ""closure"": 0, ""local"": 112, ""consensus"": 103}"
TwoBasin8,8,DCAS-noClosure,28,400,1.0,1,250,0.1687545551543075,0.0,407.47429747418585,62.470372819589365,0.1278449482690738,0.1721562579147718,1.3335453677769045,"{""rand1"": 60, ""pbest"": 69, ""closure"": 0, ""local"": 137, ""consensus"": 94}"
TwoBasin8,8,DCAS-noClosure,29,400,1.0,1,165,0.1619906736080331,0.0,405.28103928854176,66.45965039331922,0.1329502969598411,0.2684010107539519,1.333015184061098,"{""rand1"": 63, ""pbest"": 67, ""closure"": 0, ""local"": 139, ""consensus"": 91}"
TwoBasin8,8,DCAS-stationary,0,400,1.0,1,154,0.1895192840418917,0.0,395.0325853525831,74.07807392089998,0.1075072426415932,0.1982456140350877,1.531544060349356,"{""rand1"": 32, ""pbest"": 60, ""closure"": 84, ""local"": 117, ""consensus"": 67}"
TwoBasin8,8,DCAS-stationary,1,400,1.0,1,155,0.9420399362885076,0.0,402.7254220635113,65.7659105534006,0.1082156363495731,0.1066666666666666,1.5048188516103629,"{""rand1"": 34, ""pbest"": 53, ""closure"": 121, ""local"": 51, ""consensus"": 101}"
TwoBasin8,8,DCAS-stationary,2,400,1.0,1,160,0.8983365616998265,0.0,400.4970945998859,66.84343703982796,0.1050789977705877,0.2154704944178628,1.5004560584513065,"{""rand1"": 22, ""pbest"": 60, ""closure"": 119, ""local"": 72, ""consensus"": 87}"
TwoBasin8,8,DCAS-stationary,3,400,1.0,1,240,0.2005195140755343,0.0,398.13269739023775,59.59404477883181,0.0911240242948803,0.2402080317998971,1.5325585875456498,"{""rand1"": 36, ""pbest"": 46, ""closure"": 106, ""local"": 98, ""consensus"": 74}"
TwoBasin8,8,DCAS-stationary,4,400,1.0,1,236,0.1575507388241331,0.0,395.3529346998076,73.4396983964578,0.104604474956672,0.1573554607238818,1.527400233863753,"{""rand1"": 28, ""pbest"": 80, ""closure"": 68, ""local"": 116, ""consensus"": 68}"
TwoBasin8,8,DCAS-stationary,5,400,1.0,1,168,0.1954825254454996,0.0,393.7400230906815,68.97174273198814,0.0911188106370114,0.1451316156961318,1.5471814325261208,"{""rand1"": 32, ""pbest"": 76, ""closure"": 104, ""local"": 86, ""consensus"": 62}"
TwoBasin8,8,DCAS-stationary,6,400,1.0,1,200,0.9870898777296114,0.0,408.7985110049065,63.94406918175672,0.1072683864445944,0.2602887014808474,1.4956969793017862,"{""rand1"": 37, ""pbest"": 47, ""closure"": 102, ""local"": 49, ""consensus"": 125}"
TwoBasin8,8,DCAS-stationary,7,400,1.0,1,228,0.1601611862317759,0.0,394.91673050287926,59.42422842402414,0.0998927324047584,0.3679015150539066,1.512003596219507,"{""rand1"": 27, ""pbest"": 64, ""closure"": 92, ""local"": 118, ""consensus"": 59}"
TwoBasin8,8,DCAS-stationary,8,400,1.0,1,170,0.1660825231625751,0.0,391.88473760006457,65.73401798734893,0.0826881329391659,0.2021428571428571,1.547918587784827,"{""rand1"": 38, ""pbest"": 65, ""closure"": 97, ""local"": 104, ""consensus"": 56}"
TwoBasin8,8,DCAS-stationary,9,400,1.0,1,171,0.1660520297852915,0.0,398.2940042649042,72.83466370955502,0.0922172362530393,0.1415584415584415,1.5542753978675856,"{""rand1"": 49, ""pbest"": 43, ""closure"": 74, ""local"": 107, ""consensus"": 87}"
TwoBasin8,8,DCAS-stationary,10,400,1.0,1,121,0.8948709446023296,0.0,394.0235973115433,66.17913120559069,0.1311621257556577,0.4636363636363637,1.44186849896949,"{""rand1"": 26, ""pbest"": 32, ""closure"": 103, ""local"": 133, ""consensus"": 66}"
TwoBasin8,8,DCAS-stationary,11,400,1.0,1,236,0.9618902067946072,0.0,389.23208555039,67.98201346440088,0.1427946053236032,0.3510437859354268,1.4483096522316017,"{""rand1"": 28, ""pbest"": 55, ""closure"": 95, ""local"": 142, ""consensus"": 40}"
TwoBasin8,8,DCAS-stationary,12,400,1.0,1,164,0.8937392957656476,0.0,396.4598632424298,74.87831709843543,0.1299141351538405,0.1746653346653346,1.4275977409631029,"{""rand1"": 26, ""pbest"": 26, ""closure"": 101, ""local"": 134, ""consensus"": 73}"
TwoBasin8,8,DCAS-stationary,13,400,1.0,1,155,0.8559289569159383,0.0,402.0119585478406,68.03630746466997,0.1010180660478882,0.1279691323169583,1.4943588813240836,"{""rand1"": 27, ""pbest"": 38, ""closure"": 96, ""local"": 95, ""consensus"": 104}"
TwoBasin8,8,DCAS-stationary,14,400,1.0,1,206,0.8987629618012027,0.0,392.0428081208105,71.76828819491301,0.131075140162927,0.2595138848080024,1.3853172172749255,"{""rand1"": 26, ""pbest"": 29, ""closure"": 91, ""local"": 160, ""consensus"": 54}"
TwoBasin8,8,DCAS-stationary,15,400,1.0,1,10,0.8904635158156208,0.0,399.3647350861434,51.87813332593512,0.1057267770505071,0.1293506493506493,1.5302090383139522,"{""rand1"": 39, ""pbest"": 52, ""closure"": 119, ""local"": 59, ""consensus"": 91}"
TwoBasin8,8,DCAS-stationary,16,400,1.0,1,145,0.8781005644907961,0.0,395.2102257947189,74.33932159477054,0.1620761303405152,0.0781818181818181,1.4033866335093377,"{""rand1"": 21, ""pbest"": 42, ""closure"": 66, ""local"": 162, ""consensus"": 69}"
TwoBasin8,8,DCAS-stationary,17,400,1.0,1,156,0.8706287080426331,0.0,391.304102173808,75.89632380357241,0.1516281076592252,0.0980539584254754,1.385677312110685,"{""rand1"": 27, ""pbest"": 29, ""closure"": 90, ""local"": 161, ""consensus"": 53}"
TwoBasin8,8,DCAS-stationary,18,400,1.0,1,137,0.1999383920071689,0.0,395.71851652304775,67.50199915781329,0.099563435409691,0.2278375082090252,1.5139084763575357,"{""rand1"": 25, ""pbest"": 58, ""closure"": 87, ""local"": 115, ""consensus"": 75}"
TwoBasin8,8,DCAS-stationary,19,400,1.0,1,203,0.173773548587553,0.0,392.0337731868215,64.73966069815624,0.1046825007487162,0.1809200843235219,1.5178180721613586,"{""rand1"": 31, ""pbest"": 56, ""closure"": 111, ""local"": 103, ""consensus"": 59}"
TwoBasin8,8,DCAS-stationary,20,400,1.0,1,123,0.1775765972774137,0.0,402.67265633563466,71.48758849518175,0.0976675519524696,0.2066666666666667,1.4963321519576531,"{""rand1"": 40, ""pbest"": 26, ""closure"": 100, ""local"": 95, ""consensus"": 99}"
TwoBasin8,8,DCAS-stationary,21,400,1.0,1,138,0.9190707841101484,0.0,389.5242429258336,69.09237620435154,0.1270074200073862,0.5489131920710868,1.4654691829742477,"{""rand1"": 25, ""pbest"": 59, ""closure"": 105, ""local"": 127, ""consensus"": 44}"
TwoBasin8,8,DCAS-stationary,22,400,1.0,1,142,0.8312503079300625,0.0,400.193666947497,66.55842427589137,0.0948918898191061,0.09,1.505702122555684,"{""rand1"": 24, ""pbest"": 48, ""closure"": 102, ""local"": 91, ""consensus"": 95}"
TwoBasin8,8,DCAS-stationary,23,400,1.0,1,66,0.8661485884963371,0.0,398.25393251211966,63.93326035527879,0.1097748449056571,0.1266666666666666,1.4795109634800228,"{""rand1"": 31, ""pbest"": 37, ""closure"": 76, ""local"": 133, ""consensus"": 83}"
TwoBasin8,8,DCAS-stationary,24,400,1.0,1,138,0.1721902573317233,0.0,396.639931069324,75.62309182910943,0.1153676704081498,0.3006993006993007,1.482396853578511,"{""rand1"": 23, ""pbest"": 45, ""closure"": 92, ""local"": 122, ""consensus"": 78}"
TwoBasin8,8,DCAS-stationary,25,400,1.0,1,130,0.1465484484447796,0.0,405.7944313261246,71.5997815839212,0.1096676392049973,0.2219298245614035,1.444423809813882,"{""rand1"": 21, ""pbest"": 31, ""closure"": 105, ""local"": 87, ""consensus"": 116}"
TwoBasin8,8,DCAS-stationary,26,400,1.0,1,193,0.1659346276334166,0.0,398.2034811376234,62.05700717058999,0.092159722372454,0.2009658560233595,1.524977141336249,"{""rand1"": 36, ""pbest"": 42, ""closure"": 112, ""local"": 90, ""consensus"": 80}"
TwoBasin8,8,DCAS-stationary,27,400,1.0,1,115,0.2029871814276929,0.0,397.4299161455176,63.529354380833766,0.0952167038159545,0.3807692307692308,1.5452131180883315,"{""rand1"": 53, ""pbest"": 34, ""closure"": 99, ""local"": 93, ""consensus"": 81}"
TwoBasin8,8,DCAS-stationary,28,400,1.0,1,153,0.180234759151733,0.0,416.3330872144635,80.8048075336727,0.1140648169143603,0.113794466403162,1.381639909492897,"{""rand1"": 21, ""pbest"": 30, ""closure"": 90, ""local"": 61, ""consensus"": 158}"
TwoBasin8,8,DCAS-stationary,29,400,1.0,1,164,0.1728996681423846,0.0,397.2268459448698,72.1077613845928,0.0926124457915932,0.1878787878787878,1.5361396580368876,"{""rand1"": 27, ""pbest"": 79, ""closure"": 106, ""local"": 68, ""consensus"": 80}"
TwoBasin8,8,DE-EPS,0,400,1.0,0,401,inf,0.8389637684223278,400.0,0.0,0.0,0.0,0.0,{}
TwoBasin8,8,DE-EPS,1,400,1.0,0,401,inf,0.6644845581436715,400.0,0.0,0.0,0.0,0.0,{}
TwoBasin8,8,DE-EPS,2,400,1.0,0,401,inf,1.3353990433036396,400.0,0.0,0.0,0.0,0.0,{}
TwoBasin8,8,DE-EPS,3,400,1.0,0,401,inf,0.617837130912336,400.0,0.0,0.0,0.0,0.0,{}
TwoBasin8,8,DE-EPS,4,400,1.0,0,401,inf,1.3566478072373214,400.0,0.0,0.0,0.0,0.0,{}
TwoBasin8,8,DE-EPS,5,400,1.0,0,401,inf,0.6339480541186229,400.0,0.0,0.0,0.0,0.0,{}
TwoBasin8,8,DE-EPS,6,400,1.0,1,382,1.219231631417662,0.0,400.0,0.0,0.0,0.0,0.0,{}
TwoBasin8,8,DE-EPS,7,400,1.0,0,401,inf,0.4233286559942096,400.0,0.0,0.0,0.0,0.0,{}
TwoBasin8,8,DE-EPS,8,400,1.0,0,401,inf,0.3478498703247033,400.0,0.0,0.0,0.0,0.0,{}
TwoBasin8,8,DE-EPS,9,400,1.0,0,401,inf,0.8546463947038533,400.0,0.0,0.0,0.0,0.0,{}
TwoBasin8,8,DE-EPS,10,400,1.0,0,401,inf,1.543714722014376,400.0,0.0,0.0,0.0,0.0,{}
TwoBasin8,8,DE-EPS,11,400,1.0,0,401,inf,0.9681374021900452,400.0,0.0,0.0,0.0,0.0,{}
TwoBasin8,8,DE-EPS,12,400,1.0,0,401,inf,2.3646086686150767,400.0,0.0,0.0,0.0,0.0,{}
TwoBasin8,8,DE-EPS,13,400,1.0,0,401,inf,0.0098159630046725,400.0,0.0,0.0,0.0,0.0,{}
TwoBasin8,8,DE-EPS,14,400,1.0,0,401,inf,0.721549378699549,400.0,0.0,0.0,0.0,0.0,{}
TwoBasin8,8,DE-EPS,15,400,1.0,1,10,1.3666424791562135,0.0,400.0,0.0,0.0,0.0,0.0,{}
TwoBasin8,8,DE-EPS,16,400,1.0,0,401,inf,0.9939712429841018,400.0,0.0,0.0,0.0,0.0,{}
TwoBasin8,8,DE-EPS,17,400,1.0,0,401,inf,0.1589207353943232,400.0,0.0,0.0,0.0,0.0,{}
TwoBasin8,8,DE-EPS,18,400,1.0,0,401,inf,0.5165818854997126,400.0,0.0,0.0,0.0,0.0,{}
TwoBasin8,8,DE-EPS,19,400,1.0,1,389,1.4198522000174547,0.0,400.0,0.0,0.0,0.0,0.0,{}
TwoBasin8,8,DE-EPS,20,400,1.0,0,401,inf,0.3223313919955103,400.0,0.0,0.0,0.0,0.0,{}
TwoBasin8,8,DE-EPS,21,400,1.0,0,401,inf,0.3016737294776868,400.0,0.0,0.0,0.0,0.0,{}
TwoBasin8,8,DE-EPS,22,400,1.0,0,401,inf,0.1849394523112403,400.0,0.0,0.0,0.0,0.0,{}
TwoBasin8,8,DE-EPS,23,400,1.0,0,401,inf,1.4152308574639827,400.0,0.0,0.0,0.0,0.0,{}
TwoBasin8,8,DE-EPS,24,400,1.0,0,401,inf,1.5360672636339885,400.0,0.0,0.0,0.0,0.0,{}
TwoBasin8,8,DE-EPS,25,400,1.0,0,401,inf,1.11200915496738,400.0,0.0,0.0,0.0,0.0,{}
TwoBasin8,8,DE-EPS,26,400,1.0,0,401,inf,0.6051357704513424,400.0,0.0,0.0,0.0,0.0,{}
TwoBasin8,8,DE-EPS,27,400,1.0,1,306,1.270131529456734,0.0,400.0,0.0,0.0,0.0,0.0,{}
TwoBasin8,8,DE-EPS,28,400,1.0,0,401,inf,1.1260677659107488,400.0,0.0,0.0,0.0,0.0,{}
TwoBasin8,8,DE-EPS,29,400,1.0,0,401,inf,0.7162014583425478,400.0,0.0,0.0,0.0,0.0,{}
TwoBasin8,8,DE-NCV,0,400,1.0,0,401,inf,0.8389637684223278,400.0,0.0,0.0,0.0,0.0,{}
TwoBasin8,8,DE-NCV,1,400,1.0,0,401,inf,0.6644845581436715,400.0,0.0,0.0,0.0,0.0,{}
TwoBasin8,8,DE-NCV,2,400,1.0,0,401,inf,1.3353990433036396,400.0,0.0,0.0,0.0,0.0,{}
TwoBasin8,8,DE-NCV,3,400,1.0,0,401,inf,0.617837130912336,400.0,0.0,0.0,0.0,0.0,{}
TwoBasin8,8,DE-NCV,4,400,1.0,0,401,inf,1.3566478072373214,400.0,0.0,0.0,0.0,0.0,{}
TwoBasin8,8,DE-NCV,5,400,1.0,0,401,inf,0.6339480541186229,400.0,0.0,0.0,0.0,0.0,{}
TwoBasin8,8,DE-NCV,6,400,1.0,1,382,1.219231631417662,0.0,400.0,0.0,0.0,0.0,0.0,{}
TwoBasin8,8,DE-NCV,7,400,1.0,0,401,inf,0.4233286559942096,400.0,0.0,0.0,0.0,0.0,{}
TwoBasin8,8,DE-NCV,8,400,1.0,0,401,inf,0.3478498703247033,400.0,0.0,0.0,0.0,0.0,{}
TwoBasin8,8,DE-NCV,9,400,1.0,0,401,inf,0.8546463947038533,400.0,0.0,0.0,0.0,0.0,{}
TwoBasin8,8,DE-NCV,10,400,1.0,0,401,inf,1.543714722014376,400.0,0.0,0.0,0.0,0.0,{}
TwoBasin8,8,DE-NCV,11,400,1.0,0,401,inf,0.9681374021900452,400.0,0.0,0.0,0.0,0.0,{}
TwoBasin8,8,DE-NCV,12,400,1.0,0,401,inf,2.3646086686150767,400.0,0.0,0.0,0.0,0.0,{}
TwoBasin8,8,DE-NCV,13,400,1.0,0,401,inf,0.0098159630046725,400.0,0.0,0.0,0.0,0.0,{}
TwoBasin8,8,DE-NCV,14,400,1.0,0,401,inf,0.721549378699549,400.0,0.0,0.0,0.0,0.0,{}
TwoBasin8,8,DE-NCV,15,400,1.0,1,10,1.3666424791562135,0.0,400.0,0.0,0.0,0.0,0.0,{}
TwoBasin8,8,DE-NCV,16,400,1.0,0,401,inf,0.9939712429841018,400.0,0.0,0.0,0.0,0.0,{}
TwoBasin8,8,DE-NCV,17,400,1.0,0,401,inf,0.1589207353943232,400.0,0.0,0.0,0.0,0.0,{}
TwoBasin8,8,DE-NCV,18,400,1.0,0,401,inf,0.5165818854997126,400.0,0.0,0.0,0.0,0.0,{}
TwoBasin8,8,DE-NCV,19,400,1.0,1,389,1.4198522000174547,0.0,400.0,0.0,0.0,0.0,0.0,{}
TwoBasin8,8,DE-NCV,20,400,1.0,0,401,inf,0.3223313919955103,400.0,0.0,0.0,0.0,0.0,{}
TwoBasin8,8,DE-NCV,21,400,1.0,0,401,inf,0.3016737294776868,400.0,0.0,0.0,0.0,0.0,{}
TwoBasin8,8,DE-NCV,22,400,1.0,0,401,inf,0.1849394523112403,400.0,0.0,0.0,0.0,0.0,{}
TwoBasin8,8,DE-NCV,23,400,1.0,0,401,inf,1.4152308574639827,400.0,0.0,0.0,0.0,0.0,{}
TwoBasin8,8,DE-NCV,24,400,1.0,0,401,inf,1.5360672636339885,400.0,0.0,0.0,0.0,0.0,{}
TwoBasin8,8,DE-NCV,25,400,1.0,0,401,inf,1.11200915496738,400.0,0.0,0.0,0.0,0.0,{}
TwoBasin8,8,DE-NCV,26,400,1.0,0,401,inf,0.6051357704513424,400.0,0.0,0.0,0.0,0.0,{}
TwoBasin8,8,DE-NCV,27,400,1.0,1,306,1.270131529456734,0.0,400.0,0.0,0.0,0.0,0.0,{}
TwoBasin8,8,DE-NCV,28,400,1.0,0,401,inf,1.1260677659107488,400.0,0.0,0.0,0.0,0.0,{}
TwoBasin8,8,DE-NCV,29,400,1.0,0,401,inf,0.7162014583425478,400.0,0.0,0.0,0.0,0.0,{}
TwoBasin8,8,DE-PEN,0,400,1.0,0,401,inf,0.8389637684223278,400.0,0.0,0.0,0.0,0.0,{}
TwoBasin8,8,DE-PEN,1,400,1.0,0,401,inf,0.6644845581436715,400.0,0.0,0.0,0.0,0.0,{}
TwoBasin8,8,DE-PEN,2,400,1.0,0,401,inf,1.3353990433036396,400.0,0.0,0.0,0.0,0.0,{}
TwoBasin8,8,DE-PEN,3,400,1.0,0,401,inf,0.617837130912336,400.0,0.0,0.0,0.0,0.0,{}
TwoBasin8,8,DE-PEN,4,400,1.0,0,401,inf,1.3566478072373214,400.0,0.0,0.0,0.0,0.0,{}
TwoBasin8,8,DE-PEN,5,400,1.0,0,401,inf,0.6339480541186229,400.0,0.0,0.0,0.0,0.0,{}
TwoBasin8,8,DE-PEN,6,400,1.0,1,382,1.219231631417662,0.0,400.0,0.0,0.0,0.0,0.0,{}
TwoBasin8,8,DE-PEN,7,400,1.0,0,401,inf,0.4233286559942096,400.0,0.0,0.0,0.0,0.0,{}
TwoBasin8,8,DE-PEN,8,400,1.0,0,401,inf,0.3478498703247033,400.0,0.0,0.0,0.0,0.0,{}
TwoBasin8,8,DE-PEN,9,400,1.0,0,401,inf,0.8546463947038533,400.0,0.0,0.0,0.0,0.0,{}
TwoBasin8,8,DE-PEN,10,400,1.0,0,401,inf,1.543714722014376,400.0,0.0,0.0,0.0,0.0,{}
TwoBasin8,8,DE-PEN,11,400,1.0,0,401,inf,0.9681374021900452,400.0,0.0,0.0,0.0,0.0,{}
TwoBasin8,8,DE-PEN,12,400,1.0,0,401,inf,2.3646086686150767,400.0,0.0,0.0,0.0,0.0,{}
TwoBasin8,8,DE-PEN,13,400,1.0,0,401,inf,0.0098159630046725,400.0,0.0,0.0,0.0,0.0,{}
TwoBasin8,8,DE-PEN,14,400,1.0,0,401,inf,0.721549378699549,400.0,0.0,0.0,0.0,0.0,{}
TwoBasin8,8,DE-PEN,15,400,1.0,1,10,1.3666424791562135,0.0,400.0,0.0,0.0,0.0,0.0,{}
TwoBasin8,8,DE-PEN,16,400,1.0,0,401,inf,0.9939712429841018,400.0,0.0,0.0,0.0,0.0,{}
TwoBasin8,8,DE-PEN,17,400,1.0,0,401,inf,0.1589207353943232,400.0,0.0,0.0,0.0,0.0,{}
TwoBasin8,8,DE-PEN,18,400,1.0,0,401,inf,0.5165818854997126,400.0,0.0,0.0,0.0,0.0,{}
TwoBasin8,8,DE-PEN,19,400,1.0,1,389,1.4198522000174547,0.0,400.0,0.0,0.0,0.0,0.0,{}
TwoBasin8,8,DE-PEN,20,400,1.0,0,401,inf,0.3223313919955103,400.0,0.0,0.0,0.0,0.0,{}
TwoBasin8,8,DE-PEN,21,400,1.0,0,401,inf,0.3016737294776868,400.0,0.0,0.0,0.0,0.0,{}
TwoBasin8,8,DE-PEN,22,400,1.0,0,401,inf,0.1849394523112403,400.0,0.0,0.0,0.0,0.0,{}
TwoBasin8,8,DE-PEN,23,400,1.0,0,401,inf,1.4152308574639827,400.0,0.0,0.0,0.0,0.0,{}
TwoBasin8,8,DE-PEN,24,400,1.0,0,401,inf,1.5360672636339885,400.0,0.0,0.0,0.0,0.0,{}
TwoBasin8,8,DE-PEN,25,400,1.0,0,401,inf,1.11200915496738,400.0,0.0,0.0,0.0,0.0,{}
TwoBasin8,8,DE-PEN,26,400,1.0,0,401,inf,0.6051357704513424,400.0,0.0,0.0,0.0,0.0,{}
TwoBasin8,8,DE-PEN,27,400,1.0,1,306,1.270131529456734,0.0,400.0,0.0,0.0,0.0,0.0,{}
TwoBasin8,8,DE-PEN,28,400,1.0,0,401,inf,1.1260677659107488,400.0,0.0,0.0,0.0,0.0,{}
TwoBasin8,8,DE-PEN,29,400,1.0,0,401,inf,1.086061861972208,400.0,0.0,0.0,0.0,0.0,{}
TwoBasin8,8,JADE-NCV,0,400,1.0,0,401,inf,0.0746914528619542,400.0,0.0,0.0,0.0,0.0,{}
TwoBasin8,8,JADE-NCV,1,400,1.0,1,52,1.0581569528184704,0.0,400.0,0.0,0.0,0.0,0.0,{}
TwoBasin8,8,JADE-NCV,2,400,1.0,0,401,inf,0.2692032673767552,400.0,0.0,0.0,0.0,0.0,{}
TwoBasin8,8,JADE-NCV,3,400,1.0,1,287,1.4475726308601302,0.0,400.0,0.0,0.0,0.0,0.0,{}
TwoBasin8,8,JADE-NCV,4,400,1.0,0,401,inf,0.1612805171927908,400.0,0.0,0.0,0.0,0.0,{}
TwoBasin8,8,JADE-NCV,5,400,1.0,1,288,0.9553545241146976,0.0,400.0,0.0,0.0,0.0,0.0,{}
TwoBasin8,8,JADE-NCV,6,400,1.0,1,391,1.4686813260863694,0.0,400.0,0.0,0.0,0.0,0.0,{}
TwoBasin8,8,JADE-NCV,7,400,1.0,1,219,1.28703984501346,0.0,400.0,0.0,0.0,0.0,0.0,{}
TwoBasin8,8,JADE-NCV,8,400,1.0,1,276,1.2199213918497571,0.0,400.0,0.0,0.0,0.0,0.0,{}
TwoBasin8,8,JADE-NCV,9,400,1.0,1,188,0.9890743209097976,0.0,400.0,0.0,0.0,0.0,0.0,{}
TwoBasin8,8,JADE-NCV,10,400,1.0,1,179,1.3126747387652753,0.0,400.0,0.0,0.0,0.0,0.0,{}
TwoBasin8,8,JADE-NCV,11,400,1.0,1,350,1.38354351761709,0.0,400.0,0.0,0.0,0.0,0.0,{}
TwoBasin8,8,JADE-NCV,12,400,1.0,1,328,1.529902032617915,0.0,400.0,0.0,0.0,0.0,0.0,{}
TwoBasin8,8,JADE-NCV,13,400,1.0,1,228,1.1024713779355428,0.0,400.0,0.0,0.0,0.0,0.0,{}
TwoBasin8,8,JADE-NCV,14,400,1.0,1,340,1.108923426482099,0.0,400.0,0.0,0.0,0.0,0.0,{}
TwoBasin8,8,JADE-NCV,15,400,1.0,1,10,0.9725505998370854,0.0,400.0,0.0,0.0,0.0,0.0,{}
TwoBasin8,8,JADE-NCV,16,400,1.0,0,401,inf,0.2954909556239848,400.0,0.0,0.0,0.0,0.0,{}
TwoBasin8,8,JADE-NCV,17,400,1.0,1,365,1.256362093651992,0.0,400.0,0.0,0.0,0.0,0.0,{}
TwoBasin8,8,JADE-NCV,18,400,1.0,1,207,0.4433685958057076,0.0,400.0,0.0,0.0,0.0,0.0,{}
TwoBasin8,8,JADE-NCV,19,400,1.0,1,350,0.3873227459827733,0.0,400.0,0.0,0.0,0.0,0.0,{}
TwoBasin8,8,JADE-NCV,20,400,1.0,1,344,0.220241852773163,0.0,400.0,0.0,0.0,0.0,0.0,{}
TwoBasin8,8,JADE-NCV,21,400,1.0,1,151,1.205099770938039,0.0,400.0,0.0,0.0,0.0,0.0,{}
TwoBasin8,8,JADE-NCV,22,400,1.0,1,397,0.5200100905180295,0.0,400.0,0.0,0.0,0.0,0.0,{}
TwoBasin8,8,JADE-NCV,23,400,1.0,1,242,1.2653360215428435,0.0,400.0,0.0,0.0,0.0,0.0,{}
TwoBasin8,8,JADE-NCV,24,400,1.0,1,212,1.0405898178658848,0.0,400.0,0.0,0.0,0.0,0.0,{}
TwoBasin8,8,JADE-NCV,25,400,1.0,1,331,0.4093210115312453,0.0,400.0,0.0,0.0,0.0,0.0,{}
TwoBasin8,8,JADE-NCV,26,400,1.0,1,384,1.1946884358915038,0.0,400.0,0.0,0.0,0.0,0.0,{}
TwoBasin8,8,JADE-NCV,27,400,1.0,1,351,0.5088769824951004,0.0,400.0,0.0,0.0,0.0,0.0,{}
TwoBasin8,8,JADE-NCV,28,400,1.0,0,401,inf,0.0200071610665608,400.0,0.0,0.0,0.0,0.0,{}
TwoBasin8,8,JADE-NCV,29,400,1.0,1,249,1.2253657784216954,0.0,400.0,0.0,0.0,0.0,0.0,{}
TwoBasin8,8,UCB-Objective,0,400,1.0,1,187,0.1821077907039533,0.0,403.1516356815003,56.45276797258925,0.0450562179372063,0.2856863665064878,1.5926276887705857,"{""rand1"": 77, ""pbest"": 80, ""closure"": 47, ""local"": 79, ""consensus"": 77}"
TwoBasin8,8,UCB-Objective,1,400,1.0,1,171,0.8998651473847391,0.0,403.41013177023547,59.67260256471008,0.0401634394057252,0.1163577464239018,1.5951475527246035,"{""rand1"": 76, ""pbest"": 76, ""closure"": 49, ""local"": 81, ""consensus"": 78}"
TwoBasin8,8,UCB-Objective,2,400,1.0,1,219,0.9501588287494904,0.0,405.3142425268198,54.47815999801924,0.0562313939170794,0.2183444202855968,1.5829325655417,"{""rand1"": 80, ""pbest"": 79, ""closure"": 41, ""local"": 81, ""consensus"": 79}"
TwoBasin8,8,UCB-Objective,3,400,1.0,1,263,0.2356566238751824,0.0,403.73970342233525,53.85401876752246,0.0728982821156109,0.1833189317976336,1.56558162621719,"{""rand1"": 82, ""pbest"": 82, ""closure"": 33, ""local"": 81, ""consensus"": 82}"
TwoBasin8,8,UCB-Objective,4,400,1.0,1,219,0.2278698082231884,0.0,406.10382603590944,55.16928855948488,0.0559474680242053,0.6417976512804237,1.584773069768178,"{""rand1"": 80, ""pbest"": 79, ""closure"": 42, ""local"": 80, ""consensus"": 79}"
TwoBasin8,8,UCB-Objective,5,400,1.0,1,233,0.9746144069055752,0.0,406.2923167445216,65.17377491266282,0.0609361816665692,0.8250749764117655,1.5810937501718234,"{""rand1"": 80, ""pbest"": 80, ""closure"": 40, ""local"": 80, ""consensus"": 80}"
TwoBasin8,8,UCB-Objective,6,400,1.0,1,151,0.1864868905772849,0.0,400.6168364092555,54.69018514063921,0.0304797703194393,0.3766897216214104,1.6018738976091715,"{""rand1"": 75, ""pbest"": 78, ""closure"": 55, ""local"": 75, ""consensus"": 77}"
TwoBasin8,8,UCB-Objective,7,400,1.0,1,47,0.9202033179768636,0.0,398.80397322850376,51.1139537055465,0.0034602521330573,0.2730924148315453,1.6089329403130916,"{""rand1"": 72, ""pbest"": 72, ""closure"": 68, ""local"": 73, ""consensus"": 75}"
TwoBasin8,8,UCB-Objective,8,400,1.0,1,264,0.1985054423713714,0.0,405.5459063276657,56.71582007118592,0.0732155920918884,0.2406063093880431,1.5655477500387245,"{""rand1"": 81, ""pbest"": 81, ""closure"": 33, ""local"": 82, ""consensus"": 83}"
TwoBasin8,8,UCB-Objective,9,400,1.0,1,135,0.1696893878830028,0.0,401.7264925424286,51.38303287209083,0.024555415833217,0.2926758884390463,1.604436310989986,"{""rand1"": 75, ""pbest"": 75, ""closure"": 58, ""local"": 76, ""consensus"": 76}"
TwoBasin8,8,UCB-Objective,10,400,1.0,1,164,0.9152443872853064,0.0,402.1711708779982,52.24530249091358,0.0363372816764677,0.3009351912297084,1.5978666753420177,"{""rand1"": 77, ""pbest"": 77, ""closure"": 51, ""local"": 77, ""consensus"": 78}"
TwoBasin8,8,UCB-Objective,11,400,1.0,1,171,0.1755300752905558,0.0,402.7507713583397,60.99009486721375,0.0396145903105923,0.2646368795552099,1.5952174385341884,"{""rand1"": 76, ""pbest"": 80, ""closure"": 49, ""local"": 76, ""consensus"": 79}"
TwoBasin8,8,UCB-Objective,12,400,1.0,1,243,0.876749264133613,0.0,403.1422948266084,59.17670086496199,0.0680434531328214,0.2345384945384945,1.572713603975338,"{""rand1"": 81, ""pbest"": 81, ""closure"": 36, ""local"": 82, ""consensus"": 80}"
TwoBasin8,8,UCB-Objective,13,400,1.0,1,171,0.8990809970708292,0.0,403.64830859866186,59.54919770555552,0.0391405279018914,0.194818497359418,1.5953242907787533,"{""rand1"": 76, ""pbest"": 79, ""closure"": 49, ""local"": 77, ""consensus"": 79}"
TwoBasin8,8,UCB-Objective,14,400,1.0,1,157,0.1817688972220084,0.0,401.95483785039664,54.21597204943258,0.0327422236722779,0.2670911148839842,1.600968512405775,"{""rand1"": 77, ""pbest"": 75, ""closure"": 54, ""local"": 76, ""consensus"": 78}"
TwoBasin8,8,UCB-Objective,15,400,1.0,1,10,0.8641318596126558,0.0,398.12153948758726,49.40086412650459,0.0030938844781726,0.2577622377622378,1.6091275998059391,"{""rand1"": 73, ""pbest"": 73, ""closure"": 69, ""local"": 71, ""consensus"": 74}"
TwoBasin8,8,UCB-Objective,16,400,1.0,1,148,0.9368959665443802,0.0,401.134680913902,63.553355691424656,0.0307622334819906,0.1631533784405396,1.6009685124057749,"{""rand1"": 76, ""pbest"": 78, ""closure"": 54, ""local"": 75, ""consensus"": 77}"
TwoBasin8,8,UCB-Objective,17,400,1.0,1,243,0.217936097918547,0.0,402.8024447792874,58.76210658490549,0.0677547463010816,0.3951756555464995,1.5749450366525184,"{""rand1"": 80, ""pbest"": 81, ""closure"": 37, ""local"": 81, ""consensus"": 81}"
TwoBasin8,8,UCB-Objective,18,400,1.0,1,128,0.1951493236675333,0.0,401.4020169969776,58.65235672516924,0.0231445048951232,0.2367358878003555,1.6049231974033615,"{""rand1"": 73, ""pbest"": 77, ""closure"": 59, ""local"": 77, ""consensus"": 74}"
TwoBasin8,8,UCB-Objective,19,400,1.0,1,91,0.8970042486957366,0.0,400.0040327868616,49.39191759763735,0.0115964374446786,0.1573491725665638,1.6081743748856745,"{""rand1"": 73, ""pbest"": 74, ""closure"": 65, ""local"": 73, ""consensus"": 75}"
TwoBasin8,8,UCB-Objective,20,400,1.0,1,111,0.1625712450127403,0.0,399.4606375008465,57.94310990899011,0.0182837649845722,0.1654831951674056,1.6061239355464574,"{""rand1"": 72, ""pbest"": 77, ""closure"": 61, ""local"": 74, ""consensus"": 76}"
TwoBasin8,8,UCB-Objective,21,400,1.0,1,336,0.2634839299390952,0.0,407.8999750956264,53.09107521941158,0.0912880632387907,0.1407525172231054,1.519731035652948,"{""rand1"": 86, ""pbest"": 85, ""closure"": 19, ""local"": 85, ""consensus"": 85}"
TwoBasin8,8,UCB-Objective,22,400,1.0,1,189,0.1853221468715337,0.0,408.40769987890127,62.52318122579929,0.045353201235708,0.3697088706484155,1.592663302281841,"{""rand1"": 77, ""pbest"": 78, ""closure"": 47, ""local"": 78, ""consensus"": 80}"
TwoBasin8,8,UCB-Objective,23,400,1.0,1,163,0.1801586577319452,0.0,403.33953722050256,57.64253214581642,0.0357447055866701,0.2328132081494513,1.59896589068557,"{""rand1"": 76, ""pbest"": 78, ""closure"": 52, ""local"": 77, ""consensus"": 77}"
TwoBasin8,8,UCB-Objective,24,400,1.0,1,211,0.953195682725315,0.0,403.3070389902245,58.77533099659443,0.0524827517390584,0.1947062371752774,1.5864775443686916,"{""rand1"": 78, ""pbest"": 80, ""closure"": 43, ""local"": 79, ""consensus"": 80}"
TwoBasin8,8,UCB-Objective,25,400,1.0,1,148,0.196973346405969,0.0,401.93506505383374,56.96572446481711,0.0307297337486855,0.2700157100963553,1.600968512405775,"{""rand1"": 75, ""pbest"": 77, ""closure"": 54, ""local"": 76, ""consensus"": 78}"
TwoBasin8,8,UCB-Objective,26,400,1.0,1,211,0.9132860674221884,0.0,405.4913709519438,57.77907899028067,0.0544656088618552,0.2861272131510929,1.5828974028586185,"{""rand1"": 78, ""pbest"": 81, ""closure"": 41, ""local"": 80, ""consensus"": 80}"
TwoBasin8,8,UCB-Objective,27,400,1.0,1,159,0.2060817025879975,0.0,400.492617747213,57.2753540717643,0.0329149557877232,0.2160829974623078,1.600047759982865,"{""rand1"": 77, ""pbest"": 77, ""closure"": 53, ""local"": 77, ""consensus"": 76}"
TwoBasin8,8,UCB-Objective,28,400,1.0,1,255,0.1948715248515376,0.0,404.1967192497818,64.42946717130948,0.07076073845844,0.2531694832693018,1.5680513163245386,"{""rand1"": 82, ""pbest"": 81, ""closure"": 34, ""local"": 82, ""consensus"": 81}"
TwoBasin8,8,UCB-Objective,29,400,1.0,1,212,0.1851622083035834,0.0,404.506544627647,50.72072522184765,0.0541332407775371,0.1611551431712722,1.586338641008592,"{""rand1"": 78, ""pbest"": 82, ""closure"": 43, ""local"": 79, ""consensus"": 78}"
TwoBasin8,8,UCB-Success,0,400,1.0,1,175,0.1713680876076226,0.0,420.9062500948942,70.58405079451364,0.1396042476266086,0.2320133591898297,1.3726894289042613,"{""rand1"": 41, ""pbest"": 42, ""closure"": 51, ""local"": 43, ""consensus"": 183}"
TwoBasin8,8,UCB-Success,1,400,1.0,1,71,0.8730206817144794,0.0,420.1364442190851,66.15776280008053,0.1438147479694268,0.038095238095238,1.35979785501825,"{""rand1"": 19, ""pbest"": 43, ""closure"": 65, ""local"": 57, ""consensus"": 176}"
TwoBasin8,8,UCB-Success,2,400,1.0,1,164,0.1745081101327814,0.0,413.8308551627328,71.2435806519095,0.1307472371087557,0.1021717100104196,1.4552565834489315,"{""rand1"": 36, ""pbest"": 39, ""closure"": 57, ""local"": 76, ""consensus"": 152}"
TwoBasin8,8,UCB-Success,3,400,1.0,1,212,0.15305964451809,0.0,418.5853796255896,71.54674566241263,0.1647154328745081,0.3124292747925286,1.3786840090744714,"{""rand1"": 28, ""pbest"": 50, ""closure"": 47, ""local"": 57, ""consensus"": 178}"
TwoBasin8,8,UCB-Success,4,400,1.0,1,202,0.1750155252846642,0.0,419.3202260568052,67.2995965375252,0.1602509824695913,0.0940074169688773,1.3850305299060572,"{""rand1"": 31, ""pbest"": 39, ""closure"": 49, ""local"": 66, ""consensus"": 175}"
TwoBasin8,8,UCB-Success,5,400,1.0,1,200,0.1792124476010832,0.0,412.5008036194134,65.7306600877536,0.1038213830652345,0.4276305061661598,1.4995128845499912,"{""rand1"": 30, ""pbest"": 61, ""closure"": 60, ""local"": 74, ""consensus"": 135}"
TwoBasin8,8,UCB-Success,6,400,1.0,1,265,0.282187255810414,0.0,422.3107649782349,61.55626920422942,0.1866408364991014,0.1652918810450571,1.36119161784799,"{""rand1"": 24, ""pbest"": 54, ""closure"": 47, ""local"": 54, ""consensus"": 181}"
TwoBasin8,8,UCB-Success,7,400,1.0,1,164,1.0069613143848248,0.0,421.1583333857308,65.78731605958009,0.1441540468115127,0.1279627329192546,1.381861217680922,"{""rand1"": 37, ""pbest"": 38, ""closure"": 57, ""local"": 49, ""consensus"": 179}"
TwoBasin8,8,UCB-Success,8,400,1.0,1,211,0.2282444057421453,0.0,422.8911189610865,68.20582337075199,0.1586111604160379,0.1345545791872628,1.3390222303068482,"{""rand1"": 32, ""pbest"": 29, ""closure"": 51, ""local"": 62, ""consensus"": 186}"
TwoBasin8,8,UCB-Success,9,400,1.0,1,161,0.1553054260206553,0.0,414.2778271849724,74.74373456410947,0.1314392236552107,0.0592753623188406,1.4220386362375377,"{""rand1"": 22, ""pbest"": 50, ""closure"": 65, ""local"": 64, ""consensus"": 159}"
TwoBasin8,8,UCB-Success,10,400,1.0,1,222,1.0481024387987277,0.0,416.2235996741856,66.88947410200718,0.1315809773429807,0.2775662137277382,1.4458815557687434,"{""rand1"": 38, ""pbest"": 47, ""closure"": 53, ""local"": 61, ""consensus"": 161}"
TwoBasin8,8,UCB-Success,11,400,1.0,1,227,0.9621515561685218,0.0,415.9066844082873,67.67229860309429,0.1361407000208875,0.2113543213543214,1.4065273637643785,"{""rand1"": 18, ""pbest"": 63, ""closure"": 45, ""local"": 77, ""consensus"": 157}"
TwoBasin8,8,UCB-Success,12,400,1.0,1,148,0.843176252261566,0.0,419.6997785646508,76.52591696871305,0.1359504010031789,0.0982417582417582,1.3480473765246894,"{""rand1"": 24, ""pbest"": 24, ""closure"": 72, ""local"": 67, ""consensus"": 173}"
TwoBasin8,8,UCB-Success,13,400,1.0,1,177,0.9208935710418714,0.0,418.2259803150512,70.26325536644357,0.1254131635435918,0.3091710205503309,1.4142240162655049,"{""rand1"": 28, ""pbest"": 51, ""closure"": 52, ""local"": 62, ""consensus"": 167}"
TwoBasin8,8,UCB-Success,14,400,1.0,1,64,0.8468493533607802,0.0,421.5033400665006,63.21348906979632,0.1461354816536681,0.0428571428571428,1.34054262984649,"{""rand1"": 31, ""pbest"": 40, ""closure"": 55, ""local"": 45, ""consensus"": 189}"
TwoBasin8,8,UCB-Success,15,400,1.0,1,10,0.8693214193934242,0.0,415.7332307318055,53.64919355718226,0.1480212478927287,0.0571428571428571,1.3844057842720958,"{""rand1"": 35, ""pbest"": 55, ""closure"": 77, ""local"": 25, ""consensus"": 168}"
TwoBasin8,8,UCB-Success,16,400,1.0,1,207,0.9799702340935024,0.0,413.345059044318,68.87260123621336,0.1234217132731394,0.2400515341436057,1.472487914315011,"{""rand1"": 35, ""pbest"": 56, ""closure"": 51, ""local"": 68, ""consensus"": 150}"
TwoBasin8,8,UCB-Success,17,400,1.0,1,206,0.9214287974559336,0.0,419.0315095329029,69.5165312835586,0.1474850235032913,0.1312394076511723,1.384482352998251,"{""rand1"": 25, ""pbest"": 48, ""closure"": 50, ""local"": 63, ""consensus"": 174}"
TwoBasin8,8,UCB-Success,18,400,1.0,1,55,0.1556423730241506,0.0,412.3818667856536,66.8292717256988,0.1218416577279749,0.1224242424242424,1.4166929469443568,"{""rand1"": 25, ""pbest"": 51, ""closure"": 88, ""local"": 41, ""consensus"": 155}"
TwoBasin8,8,UCB-Success,19,400,1.0,1,350,1.1883489941225165,0.0,426.7603250184486,55.82150918170909,0.2126035397638755,0.145107375262174,1.2396525807442942,"{""rand1"": 23, ""pbest"": 50, ""closure"": 14, ""local"": 78, ""consensus"": 195}"
TwoBasin8,8,UCB-Success,20,400,1.0,1,110,0.1577355618524064,0.0,410.9963866238242,72.4251196872804,0.1255386676362619,0.143609022556391,1.431089707307175,"{""rand1"": 19, ""pbest"": 61, ""closure"": 87, ""local"": 47, ""consensus"": 146}"
TwoBasin8,8,UCB-Success,21,400,1.0,1,99,0.8681225643896232,0.0,408.0247869536423,58.24794041633688,0.0931174714619431,0.1193635929288103,1.4974121138167713,"{""rand1"": 34, ""pbest"": 44, ""closure"": 78, ""local"": 70, ""consensus"": 134}"
TwoBasin8,8,UCB-Success,22,400,1.0,1,135,0.8676674754472148,0.0,413.17614217183535,69.24086234966778,0.0988742146421847,0.0978571428571429,1.448066962186236,"{""rand1"": 26, ""pbest"": 53, ""closure"": 58, ""local"": 70, ""consensus"": 153}"
TwoBasin8,8,UCB-Success,23,400,1.0,1,141,0.9141255384275998,0.0,412.7822458296282,65.95374081441501,0.100910251843962,0.1928895768833849,1.4784521228136307,"{""rand1"": 36, ""pbest"": 54, ""closure"": 65, ""local"": 56, ""consensus"": 149}"
TwoBasin8,8,UCB-Success,24,400,1.0,1,167,0.8574681125810639,0.0,421.63414960543065,70.58551112933311,0.1542551724284936,0.0772681704260652,1.321065032697895,"{""rand1"": 24, ""pbest"": 33, ""closure"": 60, ""local"": 54, ""consensus"": 189}"
TwoBasin8,8,UCB-Success,25,400,1.0,1,160,0.1760764137448236,0.0,417.8952541544704,72.9505317333403,0.1324472722751072,0.1713823341046399,1.400085140119637,"{""rand1"": 25, ""pbest"": 41, ""closure"": 45, ""local"": 90, ""consensus"": 159}"
TwoBasin8,8,UCB-Success,26,400,1.0,1,204,0.1413421115188047,0.0,421.6106248518469,67.13393006089754,0.2018571792205289,0.2103926569150731,1.3232576601422217,"{""rand1"": 29, ""pbest"": 46, ""closure"": 63, ""local"": 32, ""consensus"": 190}"
TwoBasin8,8,UCB-Success,27,400,1.0,1,163,0.1655413755362998,0.0,416.84766376912296,74.88567759155504,0.1311336232430688,0.2478131868131868,1.3785069974796278,"{""rand1"": 24, ""pbest"": 30, ""closure"": 73, ""local"": 66, ""consensus"": 167}"
TwoBasin8,8,UCB-Success,28,400,1.0,1,177,0.1778882617255395,0.0,421.5930140717901,68.03972189323858,0.1481740050181278,0.2021196195109239,1.3377016023979336,"{""rand1"": 23, ""pbest"": 38, ""closure"": 48, ""local"": 67, ""consensus"": 184}"
TwoBasin8,8,UCB-Success,29,400,1.0,1,167,0.8542711082443152,0.0,426.87085436725823,68.89999352483682,0.1734236562112535,0.2466430782839452,1.3019194713257496,"{""rand1"": 32, ""pbest"": 50, ""closure"": 40, ""local"": 39, ""consensus"": 199}"
TwoBasin8,8,UCB-Violation,0,400,1.0,1,162,0.8906606428909484,0.0,402.1296643191769,66.42141539653069,0.1657876823742058,0.0635441370223978,1.40811361243573,"{""rand1"": 41, ""pbest"": 41, ""closure"": 34, ""local"": 165, ""consensus"": 79}"
TwoBasin8,8,UCB-Violation,1,400,1.0,1,87,0.170875384690678,0.0,385.9696903377692,57.49299108243262,0.1506634600411015,0.5895238095238096,1.4419599803627503,"{""rand1"": 41, ""pbest"": 35, ""closure"": 135, ""local"": 111, ""consensus"": 38}"
TwoBasin8,8,UCB-Violation,2,400,1.0,1,146,0.83863716272059,0.0,410.4739255269597,65.17128030144656,0.1378139735273207,0.1727692307692307,1.4815449006927577,"{""rand1"": 41, ""pbest"": 43, ""closure"": 48, ""local"": 88, ""consensus"": 140}"
TwoBasin8,8,UCB-Violation,3,400,1.0,1,170,0.1428454738163827,0.0,391.9028860100013,68.22868525026857,0.2232119963912911,0.0880500658761528,1.3057444759925867,"{""rand1"": 29, ""pbest"": 36, ""closure"": 47, ""local"": 197, ""consensus"": 51}"
TwoBasin8,8,UCB-Violation,4,400,1.0,1,174,0.8781381496223404,0.0,391.1557610641929,71.20458490844969,0.2687339307670202,0.0615384615384615,1.1320758922032388,"{""rand1"": 29, ""pbest"": 31, ""closure"": 32, ""local"": 234, ""consensus"": 34}"
TwoBasin8,8,UCB-Violation,5,400,1.0,1,172,0.9183535951168142,0.0,415.8136407199168,65.27215584259389,0.1911538864512912,0.208088522799149,1.3675968035614656,"{""rand1"": 28, ""pbest"": 28, ""closure"": 87, ""local"": 49, ""consensus"": 168}"
TwoBasin8,8,UCB-Violation,6,400,1.0,1,219,0.8890648288158507,0.0,390.7346682425794,69.90912723644551,0.2266404161666095,0.3132390106998116,1.285070607199409,"{""rand1"": 31, ""pbest"": 57, ""closure"": 34, ""local"": 201, ""consensus"": 37}"
TwoBasin8,8,UCB-Violation,7,400,1.0,1,194,0.9688856271787925,0.0,387.0851676402675,68.94426020841905,0.2239736854511435,0.5384309564233164,1.2817660340429629,"{""rand1"": 27, ""pbest"": 31, ""closure"": 74, ""local"": 195, ""consensus"": 33}"
TwoBasin8,8,UCB-Violation,8,400,1.0,1,140,0.1706840087730284,0.0,396.1975224481288,71.93058352484026,0.2086792674629993,0.1506367316893632,1.311748733958062,"{""rand1"": 29, ""pbest"": 41, ""closure"": 32, ""local"": 192, ""consensus"": 66}"
TwoBasin8,8,UCB-Violation,9,400,1.0,1,158,0.1698452510476668,0.0,389.7310611961148,74.65178406480014,0.2393519547701389,0.1701318681318681,1.2803206081441971,"{""rand1"": 39, ""pbest"": 38, ""closure"": 39, ""local"": 205, ""consensus"": 39}"
TwoBasin8,8,UCB-Violation,10,400,1.0,1,128,0.853908444511901,0.0,391.6017516673192,69.34696797876526,0.2039868201821279,0.1194117647058823,1.364431395659893,"{""rand1"": 39, ""pbest"": 45, ""closure"": 41, ""local"": 185, ""consensus"": 50}"
TwoBasin8,8,UCB-Violation,11,400,1.0,1,141,0.9298961411731004,0.0,408.892877559681,66.82845159180349,0.1617249700380464,0.1586630036630037,1.4159747960236604,"{""rand1"": 34, ""pbest"": 36, ""closure"": 110, ""local"": 37, ""consensus"": 143}"
TwoBasin8,8,UCB-Violation,12,400,1.0,1,81,0.8678071712545443,0.0,395.2656395233875,60.94116838006141,0.1664403984236155,0.2933333333333333,1.4236546419861127,"{""rand1"": 35, ""pbest"": 31, ""closure"": 70, ""local"": 160, ""consensus"": 64}"
TwoBasin8,8,UCB-Violation,13,400,1.0,1,165,0.2045349666188384,0.0,409.0714858511886,63.30487778878428,0.14925319660918,0.202007249412579,1.4450435406260418,"{""rand1"": 34, ""pbest"": 33, ""closure"": 104, ""local"": 51, ""consensus"": 138}"
TwoBasin8,8,UCB-Violation,14,400,1.0,1,244,0.916237305039431,0.0,410.38104501044296,68.4159844845305,0.1498044686926436,0.29781281131211,1.4492843735148853,"{""rand1"": 41, ""pbest"": 33, ""closure"": 43, ""local"": 135, ""consensus"": 108}"
TwoBasin8,8,UCB-Violation,15,400,1.0,1,10,0.9061889915464716,0.0,384.4577927483707,49.769038966973625,0.2093674356276952,0.1351948051948051,1.3579764130554608,"{""rand1"": 40, ""pbest"": 46, ""closure"": 187, ""local"": 43, ""consensus"": 44}"
TwoBasin8,8,UCB-Violation,16,400,1.0,1,165,0.953256832794715,0.0,391.8157868900016,68.78366732243911,0.2373298914028868,0.1972449772449772,1.245331667040473,"{""rand1"": 25, ""pbest"": 45, ""closure"": 34, ""local"": 210, ""consensus"": 46}"
TwoBasin8,8,UCB-Violation,17,400,1.0,1,127,0.913827737051937,0.0,395.5912175925265,65.83753285226005,0.1652532714288891,0.5021977834612106,1.4411629138482878,"{""rand1"": 49, ""pbest"": 50, ""closure"": 35, ""local"": 161, ""consensus"": 65}"
TwoBasin8,8,UCB-Violation,18,400,1.0,1,52,0.1773335688430318,0.0,383.6451704346083,57.64156066751443,0.2112787505766607,0.3109090909090909,1.339522493416308,"{""rand1"": 44, ""pbest"": 36, ""closure"": 191, ""local"": 48, ""consensus"": 41}"
TwoBasin8,8,UCB-Violation,19,400,1.0,1,207,0.1898921639583836,0.0,388.7336452672819,62.12002802039581,0.2266625563825041,0.3784676531735355,1.2855464228619469,"{""rand1"": 30, ""pbest"": 39, ""closure"": 62, ""local"": 199, ""consensus"": 30}"
TwoBasin8,8,UCB-Violation,20,400,1.0,1,83,0.1787722355522454,0.0,389.05875171186887,63.07071318706765,0.1684515245324797,0.2773593073593073,1.4237954086666005,"{""rand1"": 41, ""pbest"": 36, ""closure"": 77, ""local"": 162, ""consensus"": 44}"
TwoBasin8,8,UCB-Violation,21,400,1.0,1,93,0.9034880834387806,0.0,387.77061339800457,58.66496084681139,0.22274013959391,0.3278321678321678,1.300811736521987,"{""rand1"": 34, ""pbest"": 34, ""closure"": 63, ""local"": 196, ""consensus"": 33}"
TwoBasin8,8,UCB-Violation,22,400,1.0,1,137,0.9701028296149804,0.0,397.19944553195,58.37374625066195,0.1900133625103365,0.2897496947496947,1.357624609616481,"{""rand1"": 39, ""pbest"": 41, ""closure"": 30, ""local"": 181, ""consensus"": 69}"
TwoBasin8,8,UCB-Violation,23,400,1.0,1,229,0.1630186176237873,0.0,402.2063519444292,67.3931864103961,0.1289531338322618,0.3874385830887378,1.4964555125119,"{""rand1"": 34, ""pbest"": 42, ""closure"": 61, ""local"": 124, ""consensus"": 99}"
TwoBasin8,8,UCB-Violation,24,400,1.0,1,142,0.9111760764572512,0.0,397.5446895868481,62.50656587827127,0.1703311669547552,0.170983682983683,1.4193902903044506,"{""rand1"": 30, ""pbest"": 43, ""closure"": 47, ""local"": 161, ""consensus"": 79}"
TwoBasin8,8,UCB-Violation,25,400,1.0,1,122,0.1714926556943156,0.0,389.96027406688654,53.32241525890792,0.2370687733002475,0.3294644485948833,1.251230914227722,"{""rand1"": 30, ""pbest"": 56, ""closure"": 35, ""local"": 208, ""consensus"": 31}"
TwoBasin8,8,UCB-Violation,26,400,1.0,1,185,0.9409372419209336,0.0,415.30159708976936,67.7589727035568,0.1698487103580967,0.0909821594954834,1.428581007965488,"{""rand1"": 35, ""pbest"": 35, ""closure"": 77, ""local"": 54, ""consensus"": 159}"
TwoBasin8,8,UCB-Violation,27,400,1.0,1,92,0.1553249043119443,0.0,398.517299372969,59.28516958048773,0.1707352039256471,0.1710924369747898,1.411904968231625,"{""rand1"": 39, ""pbest"": 34, ""closure"": 42, ""local"": 162, ""consensus"": 83}"
TwoBasin8,8,UCB-Violation,28,400,1.0,1,163,0.1770789857491782,0.0,416.8743045591045,62.8028811771954,0.1929473483732245,0.1555604395604396,1.383559481587818,"{""rand1"": 33, ""pbest"": 36, ""closure"": 74, ""local"": 44, ""consensus"": 173}"
TwoBasin8,8,UCB-Violation,29,400,1.0,1,179,0.1571423785485354,0.0,389.3809714247572,65.28293694893755,0.1949760454594352,0.2218027828191168,1.347250743773167,"{""rand1"": 27, ""pbest"": 69, ""closure"": 52, ""local"": 181, ""consensus"": 31}"
WeldedBeam,4,DCAS,0,400,1.0,1,7,2.604315773182667,0.0,393.5461927741316,53.63644659238797,0.0842526359125665,0.0,1.5407943955793515,"{""rand1"": 57, ""pbest"": 65, ""closure"": 49, ""local"": 128, ""consensus"": 61}"
WeldedBeam,4,DCAS,1,400,1.0,1,2,2.516241970858554,0.0,393.26939852719954,59.61685451653873,0.0404587494545606,0.0,1.5877830583148853,"{""rand1"": 62, ""pbest"": 77, ""closure"": 58, ""local"": 100, ""consensus"": 63}"
WeldedBeam,4,DCAS,2,400,1.0,1,4,2.27619857358816,0.0,396.1235968327893,54.82963980295673,0.045489872160999,0.16,1.579971110717075,"{""rand1"": 74, ""pbest"": 77, ""closure"": 50, ""local"": 101, ""consensus"": 58}"
WeldedBeam,4,DCAS,3,400,1.0,1,4,2.269912274863757,0.0,394.76977991085727,64.63653252292912,0.0617732309578942,0.0,1.538585518701323,"{""rand1"": 67, ""pbest"": 64, ""closure"": 52, ""local"": 128, ""consensus"": 49}"
WeldedBeam,4,DCAS,4,400,1.0,1,7,3.207922263781052,0.0,395.2682508505071,54.54409014331373,0.0555309423637703,0.0,1.5610681932643344,"{""rand1"": 66, ""pbest"": 65, ""closure"": 48, ""local"": 117, ""consensus"": 64}"
WeldedBeam,4,DCAS,5,400,1.0,1,3,2.639336271913808,0.0,395.3190889982704,56.21981160221888,0.0479964644619197,0.0,1.5725528309979944,"{""rand1"": 59, ""pbest"": 70, ""closure"": 56, ""local"": 112, ""consensus"": 63}"
WeldedBeam,4,DCAS,6,400,1.0,1,8,2.6273208579242104,0.0,391.9483507163329,65.70486632895633,0.0704301346420703,0.0,1.537834348958105,"{""rand1"": 54, ""pbest"": 75, ""closure"": 53, ""local"": 127, ""consensus"": 51}"
WeldedBeam,4,DCAS,7,400,1.0,1,4,1.88206995718808,0.0,394.4927466017078,56.62032805292894,0.058173893128809,0.0,1.5651794471531393,"{""rand1"": 70, ""pbest"": 62, ""closure"": 56, ""local"": 116, ""consensus"": 56}"
WeldedBeam,4,DCAS,8,400,1.0,1,1,2.7628274803059667,0.0,397.3569674213659,41.43392403376321,0.0233308959044788,0.3542857142857142,1.5957529378734627,"{""rand1"": 72, ""pbest"": 79, ""closure"": 56, ""local"": 90, ""consensus"": 63}"
WeldedBeam,4,DCAS,9,400,1.0,1,2,2.483448329020661,0.0,395.9360843386324,59.34349717330329,0.0520751553942804,0.0,1.5659998000721698,"{""rand1"": 79, ""pbest"": 60, ""closure"": 52, ""local"": 112, ""consensus"": 57}"
WeldedBeam,4,DCAS,10,400,1.0,1,2,3.773238621692067,0.0,394.4179384564961,53.086863273188015,0.0275112295203612,0.0,1.598589580716812,"{""rand1"": 78, ""pbest"": 71, ""closure"": 60, ""local"": 89, ""consensus"": 62}"
WeldedBeam,4,DCAS,11,400,1.0,1,13,2.659294583168676,0.0,393.12040575816167,62.41549189537875,0.0509771077612302,0.0,1.568522502806548,"{""rand1"": 65, ""pbest"": 72, ""closure"": 57, ""local"": 113, ""consensus"": 53}"
WeldedBeam,4,DCAS,12,400,1.0,1,6,4.841338357457664,0.0,392.5140021003306,56.04755818185684,0.0492831848037212,0.0,1.575135610535927,"{""rand1"": 68, ""pbest"": 81, ""closure"": 57, ""local"": 104, ""consensus"": 50}"
WeldedBeam,4,DCAS,13,400,1.0,1,4,2.069017923953873,0.0,395.7692135326617,58.79940624838938,0.0497788473417911,0.0,1.5688035209794056,"{""rand1"": 64, ""pbest"": 77, ""closure"": 53, ""local"": 111, ""consensus"": 55}"
WeldedBeam,4,DCAS,14,400,1.0,1,1,2.6766593859816883,0.0,392.11819671029934,59.87994617153281,0.0543672021239693,0.0,1.5659832801074125,"{""rand1"": 63, ""pbest"": 69, ""closure"": 51, ""local"": 115, ""consensus"": 62}"
WeldedBeam,4,DCAS,15,400,1.0,1,3,2.2026097578827515,0.0,392.35599073398265,55.470703215240846,0.0691603122683822,0.0,1.560318639587707,"{""rand1"": 59, ""pbest"": 68, ""closure"": 54, ""local"": 119, ""consensus"": 60}"
WeldedBeam,4,DCAS,16,400,1.0,1,4,2.410633969378138,0.0,393.86730856118993,51.44179823780482,0.0538870490938811,0.2799999999999999,1.561177550171846,"{""rand1"": 57, ""pbest"": 76, ""closure"": 49, ""local"": 115, ""consensus"": 63}"
WeldedBeam,4,DCAS,17,400,1.0,1,2,2.5153011418924764,0.0,391.1551551466395,53.76124557368897,0.0432090942175348,0.0,1.5746901479236204,"{""rand1"": 63, ""pbest"": 87, ""closure"": 54, ""local"": 102, ""consensus"": 54}"
WeldedBeam,4,DCAS,18,400,1.0,1,8,2.1922432490991595,0.0,396.5427415610337,55.6736186084774,0.0416537432554323,0.0,1.5854359545019518,"{""rand1"": 69, ""pbest"": 78, ""closure"": 52, ""local"": 99, ""consensus"": 62}"
WeldedBeam,4,DCAS,19,400,1.0,1,2,2.136635332905572,0.0,393.7728101523696,56.00592464501399,0.0425757886571358,0.0,1.5812068816042992,"{""rand1"": 70, ""pbest"": 70, ""closure"": 53, ""local"": 105, ""consensus"": 62}"
WeldedBeam,4,DCAS,20,400,1.0,1,9,2.141118838306244,0.0,390.2538929923963,67.94008952735537,0.056776293350458,0.0,1.5627787346232878,"{""rand1"": 68, ""pbest"": 71, ""closure"": 49, ""local"": 115, ""consensus"": 57}"
WeldedBeam,4,DCAS,21,400,1.0,1,5,2.514586657761872,0.0,396.87115171589767,51.85072163942525,0.0270639187586512,0.0799999999999999,1.5908713515333024,"{""rand1"": 69, ""pbest"": 75, ""closure"": 55, ""local"": 97, ""consensus"": 64}"
WeldedBeam,4,DCAS,22,400,1.0,1,2,2.265194909954284,0.0,395.199190248405,61.731491447293045,0.0536507965483741,0.36,1.5613204877498732,"{""rand1"": 63, ""pbest"": 72, ""closure"": 54, ""local"": 117, ""consensus"": 54}"
WeldedBeam,4,DCAS,23,400,1.0,1,5,2.705731612997727,0.0,390.5887920912734,62.3073220385081,0.0633883115093355,0.0,1.563376149060388,"{""rand1"": 63, ""pbest"": 71, ""closure"": 51, ""local"": 116, ""consensus"": 59}"
WeldedBeam,4,DCAS,24,400,1.0,1,1,3.1302144350468617,0.0,388.93400645795015,60.41706604281461,0.0790043831724047,0.0,1.5453215711517008,"{""rand1"": 68, ""pbest"": 69, ""closure"": 45, ""local"": 123, ""consensus"": 55}"
WeldedBeam,4,DCAS,25,400,1.0,1,3,3.139472893299413,0.0,390.2088218369645,57.11710522366668,0.0502991991182716,0.0,1.5723335497362414,"{""rand1"": 73, ""pbest"": 66, ""closure"": 51, ""local"": 110, ""consensus"": 60}"
WeldedBeam,4,DCAS,26,400,1.0,1,5,3.3185272053475616,0.0,391.65538531662975,56.493806960461946,0.0571505983014439,0.0,1.55741920390279,"{""rand1"": 66, ""pbest"": 72, ""closure"": 51, ""local"": 118, ""consensus"": 53}"
WeldedBeam,4,DCAS,27,400,1.0,1,12,2.11510995789008,0.0,392.82228186768566,72.01742325709125,0.0744182061437255,0.0,1.533731377075195,"{""rand1"": 65, ""pbest"": 72, ""closure"": 42, ""local"": 127, ""consensus"": 54}"
WeldedBeam,4,DCAS,28,400,1.0,1,3,2.758819148642936,0.0,394.727607679733,53.10624912417056,0.0442189906273784,0.0,1.583330764333837,"{""rand1"": 77, ""pbest"": 65, ""closure"": 53, ""local"": 102, ""consensus"": 63}"
WeldedBeam,4,DCAS,29,400,1.0,1,8,2.121582220914572,0.0,395.3039315722311,62.30072011059413,0.0435420308546117,0.22,1.5825676546664538,"{""rand1"": 73, ""pbest"": 76, ""closure"": 55, ""local"": 101, ""consensus"": 55}"
WeldedBeam,4,DCAS-noClosure,0,400,1.0,1,7,2.3143859697086104,0.0,402.6699752356825,50.61733905462062,0.1139771057134848,0.0,1.3518736898822663,"{""rand1"": 86, ""pbest"": 73, ""closure"": 0, ""local"": 131, ""consensus"": 70}"
WeldedBeam,4,DCAS-noClosure,1,400,1.0,1,2,2.4564641020713878,0.0,400.7127770328562,51.61604085184823,0.1104519523851541,0.0,1.3615347842842325,"{""rand1"": 68, ""pbest"": 92, ""closure"": 0, ""local"": 122, ""consensus"": 78}"
WeldedBeam,4,DCAS-noClosure,2,400,1.0,1,4,3.9703080508875495,0.0,398.3432915522578,49.63455109209996,0.1066586568603566,0.04,1.3687685826066842,"{""rand1"": 86, ""pbest"": 81, ""closure"": 0, ""local"": 119, ""consensus"": 74}"
WeldedBeam,4,DCAS-noClosure,3,400,1.0,1,4,2.109052141014322,0.0,393.9672511215382,64.97070796581876,0.1216315456197933,0.0,1.3240086784776977,"{""rand1"": 72, ""pbest"": 78, ""closure"": 0, ""local"": 147, ""consensus"": 63}"
WeldedBeam,4,DCAS-noClosure,4,400,1.0,1,7,3.3375788226983225,0.0,398.087387800384,56.26442215198652,0.1181992724199428,0.0,1.3334278656250316,"{""rand1"": 77, ""pbest"": 69, ""closure"": 0, ""local"": 143, ""consensus"": 71}"
WeldedBeam,4,DCAS-noClosure,5,400,1.0,1,3,2.5151609963024866,0.0,399.5483449187631,53.28608392309541,0.1172432950047217,0.08,1.3417808973014047,"{""rand1"": 70, ""pbest"": 81, ""closure"": 0, ""local"": 138, ""consensus"": 71}"
WeldedBeam,4,DCAS-noClosure,6,400,1.0,1,8,2.574639143062131,0.0,396.4210356837066,61.76288897235453,0.1184651298166023,0.0,1.3416664529569755,"{""rand1"": 76, ""pbest"": 79, ""closure"": 0, ""local"": 138, ""consensus"": 67}"
WeldedBeam,4,DCAS-noClosure,7,400,1.0,1,4,2.672076297914169,0.0,399.4819581671555,59.157179882955695,0.114448423549859,0.0,1.3641535873865278,"{""rand1"": 91, ""pbest"": 77, ""closure"": 0, ""local"": 121, ""consensus"": 71}"
WeldedBeam,4,DCAS-noClosure,8,400,1.0,1,1,1.975384606318832,0.0,395.8158293483318,60.07794770665906,0.12264865994845,0.0,1.3374676854713483,"{""rand1"": 76, ""pbest"": 70, ""closure"": 0, ""local"": 141, ""consensus"": 73}"
WeldedBeam,4,DCAS-noClosure,9,400,1.0,1,2,2.165390584999696,0.0,396.9592122156708,59.6126810120682,0.112002154807038,0.0,1.3601255635483642,"{""rand1"": 70, ""pbest"": 97, ""closure"": 0, ""local"": 121, ""consensus"": 72}"
WeldedBeam,4,DCAS-noClosure,10,400,1.0,1,2,3.149353484105588,0.0,400.6710857732809,64.47139930593684,0.1131813685991085,0.12,1.3474127085632142,"{""rand1"": 76, ""pbest"": 79, ""closure"": 0, ""local"": 135, ""consensus"": 70}"
WeldedBeam,4,DCAS-noClosure,11,400,1.0,1,13,2.068307580376245,0.0,399.7053221447494,59.45238885036081,0.1108181545234643,0.0,1.3527405772597252,"{""rand1"": 83, ""pbest"": 81, ""closure"": 0, ""local"": 130, ""consensus"": 66}"
WeldedBeam,4,DCAS-noClosure,12,400,1.0,1,6,2.3132362664824773,0.0,397.8631553153094,73.80387564956283,0.1220400150768118,0.0,1.3263185131140909,"{""rand1"": 70, ""pbest"": 79, ""closure"": 0, ""local"": 146, ""consensus"": 65}"
WeldedBeam,4,DCAS-noClosure,13,400,1.0,1,4,2.0149065934106143,0.0,395.5106417346626,66.83713060004527,0.1125028021305192,0.0,1.3572450461307008,"{""rand1"": 90, ""pbest"": 85, ""closure"": 0, ""local"": 123, ""consensus"": 62}"
WeldedBeam,4,DCAS-noClosure,14,400,1.0,1,1,4.214588633735979,0.0,397.6609296204767,50.7291766425645,0.1053564021648757,0.0,1.3760601310010951,"{""rand1"": 98, ""pbest"": 77, ""closure"": 0, ""local"": 107, ""consensus"": 78}"
WeldedBeam,4,DCAS-noClosure,15,400,1.0,1,3,2.027870725210485,0.0,395.98874956195465,62.395468292753705,0.1263192926511304,0.0,1.321949411966229,"{""rand1"": 69, ""pbest"": 79, ""closure"": 0, ""local"": 148, ""consensus"": 64}"
WeldedBeam,4,DCAS-noClosure,16,400,1.0,1,4,2.099393889747318,0.0,395.5577937467269,57.6460647768989,0.1204411032259525,0.0,1.3378097457506049,"{""rand1"": 84, ""pbest"": 77, ""closure"": 0, ""local"": 138, ""consensus"": 61}"
WeldedBeam,4,DCAS-noClosure,17,400,1.0,1,2,2.3295446643943887,0.0,396.2235711624877,52.32123196638262,0.1213109793210487,0.24,1.3474843981246976,"{""rand1"": 77, ""pbest"": 78, ""closure"": 0, ""local"": 135, ""consensus"": 70}"
WeldedBeam,4,DCAS-noClosure,18,400,1.0,1,8,2.371513883655924,0.0,397.4406235123844,56.30698991403492,0.1094547442421746,0.0,1.3621120259703918,"{""rand1"": 83, ""pbest"": 83, ""closure"": 0, ""local"": 124, ""consensus"": 70}"
WeldedBeam,4,DCAS-noClosure,19,400,1.0,1,2,2.092129620678943,0.0,397.23614432004246,61.745617598086376,0.1121656674914379,0.0,1.3630559941257692,"{""rand1"": 88, ""pbest"": 77, ""closure"": 0, ""local"": 123, ""consensus"": 72}"
WeldedBeam,4,DCAS-noClosure,20,400,1.0,1,9,2.161714845981213,0.0,393.53440517907865,76.8180208043156,0.1233845075412023,0.0,1.3213165480785285,"{""rand1"": 86, ""pbest"": 73, ""closure"": 0, ""local"": 145, ""consensus"": 56}"
WeldedBeam,4,DCAS-noClosure,21,400,1.0,1,5,2.30615117678861,0.0,396.5430681029764,58.50123516707885,0.1150890683330984,0.22,1.3521068040143276,"{""rand1"": 84, ""pbest"": 77, ""closure"": 0, ""local"": 131, ""consensus"": 68}"
WeldedBeam,4,DCAS-noClosure,22,400,1.0,1,2,2.2617186812680408,0.0,399.6087482289682,57.55534000023453,0.115817194817626,0.24,1.3336156276298925,"{""rand1"": 72, ""pbest"": 76, ""closure"": 0, ""local"": 143, ""consensus"": 69}"
WeldedBeam,4,DCAS-noClosure,23,400,1.0,1,5,3.190758924973156,0.0,398.8135755110905,61.9784375959092,0.1232873872221717,0.0,1.349177805245719,"{""rand1"": 80, ""pbest"": 74, ""closure"": 0, ""local"": 134, ""consensus"": 72}"
WeldedBeam,4,DCAS-noClosure,24,400,1.0,1,1,2.8719156764274327,0.0,394.0368733613682,65.47547490577767,0.1291558784426021,0.0,1.333999319013954,"{""rand1"": 69, ""pbest"": 81, ""closure"": 0, ""local"": 142, ""consensus"": 68}"
WeldedBeam,4,DCAS-noClosure,25,400,1.0,1,3,2.687916483319422,0.0,396.70184410337055,63.889038711513926,0.1161394367210702,0.0,1.3557895834470866,"{""rand1"": 76, ""pbest"": 79, ""closure"": 0, ""local"": 130, ""consensus"": 75}"
WeldedBeam,4,DCAS-noClosure,26,400,1.0,1,5,2.1679282680825764,0.0,395.2630779071344,58.0406016345166,0.1142914168793356,0.0,1.3528485317869712,"{""rand1"": 72, ""pbest"": 90, ""closure"": 0, ""local"": 129, ""consensus"": 69}"
WeldedBeam,4,DCAS-noClosure,27,400,1.0,1,12,3.436855300600122,0.0,398.3132951732704,56.624725520023226,0.1159730306776261,0.3085714285714286,1.340469337085667,"{""rand1"": 64, ""pbest"": 89, ""closure"": 0, ""local"": 136, ""consensus"": 71}"
WeldedBeam,4,DCAS-noClosure,28,400,1.0,1,3,2.436714172218676,0.0,401.4489414810454,58.36301660165543,0.1173521532821052,0.0,1.3494943027248023,"{""rand1"": 98, ""pbest"": 68, ""closure"": 0, ""local"": 127, ""consensus"": 67}"
WeldedBeam,4,DCAS-noClosure,29,400,1.0,1,8,3.0463567125122246,0.0,398.9412825979133,58.08354783584838,0.1065887409585059,0.0,1.36817117460126,"{""rand1"": 73, ""pbest"": 91, ""closure"": 0, ""local"": 118, ""consensus"": 78}"
WeldedBeam,4,DCAS-stationary,0,400,1.0,1,7,3.1507880186743784,0.0,390.9242161326516,67.22315152575719,0.1276798635363855,0.0,1.2830848523916667,"{""rand1"": 60, ""pbest"": 27, ""closure"": 34, ""local"": 200, ""consensus"": 39}"
WeldedBeam,4,DCAS-stationary,1,400,1.0,1,2,2.192831366414229,0.0,391.3819624453958,68.24599451101619,0.088583535112643,0.0,1.5001654866596623,"{""rand1"": 87, ""pbest"": 66, ""closure"": 39, ""local"": 130, ""consensus"": 38}"
WeldedBeam,4,DCAS-stationary,2,400,1.0,1,4,2.579626324809324,0.0,393.10088388708186,61.037108366937794,0.1154723215621333,0.1257142857142857,1.2874592961573992,"{""rand1"": 31, ""pbest"": 46, ""closure"": 51, ""local"": 201, ""consensus"": 31}"
WeldedBeam,4,DCAS-stationary,3,400,1.0,1,4,2.487513332631307,0.0,388.53258533360565,75.28535137365255,0.1730965703361943,0.0,1.1749621268330337,"{""rand1"": 32, ""pbest"": 38, ""closure"": 33, ""local"": 226, ""consensus"": 31}"
WeldedBeam,4,DCAS-stationary,4,400,1.0,1,7,2.51765365739979,0.0,387.8614638477056,77.2796734952676,0.1255397087759121,0.0,1.2487912736909617,"{""rand1"": 30, ""pbest"": 50, ""closure"": 34, ""local"": 210, ""consensus"": 36}"
WeldedBeam,4,DCAS-stationary,5,400,1.0,1,3,2.928713152155846,0.0,389.7983713983514,63.99891143999607,0.0957708134100615,0.0,1.3585726267797462,"{""rand1"": 54, ""pbest"": 49, ""closure"": 37, ""local"": 185, ""consensus"": 35}"
WeldedBeam,4,DCAS-stationary,6,400,1.0,1,8,2.512664051352256,0.0,395.0317508473333,49.04310269055928,0.0859520888473342,0.5,1.481677991859923,"{""rand1"": 74, ""pbest"": 48, ""closure"": 49, ""local"": 147, ""consensus"": 42}"
WeldedBeam,4,DCAS-stationary,7,400,1.0,1,4,3.4692448698524148,0.0,389.8534883630776,55.82379120661401,0.0865188858934098,0.32,1.5156848533876102,"{""rand1"": 110, ""pbest"": 50, ""closure"": 42, ""local"": 111, ""consensus"": 47}"
WeldedBeam,4,DCAS-stationary,8,400,1.0,1,1,2.094715799147478,0.0,391.3934651488072,65.01705308345088,0.1326711548825367,0.1,1.3031620302360736,"{""rand1"": 40, ""pbest"": 54, ""closure"": 35, ""local"": 198, ""consensus"": 33}"
WeldedBeam,4,DCAS-stationary,9,400,1.0,1,2,2.140788259212294,0.0,391.6981202897066,55.34983625873661,0.089782257564282,0.4457142857142857,1.482825231852582,"{""rand1"": 85, ""pbest"": 50, ""closure"": 39, ""local"": 141, ""consensus"": 45}"
WeldedBeam,4,DCAS-stationary,10,400,1.0,1,2,3.491894388044916,0.0,386.477704868314,65.99555740578067,0.1356658227844494,0.0,1.3190119222728822,"{""rand1"": 44, ""pbest"": 34, ""closure"": 55, ""local"": 194, ""consensus"": 33}"
WeldedBeam,4,DCAS-stationary,11,400,1.0,1,13,2.4992834081689423,0.0,388.95935858839937,61.6588209756148,0.1177370623612486,0.0,1.350118688045268,"{""rand1"": 32, ""pbest"": 36, ""closure"": 69, ""local"": 183, ""consensus"": 40}"
WeldedBeam,4,DCAS-stationary,12,400,1.0,1,6,2.0235934406705223,0.0,386.3563828634161,74.69610414120274,0.1540853281825656,0.04,1.3029154510262724,"{""rand1"": 41, ""pbest"": 55, ""closure"": 44, ""local"": 196, ""consensus"": 24}"
WeldedBeam,4,DCAS-stationary,13,400,1.0,1,4,2.200394584046885,0.0,388.256304605925,66.92248457334541,0.1725881665025793,0.0,1.2234678441249422,"{""rand1"": 32, ""pbest"": 50, ""closure"": 32, ""local"": 215, ""consensus"": 31}"
WeldedBeam,4,DCAS-stationary,14,400,1.0,1,1,2.097819616881308,0.0,394.640654188309,62.110102986932446,0.1468061841048282,0.0914285714285714,1.2978033038872063,"{""rand1"": 40, ""pbest"": 54, ""closure"": 36, ""local"": 199, ""consensus"": 31}"
WeldedBeam,4,DCAS-stationary,15,400,1.0,1,3,1.8723093671800293,0.0,390.2330546793912,63.51973768995104,0.1751390812673069,0.0,1.2106309078382833,"{""rand1"": 27, ""pbest"": 56, ""closure"": 25, ""local"": 215, ""consensus"": 37}"
WeldedBeam,4,DCAS-stationary,16,400,1.0,1,4,2.0550601636327763,0.0,390.2699434297433,78.10581922393436,0.1526472282386114,0.0,1.1734376875587975,"{""rand1"": 24, ""pbest"": 42, ""closure"": 31, ""local"": 225, ""consensus"": 38}"
WeldedBeam,4,DCAS-stationary,17,400,1.0,1,2,1.9298924985755543,0.0,389.629327518665,82.26748546042934,0.2091771327903609,0.0,1.0846988032681424,"{""rand1"": 19, ""pbest"": 33, ""closure"": 32, ""local"": 241, ""consensus"": 35}"
WeldedBeam,4,DCAS-stationary,18,400,1.0,1,8,2.426192190510857,0.0,390.59550411946645,65.6914433210513,0.1298432956192662,0.12,1.3511067967204082,"{""rand1"": 54, ""pbest"": 51, ""closure"": 31, ""local"": 186, ""consensus"": 38}"
WeldedBeam,4,DCAS-stationary,19,400,1.0,1,2,2.043198844427887,0.0,388.97609283240826,54.41968739527851,0.1273807310431808,0.2266666666666666,1.3400098765667636,"{""rand1"": 48, ""pbest"": 41, ""closure"": 37, ""local"": 191, ""consensus"": 43}"
WeldedBeam,4,DCAS-stationary,20,400,1.0,1,9,2.6643498324398576,0.0,385.0729627030583,66.12888053725669,0.1433386569836652,0.0,1.2662775462543907,"{""rand1"": 41, ""pbest"": 46, ""closure"": 35, ""local"": 207, ""consensus"": 31}"
WeldedBeam,4,DCAS-stationary,21,400,1.0,1,5,1.9055242887248909,0.0,390.8730117063164,61.75828473686889,0.0823297118765352,0.1314285714285714,1.445054164233187,"{""rand1"": 43, ""pbest"": 56, ""closure"": 57, ""local"": 162, ""consensus"": 42}"
WeldedBeam,4,DCAS-stationary,22,400,1.0,1,2,2.080885377923208,0.0,391.8514339297019,58.6579366147166,0.1207399953295746,0.0,1.3628268157177272,"{""rand1"": 55, ""pbest"": 36, ""closure"": 37, ""local"": 184, ""consensus"": 48}"
WeldedBeam,4,DCAS-stationary,23,400,1.0,1,5,2.6050877620547355,0.0,383.5972414395509,79.36472202287449,0.1557412893860372,0.0,1.2422230084532793,"{""rand1"": 42, ""pbest"": 48, ""closure"": 31, ""local"": 211, ""consensus"": 28}"
WeldedBeam,4,DCAS-stationary,24,400,1.0,1,1,3.301667336456769,0.0,388.7719842875583,78.13910075325607,0.1812854499399154,0.0,1.1670345479632962,"{""rand1"": 28, ""pbest"": 36, ""closure"": 23, ""local"": 225, ""consensus"": 48}"
WeldedBeam,4,DCAS-stationary,25,400,1.0,1,3,3.615770551627157,0.0,388.3932940443295,70.36788217218484,0.1196508323991612,0.0,1.3756827915463137,"{""rand1"": 50, ""pbest"": 46, ""closure"": 37, ""local"": 182, ""consensus"": 45}"
WeldedBeam,4,DCAS-stationary,26,400,1.0,1,5,2.264493019748332,0.0,387.4055510319638,58.48491883524205,0.1236539990672581,0.0685714285714285,1.2746364873471787,"{""rand1"": 45, ""pbest"": 43, ""closure"": 38, ""local"": 205, ""consensus"": 29}"
WeldedBeam,4,DCAS-stationary,27,400,1.0,1,12,2.1493437735220886,0.0,389.1769519903924,82.31225959509179,0.1302542101203146,0.0,1.2741614240066657,"{""rand1"": 33, ""pbest"": 57, ""closure"": 38, ""local"": 203, ""consensus"": 29}"
WeldedBeam,4,DCAS-stationary,28,400,1.0,1,3,2.2281228486814397,0.0,389.3939386694248,81.68591663298497,0.1850014073182412,0.0,1.0863455335575003,"{""rand1"": 24, ""pbest"": 43, ""closure"": 18, ""local"": 239, ""consensus"": 36}"
WeldedBeam,4,DCAS-stationary,29,400,1.0,1,8,2.684718273225939,0.0,385.5717258269495,71.83399966433632,0.1083334273290017,0.36,1.3374338595975943,"{""rand1"": 48, ""pbest"": 48, ""closure"": 45, ""local"": 190, ""consensus"": 29}"
WeldedBeam,4,DE-EPS,0,400,1.0,1,7,3.8484247295981273,0.0,400.0,0.0,0.0,0.0,0.0,{}
WeldedBeam,4,DE-EPS,1,400,1.0,1,2,3.321128475000381,0.0,400.0,0.0,0.0,0.0,0.0,{}
WeldedBeam,4,DE-EPS,2,400,1.0,1,4,3.5343622821670477,0.0,400.0,0.0,0.0,0.0,0.0,{}
WeldedBeam,4,DE-EPS,3,400,1.0,1,4,2.9517670270942955,0.0,400.0,0.0,0.0,0.0,0.0,{}
WeldedBeam,4,DE-EPS,4,400,1.0,1,7,4.560655336863498,0.0,400.0,0.0,0.0,0.0,0.0,{}
WeldedBeam,4,DE-EPS,5,400,1.0,1,3,2.6738501017363303,0.0,400.0,0.0,0.0,0.0,0.0,{}
WeldedBeam,4,DE-EPS,6,400,1.0,1,8,3.3444860628913675,0.0,400.0,0.0,0.0,0.0,0.0,{}
WeldedBeam,4,DE-EPS,7,400,1.0,1,4,3.921781954417469,0.0,400.0,0.0,0.0,0.0,0.0,{}
WeldedBeam,4,DE-EPS,8,400,1.0,1,1,3.600754663384319,0.0,400.0,0.0,0.0,0.0,0.0,{}
WeldedBeam,4,DE-EPS,9,400,1.0,1,2,2.27272842910015,0.0,400.0,0.0,0.0,0.0,0.0,{}
WeldedBeam,4,DE-EPS,10,400,1.0,1,2,3.649592249471501,0.0,400.0,0.0,0.0,0.0,0.0,{}
WeldedBeam,4,DE-EPS,11,400,1.0,1,13,3.0482535093185565,0.0,400.0,0.0,0.0,0.0,0.0,{}
WeldedBeam,4,DE-EPS,12,400,1.0,1,6,3.048750272036393,0.0,400.0,0.0,0.0,0.0,0.0,{}
WeldedBeam,4,DE-EPS,13,400,1.0,1,4,3.594242636261155,0.0,400.0,0.0,0.0,0.0,0.0,{}
WeldedBeam,4,DE-EPS,14,400,1.0,1,1,4.6387389589727,0.0,400.0,0.0,0.0,0.0,0.0,{}
WeldedBeam,4,DE-EPS,15,400,1.0,1,3,3.5428168543730165,0.0,400.0,0.0,0.0,0.0,0.0,{}
WeldedBeam,4,DE-EPS,16,400,1.0,1,4,3.3939629346915834,0.0,400.0,0.0,0.0,0.0,0.0,{}
WeldedBeam,4,DE-EPS,17,400,1.0,1,2,4.640675090176496,0.0,400.0,0.0,0.0,0.0,0.0,{}
WeldedBeam,4,DE-EPS,18,400,1.0,1,8,2.856234842383164,0.0,400.0,0.0,0.0,0.0,0.0,{}
WeldedBeam,4,DE-EPS,19,400,1.0,1,2,2.3121274584592126,0.0,400.0,0.0,0.0,0.0,0.0,{}
WeldedBeam,4,DE-EPS,20,400,1.0,1,9,2.585370163427923,0.0,400.0,0.0,0.0,0.0,0.0,{}
WeldedBeam,4,DE-EPS,21,400,1.0,1,5,3.5231967116792924,0.0,400.0,0.0,0.0,0.0,0.0,{}
WeldedBeam,4,DE-EPS,22,400,1.0,1,2,3.042783292431043,0.0,400.0,0.0,0.0,0.0,0.0,{}
WeldedBeam,4,DE-EPS,23,400,1.0,1,5,3.0518294203154657,0.0,400.0,0.0,0.0,0.0,0.0,{}
WeldedBeam,4,DE-EPS,24,400,1.0,1,1,3.789595081867578,0.0,400.0,0.0,0.0,0.0,0.0,{}
WeldedBeam,4,DE-EPS,25,400,1.0,1,3,3.376232821989292,0.0,400.0,0.0,0.0,0.0,0.0,{}
WeldedBeam,4,DE-EPS,26,400,1.0,1,5,2.6296299046341427,0.0,400.0,0.0,0.0,0.0,0.0,{}
WeldedBeam,4,DE-EPS,27,400,1.0,1,12,3.6700255764499303,0.0,400.0,0.0,0.0,0.0,0.0,{}
WeldedBeam,4,DE-EPS,28,400,1.0,1,3,3.276311449429805,0.0,400.0,0.0,0.0,0.0,0.0,{}
WeldedBeam,4,DE-EPS,29,400,1.0,1,8,3.5770094338157112,0.0,400.0,0.0,0.0,0.0,0.0,{}
WeldedBeam,4,DE-NCV,0,400,1.0,1,7,2.949486747562302,0.0,400.0,0.0,0.0,0.0,0.0,{}
WeldedBeam,4,DE-NCV,1,400,1.0,1,2,3.8161916866500936,0.0,400.0,0.0,0.0,0.0,0.0,{}
WeldedBeam,4,DE-NCV,2,400,1.0,1,4,4.24982584276571,0.0,400.0,0.0,0.0,0.0,0.0,{}
WeldedBeam,4,DE-NCV,3,400,1.0,1,4,3.76158555257636,0.0,400.0,0.0,0.0,0.0,0.0,{}
WeldedBeam,4,DE-NCV,4,400,1.0,1,7,3.7265189559649583,0.0,400.0,0.0,0.0,0.0,0.0,{}
WeldedBeam,4,DE-NCV,5,400,1.0,1,3,2.735587346394956,0.0,400.0,0.0,0.0,0.0,0.0,{}
WeldedBeam,4,DE-NCV,6,400,1.0,1,8,2.623387831405947,0.0,400.0,0.0,0.0,0.0,0.0,{}
WeldedBeam,4,DE-NCV,7,400,1.0,1,4,2.323391498011232,0.0,400.0,0.0,0.0,0.0,0.0,{}
WeldedBeam,4,DE-NCV,8,400,1.0,1,1,3.382946751418867,0.0,400.0,0.0,0.0,0.0,0.0,{}
WeldedBeam,4,DE-NCV,9,400,1.0,1,2,2.9908258810392483,0.0,400.0,0.0,0.0,0.0,0.0,{}
WeldedBeam,4,DE-NCV,10,400,1.0,1,2,4.81831437200363,0.0,400.0,0.0,0.0,0.0,0.0,{}
WeldedBeam,4,DE-NCV,11,400,1.0,1,13,2.5711474920837945,0.0,400.0,0.0,0.0,0.0,0.0,{}
WeldedBeam,4,DE-NCV,12,400,1.0,1,6,3.048750272036393,0.0,400.0,0.0,0.0,0.0,0.0,{}
WeldedBeam,4,DE-NCV,13,400,1.0,1,4,2.496773197297072,0.0,400.0,0.0,0.0,0.0,0.0,{}
WeldedBeam,4,DE-NCV,14,400,1.0,1,1,3.02036235732201,0.0,400.0,0.0,0.0,0.0,0.0,{}
WeldedBeam,4,DE-NCV,15,400,1.0,1,3,3.946250133050918,0.0,400.0,0.0,0.0,0.0,0.0,{}
WeldedBeam,4,DE-NCV,16,400,1.0,1,4,2.292477591418902,0.0,400.0,0.0,0.0,0.0,0.0,{}
WeldedBeam,4,DE-NCV,17,400,1.0,1,2,3.5047032727825678,0.0,400.0,0.0,0.0,0.0,0.0,{}
WeldedBeam,4,DE-NCV,18,400,1.0,1,8,3.983577027830671,0.0,400.0,0.0,0.0,0.0,0.0,{}
WeldedBeam,4,DE-NCV,19,400,1.0,1,2,3.706118457908316,0.0,400.0,0.0,0.0,0.0,0.0,{}
WeldedBeam,4,DE-NCV,20,400,1.0,1,9,2.4352034517361654,0.0,400.0,0.0,0.0,0.0,0.0,{}
WeldedBeam,4,DE-NCV,21,400,1.0,1,5,3.5231967116792924,0.0,400.0,0.0,0.0,0.0,0.0,{}
WeldedBeam,4,DE-NCV,22,400,1.0,1,2,3.042783292431043,0.0,400.0,0.0,0.0,0.0,0.0,{}
WeldedBeam,4,DE-NCV,23,400,1.0,1,5,3.6171397371514415,0.0,400.0,0.0,0.0,0.0,0.0,{}
WeldedBeam,4,DE-NCV,24,400,1.0,1,1,3.23365680166924,0.0,400.0,0.0,0.0,0.0,0.0,{}
WeldedBeam,4,DE-NCV,25,400,1.0,1,3,2.6938210022434705,0.0,400.0,0.0,0.0,0.0,0.0,{}
WeldedBeam,4,DE-NCV,26,400,1.0,1,5,3.780464612092949,0.0,400.0,0.0,0.0,0.0,0.0,{}
WeldedBeam,4,DE-NCV,27,400,1.0,1,12,3.143537339130749,0.0,400.0,0.0,0.0,0.0,0.0,{}
WeldedBeam,4,DE-NCV,28,400,1.0,1,3,2.849490581632516,0.0,400.0,0.0,0.0,0.0,0.0,{}
WeldedBeam,4,DE-NCV,29,400,1.0,1,8,3.538441766428055,0.0,400.0,0.0,0.0,0.0,0.0,{}
WeldedBeam,4,DE-PEN,0,400,1.0,1,7,3.3618315653195188,0.0,400.0,0.0,0.0,0.0,0.0,{}
WeldedBeam,4,DE-PEN,1,400,1.0,1,2,4.038690178318779,0.0,400.0,0.0,0.0,0.0,0.0,{}
WeldedBeam,4,DE-PEN,2,400,1.0,1,4,2.386002356463492,0.0,400.0,0.0,0.0,0.0,0.0,{}
WeldedBeam,4,DE-PEN,3,400,1.0,1,4,3.3649764907935755,0.0,400.0,0.0,0.0,0.0,0.0,{}
WeldedBeam,4,DE-PEN,4,400,1.0,1,7,2.890104921157761,0.0,400.0,0.0,0.0,0.0,0.0,{}
WeldedBeam,4,DE-PEN,5,400,1.0,1,3,2.449101112286996,0.0,400.0,0.0,0.0,0.0,0.0,{}
WeldedBeam,4,DE-PEN,6,400,1.0,1,8,4.362595973639282,0.0,400.0,0.0,0.0,0.0,0.0,{}
WeldedBeam,4,DE-PEN,7,400,1.0,1,4,2.6464733260000184,0.0,400.0,0.0,0.0,0.0,0.0,{}
WeldedBeam,4,DE-PEN,8,400,1.0,1,1,3.9868541462431897,0.0,400.0,0.0,0.0,0.0,0.0,{}
WeldedBeam,4,DE-PEN,9,400,1.0,1,2,2.4574854559524963,0.0,400.0,0.0,0.0,0.0,0.0,{}
WeldedBeam,4,DE-PEN,10,400,1.0,1,2,2.8242997092304862,0.0,400.0,0.0,0.0,0.0,0.0,{}
WeldedBeam,4,DE-PEN,11,400,1.0,1,13,4.517280928618763,0.0,400.0,0.0,0.0,0.0,0.0,{}
WeldedBeam,4,DE-PEN,12,400,1.0,1,6,3.048750272036393,0.0,400.0,0.0,0.0,0.0,0.0,{}
WeldedBeam,4,DE-PEN,13,400,1.0,1,4,2.27135805995246,0.0,400.0,0.0,0.0,0.0,0.0,{}
WeldedBeam,4,DE-PEN,14,400,1.0,1,1,2.660969925583596,0.0,400.0,0.0,0.0,0.0,0.0,{}
WeldedBeam,4,DE-PEN,15,400,1.0,1,3,3.450044576924993,0.0,400.0,0.0,0.0,0.0,0.0,{}
WeldedBeam,4,DE-PEN,16,400,1.0,1,4,2.422022867070272,0.0,400.0,0.0,0.0,0.0,0.0,{}
WeldedBeam,4,DE-PEN,17,400,1.0,1,2,3.881246790823715,0.0,400.0,0.0,0.0,0.0,0.0,{}
WeldedBeam,4,DE-PEN,18,400,1.0,1,8,2.043376264133001,0.0,400.0,0.0,0.0,0.0,0.0,{}
WeldedBeam,4,DE-PEN,19,400,1.0,1,2,2.2900907653917373,0.0,400.0,0.0,0.0,0.0,0.0,{}
WeldedBeam,4,DE-PEN,20,400,1.0,1,9,3.0323626958855363,0.0,400.0,0.0,0.0,0.0,0.0,{}
WeldedBeam,4,DE-PEN,21,400,1.0,1,5,3.5231967116792924,0.0,400.0,0.0,0.0,0.0,0.0,{}
WeldedBeam,4,DE-PEN,22,400,1.0,1,2,3.042783292431043,0.0,400.0,0.0,0.0,0.0,0.0,{}
WeldedBeam,4,DE-PEN,23,400,1.0,1,5,4.5207345656351166,0.0,400.0,0.0,0.0,0.0,0.0,{}
WeldedBeam,4,DE-PEN,24,400,1.0,1,1,3.1529588794220644,0.0,400.0,0.0,0.0,0.0,0.0,{}
WeldedBeam,4,DE-PEN,25,400,1.0,1,3,3.376232821989292,0.0,400.0,0.0,0.0,0.0,0.0,{}
WeldedBeam,4,DE-PEN,26,400,1.0,1,5,4.06410862252335,0.0,400.0,0.0,0.0,0.0,0.0,{}
WeldedBeam,4,DE-PEN,27,400,1.0,1,12,3.812809784533116,0.0,400.0,0.0,0.0,0.0,0.0,{}
WeldedBeam,4,DE-PEN,28,400,1.0,1,3,2.775181580500722,0.0,400.0,0.0,0.0,0.0,0.0,{}
WeldedBeam,4,DE-PEN,29,400,1.0,1,8,3.586979042078684,0.0,400.0,0.0,0.0,0.0,0.0,{}
WeldedBeam,4,JADE-NCV,0,400,1.0,1,7,3.147176901751066,0.0,400.0,0.0,0.0,0.0,0.0,{}
WeldedBeam,4,JADE-NCV,1,400,1.0,1,2,2.997923800937705,0.0,400.0,0.0,0.0,0.0,0.0,{}
WeldedBeam,4,JADE-NCV,2,400,1.0,1,4,2.5398596279236325,0.0,400.0,0.0,0.0,0.0,0.0,{}
WeldedBeam,4,JADE-NCV,3,400,1.0,1,4,3.2485696439607725,0.0,400.0,0.0,0.0,0.0,0.0,{}
WeldedBeam,4,JADE-NCV,4,400,1.0,1,7,3.640642973345133,0.0,400.0,0.0,0.0,0.0,0.0,{}
WeldedBeam,4,JADE-NCV,5,400,1.0,1,3,3.1305737396288924,0.0,400.0,0.0,0.0,0.0,0.0,{}
WeldedBeam,4,JADE-NCV,6,400,1.0,1,8,3.2010608683264734,0.0,400.0,0.0,0.0,0.0,0.0,{}
WeldedBeam,4,JADE-NCV,7,400,1.0,1,4,2.145830761792737,0.0,400.0,0.0,0.0,0.0,0.0,{}
WeldedBeam,4,JADE-NCV,8,400,1.0,1,1,2.807038096112596,0.0,400.0,0.0,0.0,0.0,0.0,{}
WeldedBeam,4,JADE-NCV,9,400,1.0,1,2,2.4580125953706142,0.0,400.0,0.0,0.0,0.0,0.0,{}
WeldedBeam,4,JADE-NCV,10,400,1.0,1,2,3.618789433552533,0.0,400.0,0.0,0.0,0.0,0.0,{}
WeldedBeam,4,JADE-NCV,11,400,1.0,1,13,3.551810270665171,0.0,400.0,0.0,0.0,0.0,0.0,{}
WeldedBeam,4,JADE-NCV,12,400,1.0,1,6,3.357240977668898,0.0,400.0,0.0,0.0,0.0,0.0,{}
WeldedBeam,4,JADE-NCV,13,400,1.0,1,4,3.1552180857638685,0.0,400.0,0.0,0.0,0.0,0.0,{}
WeldedBeam,4,JADE-NCV,14,400,1.0,1,1,3.6647976350964746,0.0,400.0,0.0,0.0,0.0,0.0,{}
WeldedBeam,4,JADE-NCV,15,400,1.0,1,3,3.5639036118392617,0.0,400.0,0.0,0.0,0.0,0.0,{}
WeldedBeam,4,JADE-NCV,16,400,1.0,1,4,3.276805395892354,0.0,400.0,0.0,0.0,0.0,0.0,{}
WeldedBeam,4,JADE-NCV,17,400,1.0,1,2,2.652268283397046,0.0,400.0,0.0,0.0,0.0,0.0,{}
WeldedBeam,4,JADE-NCV,18,400,1.0,1,8,2.9802011339908083,0.0,400.0,0.0,0.0,0.0,0.0,{}
WeldedBeam,4,JADE-NCV,19,400,1.0,1,2,3.914968378418469,0.0,400.0,0.0,0.0,0.0,0.0,{}
WeldedBeam,4,JADE-NCV,20,400,1.0,1,9,3.5926033129548567,0.0,400.0,0.0,0.0,0.0,0.0,{}
WeldedBeam,4,JADE-NCV,21,400,1.0,1,5,3.0463692337388952,0.0,400.0,0.0,0.0,0.0,0.0,{}
WeldedBeam,4,JADE-NCV,22,400,1.0,1,2,2.7818993859573635,0.0,400.0,0.0,0.0,0.0,0.0,{}
WeldedBeam,4,JADE-NCV,23,400,1.0,1,5,2.230818854534021,0.0,400.0,0.0,0.0,0.0,0.0,{}
WeldedBeam,4,JADE-NCV,24,400,1.0,1,1,3.662550723799527,0.0,400.0,0.0,0.0,0.0,0.0,{}
WeldedBeam,4,JADE-NCV,25,400,1.0,1,3,3.834781666653979,0.0,400.0,0.0,0.0,0.0,0.0,{}
WeldedBeam,4,JADE-NCV,26,400,1.0,1,5,2.828791809480332,0.0,400.0,0.0,0.0,0.0,0.0,{}
WeldedBeam,4,JADE-NCV,27,400,1.0,1,12,4.358885152679712,0.0,400.0,0.0,0.0,0.0,0.0,{}
WeldedBeam,4,JADE-NCV,28,400,1.0,1,3,2.9349764768412343,0.0,400.0,0.0,0.0,0.0,0.0,{}
WeldedBeam,4,JADE-NCV,29,400,1.0,1,8,3.313631368507669,0.0,400.0,0.0,0.0,0.0,0.0,{}
WeldedBeam,4,UCB-Objective,0,400,1.0,1,7,2.691438849800686,0.0,395.4441591894426,55.62090659531714,0.0356435126329099,0.0,1.5975090955077895,"{""rand1"": 67, ""pbest"": 69, ""closure"": 59, ""local"": 93, ""consensus"": 72}"
WeldedBeam,4,UCB-Objective,1,400,1.0,1,2,2.4773821772411315,0.0,399.6471264348093,59.514111488496816,0.0181393999074682,0.0,1.604046271750344,"{""rand1"": 64, ""pbest"": 75, ""closure"": 64, ""local"": 84, ""consensus"": 73}"
WeldedBeam,4,UCB-Objective,2,400,1.0,1,4,2.744453785134405,0.0,396.05302437786906,49.16219801236374,0.0220128943956797,0.44,1.603788788593012,"{""rand1"": 69, ""pbest"": 72, ""closure"": 60, ""local"": 83, ""consensus"": 76}"
WeldedBeam,4,UCB-Objective,3,400,1.0,1,4,2.0634265610901865,0.0,395.2449380008229,55.28761717086709,0.0191266853842532,0.0,1.603583695784672,"{""rand1"": 66, ""pbest"": 80, ""closure"": 62, ""local"": 82, ""consensus"": 70}"
WeldedBeam,4,UCB-Objective,4,400,1.0,1,7,3.2197246952972987,0.0,396.5170620591597,56.45092730961368,0.0216951718116656,0.0,1.603268837086616,"{""rand1"": 73, ""pbest"": 71, ""closure"": 59, ""local"": 84, ""consensus"": 73}"
WeldedBeam,4,UCB-Objective,5,400,1.0,1,3,2.447452883297712,0.0,399.71928296138594,50.50511982052439,0.024194621093396,0.0,1.6025750357223378,"{""rand1"": 81, ""pbest"": 76, ""closure"": 57, ""local"": 76, ""consensus"": 70}"
WeldedBeam,4,UCB-Objective,6,400,1.0,1,8,2.644580297889052,0.0,397.0319396875102,46.29038132940735,0.0163516520487235,0.0,1.6076110201462646,"{""rand1"": 74, ""pbest"": 70, ""closure"": 65, ""local"": 73, ""consensus"": 78}"
WeldedBeam,4,UCB-Objective,7,400,1.0,1,4,2.812935061158403,0.0,399.0133603112399,50.51047868475222,0.0296800487698294,0.0,1.6022656577616443,"{""rand1"": 65, ""pbest"": 67, ""closure"": 63, ""local"": 83, ""consensus"": 82}"
WeldedBeam,4,UCB-Objective,8,400,1.0,1,1,2.396123277639384,0.0,398.22901353677935,48.4519755504008,0.0202496996171527,0.0,1.603866999939525,"{""rand1"": 66, ""pbest"": 74, ""closure"": 61, ""local"": 77, ""consensus"": 82}"
WeldedBeam,4,UCB-Objective,9,400,1.0,1,2,2.113265057146518,0.0,396.4419124183492,58.75769099511979,0.0328598131784678,0.0,1.597897498226607,"{""rand1"": 65, ""pbest"": 72, ""closure"": 59, ""local"": 92, ""consensus"": 72}"
WeldedBeam,4,UCB-Objective,10,400,1.0,1,2,2.642433635931937,0.0,395.2759241683114,55.41362471478864,0.0375145854595311,0.0,1.596062722132487,"{""rand1"": 61, ""pbest"": 80, ""closure"": 56, ""local"": 87, ""consensus"": 76}"
WeldedBeam,4,UCB-Objective,11,400,1.0,1,13,2.534278135999597,0.0,397.3356562582042,44.31750153094144,0.0160611755484698,0.06,1.6065956526286749,"{""rand1"": 66, ""pbest"": 76, ""closure"": 65, ""local"": 78, ""consensus"": 75}"
WeldedBeam,4,UCB-Objective,12,400,1.0,1,6,3.208159868798315,0.0,396.9311557750477,66.40672089139024,0.025435773868241,0.0,1.6015503796429702,"{""rand1"": 65, ""pbest"": 80, ""closure"": 61, ""local"": 85, ""consensus"": 69}"
WeldedBeam,4,UCB-Objective,13,400,1.0,1,4,2.3803345143216617,0.0,399.1017614462799,57.232539099997126,0.0346533818445334,0.0,1.5924298232467993,"{""rand1"": 63, ""pbest"": 66, ""closure"": 56, ""local"": 92, ""consensus"": 83}"
WeldedBeam,4,UCB-Objective,14,400,1.0,1,1,3.2414418009933463,0.0,396.9480909216086,54.06173742546915,0.0138834594834667,0.0,1.60680752604653,"{""rand1"": 78, ""pbest"": 71, ""closure"": 63, ""local"": 76, ""consensus"": 72}"
WeldedBeam,4,UCB-Objective,15,400,1.0,1,3,4.156678246364435,0.0,398.14623366185646,56.08057569310341,0.0263884197045873,0.0,1.6042849177734104,"{""rand1"": 66, ""pbest"": 72, ""closure"": 63, ""local"": 84, ""consensus"": 75}"
WeldedBeam,4,UCB-Objective,16,400,1.0,1,4,1.986933777712752,0.0,395.9065046696046,52.03261660657928,0.0163154791148599,0.16,1.6056408632204513,"{""rand1"": 66, ""pbest"": 77, ""closure"": 63, ""local"": 78, ""consensus"": 76}"
WeldedBeam,4,UCB-Objective,17,400,1.0,1,2,2.3056496872212944,0.0,396.7565134841922,54.320654277568416,0.0290476799646743,0.0,1.600205601124298,"{""rand1"": 64, ""pbest"": 79, ""closure"": 59, ""local"": 86, ""consensus"": 72}"
WeldedBeam,4,UCB-Objective,18,400,1.0,1,8,2.47275032120962,0.0,397.0916962348277,55.72841606759581,0.0263182457406203,0.0,1.6011042573725194,"{""rand1"": 61, ""pbest"": 84, ""closure"": 62, ""local"": 73, ""consensus"": 80}"
WeldedBeam,4,UCB-Objective,19,400,1.0,1,2,2.556209860875483,0.0,397.0349945266409,41.06374369640789,0.0177104185552633,0.5599999999999999,1.6047546397853027,"{""rand1"": 66, ""pbest"": 80, ""closure"": 62, ""local"": 74, ""consensus"": 78}"
WeldedBeam,4,UCB-Objective,20,400,1.0,1,9,2.048806991436237,0.0,397.6139724426628,49.77230278373787,0.0202094795321198,0.0,1.6055738773460675,"{""rand1"": 71, ""pbest"": 80, ""closure"": 61, ""local"": 73, ""consensus"": 75}"
WeldedBeam,4,UCB-Objective,21,400,1.0,1,5,2.627942439369402,0.0,399.1434246082177,47.72673668039282,0.016337227434578,0.08,1.6058275514018066,"{""rand1"": 72, ""pbest"": 72, ""closure"": 61, ""local"": 77, ""consensus"": 78}"
WeldedBeam,4,UCB-Objective,22,400,1.0,1,2,1.783414014664992,0.0,400.8772360326817,49.55266870808441,0.0295210118081058,0.0,1.5994803543070757,"{""rand1"": 65, ""pbest"": 76, ""closure"": 59, ""local"": 71, ""consensus"": 89}"
WeldedBeam,4,UCB-Objective,23,400,1.0,1,5,3.1009052395201,0.0,396.7357858057604,56.37874044177789,0.0241746893821178,0.0,1.6009587631639048,"{""rand1"": 65, ""pbest"": 67, ""closure"": 62, ""local"": 87, ""consensus"": 79}"
WeldedBeam,4,UCB-Objective,24,400,1.0,1,1,3.197834223463953,0.0,393.3321444757379,51.47548838544016,0.02523298650996,0.0,1.602882677203589,"{""rand1"": 69, ""pbest"": 76, ""closure"": 62, ""local"": 86, ""consensus"": 67}"
WeldedBeam,4,UCB-Objective,25,400,1.0,1,3,2.3226595685233327,0.0,396.7042168661887,52.1498633515946,0.0224091613910818,0.12,1.6040505647614358,"{""rand1"": 68, ""pbest"": 79, ""closure"": 60, ""local"": 80, ""consensus"": 73}"
WeldedBeam,4,UCB-Objective,26,400,1.0,1,5,2.5017903287309755,0.0,397.63904339496776,52.67790022482376,0.0236846509999645,0.12,1.603119605852625,"{""rand1"": 75, ""pbest"": 67, ""closure"": 59, ""local"": 81, ""consensus"": 78}"
WeldedBeam,4,UCB-Objective,27,400,1.0,1,12,3.397452449947494,0.0,397.42252352747033,65.80103089983687,0.0167397523198521,0.0,1.6031924315828072,"{""rand1"": 78, ""pbest"": 64, ""closure"": 63, ""local"": 84, ""consensus"": 71}"
WeldedBeam,4,UCB-Objective,28,400,1.0,1,3,2.497954929189392,0.0,396.9569895256213,60.57185957914879,0.0356862055989265,0.0,1.597338896594915,"{""rand1"": 69, ""pbest"": 65, ""closure"": 58, ""local"": 91, ""consensus"": 77}"
WeldedBeam,4,UCB-Objective,29,400,1.0,1,8,3.59136432501504,0.0,395.7333715295617,50.15344722547503,0.0302248671454108,0.02,1.6003969746166684,"{""rand1"": 65, ""pbest"": 69, ""closure"": 62, ""local"": 90, ""consensus"": 74}"
WeldedBeam,4,UCB-Success,0,400,1.0,1,7,2.6084294307959595,0.0,415.28681681992094,50.73909359524296,0.1378393897373734,0.0,1.444371094858235,"{""rand1"": 48, ""pbest"": 56, ""closure"": 42, ""local"": 51, ""consensus"": 163}"
WeldedBeam,4,UCB-Success,1,400,1.0,1,2,4.308587686295748,0.0,415.87300955185145,44.711285441832366,0.1244955371461248,0.0,1.412244198640591,"{""rand1"": 30, ""pbest"": 59, ""closure"": 63, ""local"": 41, ""consensus"": 167}"
WeldedBeam,4,UCB-Success,2,400,1.0,1,4,2.7282442628413794,0.0,413.4068903044306,50.769719121468576,0.1694812566856593,0.0,1.3789406504220998,"{""rand1"": 28, ""pbest"": 67, ""closure"": 74, ""local"": 25, ""consensus"": 166}"
WeldedBeam,4,UCB-Success,3,400,1.0,1,4,2.4581681927156414,0.0,408.9835939551396,49.90442860516258,0.0891952187083229,0.0,1.5079389918966186,"{""rand1"": 44, ""pbest"": 53, ""closure"": 77, ""local"": 49, ""consensus"": 137}"
WeldedBeam,4,UCB-Success,4,400,1.0,1,7,3.2808806524905947,0.0,406.2699463234799,47.470111735072855,0.0907691316494681,0.0,1.533789058449382,"{""rand1"": 56, ""pbest"": 51, ""closure"": 80, ""local"": 47, ""consensus"": 126}"
WeldedBeam,4,UCB-Success,5,400,1.0,1,3,2.5132004121057245,0.0,415.399305886937,50.45306828918407,0.111361854454617,0.0,1.4165929665549155,"{""rand1"": 26, ""pbest"": 55, ""closure"": 67, ""local"": 48, ""consensus"": 164}"
WeldedBeam,4,UCB-Success,6,400,1.0,1,8,2.6235164231071613,0.0,420.4342820286593,46.2859801439884,0.1637162410747809,0.0,1.344262548696407,"{""rand1"": 37, ""pbest"": 49, ""closure"": 54, ""local"": 32, ""consensus"": 188}"
WeldedBeam,4,UCB-Success,7,400,1.0,1,4,2.344372762968189,0.0,410.6215412041536,52.95829175758975,0.0836585112585028,0.0,1.4741623983819303,"{""rand1"": 35, ""pbest"": 37, ""closure"": 76, ""local"": 70, ""consensus"": 142}"
WeldedBeam,4,UCB-Success,8,400,1.0,1,1,2.7541275653035626,0.0,411.4468781217333,40.91980450586268,0.1270731609412345,0.0,1.3969223968127196,"{""rand1"": 36, ""pbest"": 55, ""closure"": 94, ""local"": 21, ""consensus"": 154}"
WeldedBeam,4,UCB-Success,9,400,1.0,1,2,3.991558851202332,0.0,409.0936392590552,47.9086565538674,0.1032309137926287,0.0,1.4947904203460136,"{""rand1"": 46, ""pbest"": 60, ""closure"": 64, ""local"": 45, ""consensus"": 145}"
WeldedBeam,4,UCB-Success,10,400,1.0,1,2,2.884875991806884,0.0,407.0160980118512,47.1438708708181,0.0763053281744999,0.0,1.525624054338726,"{""rand1"": 44, ""pbest"": 57, ""closure"": 85, ""local"": 48, ""consensus"": 126}"
WeldedBeam,4,UCB-Success,11,400,1.0,1,13,2.9707323920810693,0.0,411.0883837786373,48.54281765385816,0.120666595838992,0.0,1.4847819251989112,"{""rand1"": 31, ""pbest"": 69, ""closure"": 70, ""local"": 49, ""consensus"": 141}"
WeldedBeam,4,UCB-Success,12,400,1.0,1,6,2.8005810228704844,0.0,415.99501492439936,55.11919320498323,0.1304084976702945,0.0,1.4029467259075004,"{""rand1"": 24, ""pbest"": 58, ""closure"": 46, ""local"": 65, ""consensus"": 167}"
WeldedBeam,4,UCB-Success,13,400,1.0,1,4,2.601475250209213,0.0,414.7951136670693,52.876999806006,0.1325619215720793,0.0,1.4409328646854769,"{""rand1"": 52, ""pbest"": 40, ""closure"": 60, ""local"": 45, ""consensus"": 163}"
WeldedBeam,4,UCB-Success,14,400,1.0,1,1,2.993419924837157,0.0,402.9352286001376,45.881942607527904,0.1065173509443798,0.0,1.49040325564463,"{""rand1"": 42, ""pbest"": 37, ""closure"": 116, ""local"": 51, ""consensus"": 114}"
WeldedBeam,4,UCB-Success,15,400,1.0,1,3,3.1846158098248014,0.0,413.2198074336529,42.85024221131466,0.1063497859772327,0.0,1.4333836061128409,"{""rand1"": 33, ""pbest"": 69, ""closure"": 67, ""local"": 34, ""consensus"": 157}"
WeldedBeam,4,UCB-Success,16,400,1.0,1,4,2.703546997683,0.0,417.53108534175385,44.23383827206669,0.1357099406487656,0.1371428571428571,1.373587467281049,"{""rand1"": 33, ""pbest"": 45, ""closure"": 72, ""local"": 34, ""consensus"": 176}"
WeldedBeam,4,UCB-Success,17,400,1.0,1,2,2.469427778309799,0.0,415.27553914884686,50.753866419474114,0.1288344017368598,0.0,1.3945398689936512,"{""rand1"": 29, ""pbest"": 47, ""closure"": 63, ""local"": 48, ""consensus"": 173}"
WeldedBeam,4,UCB-Success,18,400,1.0,1,8,2.764738901347793,0.0,411.2076430620388,46.69770770388728,0.113357872756485,0.0,1.4544961786645392,"{""rand1"": 25, ""pbest"": 51, ""closure"": 76, ""local"": 60, ""consensus"": 148}"
WeldedBeam,4,UCB-Success,19,400,1.0,1,2,2.5808366691228044,0.0,408.5284634073947,41.01177252413434,0.0841810308743226,0.0,1.4928890978274452,"{""rand1"": 38, ""pbest"": 62, ""closure"": 78, ""local"": 43, ""consensus"": 139}"
WeldedBeam,4,UCB-Success,20,400,1.0,1,9,2.897266941043972,0.0,409.7197867136422,48.421081062859066,0.091361099318465,0.0,1.4711254983357285,"{""rand1"": 30, ""pbest"": 80, ""closure"": 65, ""local"": 43, ""consensus"": 142}"
WeldedBeam,4,UCB-Success,21,400,1.0,1,5,3.1123403024288825,0.0,419.68187926801056,37.841649025544456,0.1632104383646609,0.0,1.3432673494492338,"{""rand1"": 31, ""pbest"": 66, ""closure"": 45, ""local"": 33, ""consensus"": 185}"
WeldedBeam,4,UCB-Success,22,400,1.0,1,2,2.235877841142899,0.0,412.8439340003311,44.66425844742146,0.1230440667934827,0.0,1.4479453282058077,"{""rand1"": 45, ""pbest"": 68, ""closure"": 64, ""local"": 29, ""consensus"": 154}"
WeldedBeam,4,UCB-Success,23,400,1.0,1,5,3.1793449558133147,0.0,409.913950208059,52.55863551782254,0.1211237729911225,0.0,1.4489078882365003,"{""rand1"": 25, ""pbest"": 72, ""closure"": 76, ""local"": 41, ""consensus"": 146}"
WeldedBeam,4,UCB-Success,24,400,1.0,1,1,2.860860819557445,0.0,403.6949201882572,48.55225837118136,0.09403985370351,0.0,1.5308373099489343,"{""rand1"": 42, ""pbest"": 66, ""closure"": 84, ""local"": 46, ""consensus"": 122}"
WeldedBeam,4,UCB-Success,25,400,1.0,1,3,2.784080481951579,0.0,410.3857522964384,53.34787851064514,0.1156915961190325,0.0,1.504791765181012,"{""rand1"": 46, ""pbest"": 63, ""closure"": 72, ""local"": 41, ""consensus"": 138}"
WeldedBeam,4,UCB-Success,26,400,1.0,1,5,3.5059016087424526,0.0,415.2439398151136,36.36748221518111,0.1430057374014278,0.0,1.3248150326799837,"{""rand1"": 23, ""pbest"": 25, ""closure"": 97, ""local"": 44, ""consensus"": 171}"
WeldedBeam,4,UCB-Success,27,400,1.0,1,12,3.7052290300092183,0.0,406.08947302287766,59.60462439688244,0.1001868851459318,0.0,1.5244282353154903,"{""rand1"": 40, ""pbest"": 58, ""closure"": 55, ""local"": 78, ""consensus"": 129}"
WeldedBeam,4,UCB-Success,28,400,1.0,1,3,3.3574760728250235,0.0,421.0806843532425,44.41217669303512,0.1645541307624051,0.0,1.382191449749466,"{""rand1"": 30, ""pbest"": 43, ""closure"": 61, ""local"": 49, ""consensus"": 177}"
WeldedBeam,4,UCB-Success,29,400,1.0,1,8,3.0651479480867843,0.0,407.8644070670224,43.61833577339807,0.12503219076847,0.0,1.4445026807543444,"{""rand1"": 28, ""pbest"": 97, ""closure"": 60, ""local"": 35, ""consensus"": 140}"
WeldedBeam,4,UCB-Violation,0,400,1.0,1,7,2.4746934376987872,0.0,397.3394078116867,49.28739761486053,0.3295873015873016,0.0,0.746463426844153,"{""rand1"": 292, ""pbest"": 17, ""closure"": 17, ""local"": 17, ""consensus"": 17}"
WeldedBeam,4,UCB-Violation,1,400,1.0,1,2,3.0631296342652985,0.0,410.7705423909709,55.21385724139961,0.1469670231446532,0.0,1.4842776665054025,"{""rand1"": 56, ""pbest"": 49, ""closure"": 52, ""local"": 52, ""consensus"": 151}"
WeldedBeam,4,UCB-Violation,2,400,1.0,1,4,2.447841615230769,0.0,388.8572718632652,43.740358124014215,0.2567851170798212,0.1142857142857142,1.1558683594742942,"{""rand1"": 26, ""pbest"": 228, ""closure"": 40, ""local"": 41, ""consensus"": 25}"
WeldedBeam,4,UCB-Violation,3,400,1.0,1,4,2.3091485753545387,0.0,387.85332969816926,64.37545290986625,0.1505303339794739,0.0,1.4731899548448306,"{""rand1"": 51, ""pbest"": 47, ""closure"": 60, ""local"": 154, ""consensus"": 48}"
WeldedBeam,4,UCB-Violation,4,400,1.0,1,7,3.045501779559105,0.0,412.27296024588975,52.6423688217848,0.1570487889912842,0.0,1.4666021630677286,"{""rand1"": 51, ""pbest"": 50, ""closure"": 52, ""local"": 50, ""consensus"": 157}"
WeldedBeam,4,UCB-Violation,5,400,1.0,1,3,2.1683414483102563,0.0,390.647243521392,73.08337544442536,0.2426216740284519,0.0,1.2337190787949757,"{""rand1"": 32, ""pbest"": 32, ""closure"": 38, ""local"": 214, ""consensus"": 44}"
WeldedBeam,4,UCB-Violation,6,400,1.0,1,8,2.6331100393795555,0.0,374.58078706770107,36.752489133795294,0.3368492063492063,0.0,0.6478717212114171,"{""rand1"": 14, ""pbest"": 14, ""closure"": 304, ""local"": 14, ""consensus"": 14}"
WeldedBeam,4,UCB-Violation,7,400,1.0,1,4,2.282971852005565,0.0,383.1549929252245,73.3307560869511,0.2390047835675258,0.0,0.9802443418871584,"{""rand1"": 13, ""pbest"": 86, ""closure"": 13, ""local"": 235, ""consensus"": 13}"
WeldedBeam,4,UCB-Violation,8,400,1.0,1,1,2.1642003239917083,0.0,390.29847373133913,47.12832599455212,0.1130342055131086,0.0,1.528411935848491,"{""rand1"": 79, ""pbest"": 50, ""closure"": 129, ""local"": 52, ""consensus"": 50}"
WeldedBeam,4,UCB-Violation,9,400,1.0,1,2,2.563717595635555,0.0,382.1997515749812,36.090022065452025,0.2503714119783929,0.26,1.0095793577216206,"{""rand1"": 13, ""pbest"": 41, ""closure"": 246, ""local"": 12, ""consensus"": 48}"
WeldedBeam,4,UCB-Violation,10,400,1.0,1,2,3.4698771605082945,0.0,397.1529174635129,51.85277897731119,0.3125088209122316,0.0,0.6659571376131461,"{""rand1"": 300, ""pbest"": 11, ""closure"": 11, ""local"": 11, ""consensus"": 27}"
WeldedBeam,4,UCB-Violation,11,400,1.0,1,13,2.85629418553405,0.0,397.4901500588844,54.65410712654382,0.2403243044882643,0.0,1.2653832994075334,"{""rand1"": 35, ""pbest"": 208, ""closure"": 37, ""local"": 38, ""consensus"": 42}"
WeldedBeam,4,UCB-Violation,12,400,1.0,1,6,3.21515749934056,0.0,373.1497461809369,37.34943715440522,0.3417106575955219,0.0,0.5313033168629762,"{""rand1"": 11, ""pbest"": 11, ""closure"": 317, ""local"": 11, ""consensus"": 10}"
WeldedBeam,4,UCB-Violation,13,400,1.0,1,4,2.427703561562397,0.0,394.3434374065582,52.61020908686413,0.2080284522438975,0.0,1.3523705587495445,"{""rand1"": 46, ""pbest"": 188, ""closure"": 39, ""local"": 48, ""consensus"": 39}"
WeldedBeam,4,UCB-Violation,14,400,1.0,1,1,2.683565103611568,0.0,389.51761942628696,53.4742252520085,0.1929428255451946,0.0,1.2794493114708323,"{""rand1"": 165, ""pbest"": 25, ""closure"": 120, ""local"": 25, ""consensus"": 25}"
WeldedBeam,4,UCB-Violation,15,400,1.0,1,3,2.1566408740627088,0.0,385.6207694074688,52.901726859522284,0.296443044425113,0.6414285714285713,1.0267526103908606,"{""rand1"": 27, ""pbest"": 27, ""closure"": 27, ""local"": 252, ""consensus"": 27}"
WeldedBeam,4,UCB-Violation,16,400,1.0,1,4,2.2784789907861818,0.0,386.1171642548126,52.424308600679005,0.2250583690230573,0.36,1.3000743909376595,"{""rand1"": 48, ""pbest"": 37, ""closure"": 200, ""local"": 36, ""consensus"": 39}"
WeldedBeam,4,UCB-Violation,17,400,1.0,1,2,3.691275569226831,0.0,444.1230827037687,42.0160650909834,0.337127341779787,0.0,0.639215583238763,"{""rand1"": 14, ""pbest"": 14, ""closure"": 14, ""local"": 13, ""consensus"": 305}"
WeldedBeam,4,UCB-Violation,18,400,1.0,1,8,2.40222754884379,0.0,399.01852018013335,43.97923586707736,0.2693400317081175,0.36,1.170786919254574,"{""rand1"": 227, ""pbest"": 33, ""closure"": 33, ""local"": 33, ""consensus"": 34}"
WeldedBeam,4,UCB-Violation,19,400,1.0,1,2,2.348409202087082,0.0,376.9539628310093,40.35332534267621,0.3138224147779652,0.2799999999999999,0.8950209816500361,"{""rand1"": 22, ""pbest"": 22, ""closure"": 272, ""local"": 22, ""consensus"": 22}"
WeldedBeam,4,UCB-Violation,20,400,1.0,1,9,2.0236266443436355,0.0,387.8796766523189,65.92329902302924,0.2846075306726225,0.0,1.0424779675653637,"{""rand1"": 24, ""pbest"": 24, ""closure"": 24, ""local"": 248, ""consensus"": 40}"
WeldedBeam,4,UCB-Violation,21,400,1.0,1,5,2.91752063323276,0.0,373.76784949683,31.262875912756957,0.3359473734303738,0.58,0.6563201399787311,"{""rand1"": 15, ""pbest"": 14, ""closure"": 303, ""local"": 14, ""consensus"": 14}"
WeldedBeam,4,UCB-Violation,22,400,1.0,1,2,2.1067169392280034,0.0,395.73135985210456,60.67089563975149,0.1519945885641577,0.0,1.448626703834496,"{""rand1"": 91, ""pbest"": 42, ""closure"": 39, ""local"": 148, ""consensus"": 40}"
WeldedBeam,4,UCB-Violation,23,400,1.0,1,5,2.0586494075989603,0.0,386.7856795271126,57.38833040554135,0.2818476844938845,0.04,1.0020573700139286,"{""rand1"": 44, ""pbest"": 253, ""closure"": 21, ""local"": 21, ""consensus"": 21}"
WeldedBeam,4,UCB-Violation,24,400,1.0,1,1,3.3368907949762927,0.0,422.35628961947,44.94701103335981,0.2421705131863514,0.0,1.2615577991243505,"{""rand1"": 37, ""pbest"": 38, ""closure"": 38, ""local"": 38, ""consensus"": 209}"
WeldedBeam,4,UCB-Violation,25,400,1.0,1,3,2.7025649337971807,0.0,385.6993748725261,64.74874641721748,0.2904493765825175,0.3,0.830764071382904,"{""rand1"": 40, ""pbest"": 14, ""closure"": 15, ""local"": 277, ""consensus"": 14}"
WeldedBeam,4,UCB-Violation,26,400,1.0,1,5,2.72327057022755,0.0,372.3746964168729,27.20615437430162,0.3271221079327851,0.0,0.6109652325598482,"{""rand1"": 12, ""pbest"": 12, ""closure"": 308, ""local"": 17, ""consensus"": 11}"
WeldedBeam,4,UCB-Violation,27,400,1.0,1,12,2.547823825948293,0.0,389.4275699946296,52.28020774239226,0.3265934558693263,0.06,0.7852823329680264,"{""rand1"": 18, ""pbest"": 287, ""closure"": 18, ""local"": 18, ""consensus"": 19}"
WeldedBeam,4,UCB-Violation,28,400,1.0,1,3,2.980058568564525,0.0,415.12865473254766,50.81736692865249,0.1776868679282873,0.0,1.4265314671838871,"{""rand1"": 48, ""pbest"": 46, ""closure"": 47, ""local"": 50, ""consensus"": 169}"
WeldedBeam,4,UCB-Violation,29,400,1.0,1,8,4.442832412778608,0.0,403.6256105854668,47.11753152163529,0.1824821135707744,0.0,1.366263936003932,"{""rand1"": 169, ""pbest"": 35, ""closure"": 33, ""local"": 33, ""consensus"": 90}"
